Bell No,Actual Time,Contest Model,HawkEar Model,RWP Model,Metronomic Model
1,52330,52330,52330,52557.4,52330
2,52600,52540.9,52540.9,52755.5,52524.3
3,52810,52751.7,52751.7,52953.6,52718.7
4,53110,52962.6,52962.6,53151.7,52913
5,53300,53173.5,53173.5,53349.8,53107.4
6,53460,53384.3,53384.3,53547.9,53301.7
7,53740,53595.2,53595.2,53745.9,53496.1
8,53970,53806.1,53806.1,53944,53690.4
9,54140,54017,54017,54142.1,53884.8
10,54380,54227.8,54227.8,54340.2,54079.1
11,54380,54438.7,54438.7,54538.3,54273.5
12,54670,54649.6,54649.6,54736.4,54467.8
1,54960,54860.4,54860.4,54934.5,54662.2
2,55160,55071.3,55071.3,55132.5,54856.5
3,55370,55282.2,55282.2,55330.6,55050.9
4,55630,55493,55493,55528.7,55245.2
5,55840,55703.9,55703.9,55726.8,55439.6
6,56020,55914.8,55914.8,55924.9,55633.9
7,56180,56125.7,56125.7,56123,55828.3
8,56430,56336.5,56336.5,56321.1,56022.6
9,56650,56547.4,56547.4,56519.2,56217
10,56800,56758.3,56758.3,56717.2,56411.3
11,56940,56969.1,56969.1,56915.3,56605.7
12,57180,57180,57180,57113.4,56800
1,57610,57605.9,57604.3,57583.7,57188.7
2,57810,57802,57800.6,57781.8,57383
3,58030,57998.2,57996.8,57979.8,57577.4
4,58190,58194.3,58193,58177.9,57771.7
5,58390,58390.4,58389.2,58376,57966.1
6,58560,58586.5,58585.5,58574.1,58160.4
7,58790,58782.7,58781.7,58772.2,58354.8
8,58950,58978.8,58977.9,58970.3,58549.1
9,59140,59174.9,59174.2,59168.4,58743.5
10,59360,59371.1,59370.4,59366.4,58937.8
11,59490,59567.2,59566.6,59564.5,59132.2
12,59770,59763.3,59762.8,59762.6,59326.5
1,60000,59959.4,59959.1,59960.7,59520.9
2,60200,60155.6,60155.3,60158.8,59715.2
3,60390,60351.7,60351.5,60356.9,59909.6
4,60610,60547.8,60547.7,60555,60103.9
5,60780,60743.9,60744,60753.1,60298.3
6,60960,60940.1,60940.2,60951.1,60492.6
7,61140,61136.2,61136.4,61149.2,60687
8,61300,61332.3,61332.7,61347.3,60881.3
9,61510,61528.4,61528.9,61545.4,61075.7
10,61660,61724.6,61725.1,61743.5,61270
11,61890,61920.7,61921.3,61941.6,61464.4
12,62150,62116.8,62117.6,62139.7,61658.7
1,62550,62524.7,62515.3,62507.2,62047.4
2,62750,62717.6,62708.8,62701.5,62241.7
3,62920,62910.5,62902.3,62895.8,62436.1
4,63120,63103.4,63095.8,63090.1,62630.4
5,63320,63296.3,63289.3,63284.4,62824.8
6,63500,63489.2,63482.7,63478.7,63019.1
7,63680,63682,63676.2,63673,63213.5
8,63810,63874.9,63869.7,63867.3,63407.8
9,64020,64067.8,64063.2,64061.6,63602.2
10,64180,64260.7,64256.7,64255.9,63796.5
11,64400,64453.6,64450.2,64450.2,63990.9
12,64650,64646.4,64643.6,64644.5,64185.2
1,64820,64839.3,64837.1,64838.8,64379.6
2,65040,65032.2,65030.6,65033.1,64573.9
3,65250,65225.1,65224.1,65227.4,64768.3
4,65410,65418,65417.6,65421.7,64962.6
5,65640,65610.8,65611,65616,65157
6,65850,65803.7,65804.5,65810.3,65351.3
7,66010,65996.6,65998,66004.6,65545.7
8,66160,66189.5,66191.5,66198.9,65740
9,66380,66382.4,66385,66393.3,65934.4
10,66560,66575.3,66578.5,66587.6,66128.7
11,66790,66768.1,66771.9,66781.9,66323.1
12,66990,66961,66965.4,66976.2,66517.4
1,67350,67365.4,67358.3,67352,66906.1
2,67560,67557.9,67551.3,67545.6,67100.4
3,67740,67750.4,67744.2,67739.3,67294.8
4,67940,67942.9,67937.2,67932.9,67489.1
5,68150,68135.4,68130.1,68126.5,67683.5
6,68360,68327.9,68323.1,68320.2,67877.8
7,68540,68520.4,68516.1,68513.8,68072.2
8,68690,68712.9,68709,68707.4,68266.5
9,68890,68905.4,68902,68901,68460.9
10,69080,69097.9,69094.9,69094.7,68655.2
11,69300,69290.4,69287.9,69288.3,68849.6
12,69500,69483,69480.8,69481.9,69043.9
1,69690,69675.5,69673.8,69675.6,69238.3
2,69870,69868,69866.8,69869.2,69432.6
3,70050,70060.5,70059.7,70062.8,69627
4,70230,70253,70252.7,70256.5,69821.3
5,70440,70445.5,70445.6,70450.1,70015.7
6,70630,70638,70638.6,70643.7,70210
7,70830,70830.5,70831.5,70837.3,70404.4
8,70980,71023,71024.5,71031,70598.7
9,71220,71215.5,71217.5,71224.6,70793.1
10,71420,71408,71410.4,71418.2,70987.4
11,71590,71600.5,71603.4,71611.9,71181.8
12,71840,71793,71796.3,71805.5,71376.1
1,72230,72208.9,72193.7,72197.6,71764.8
2,72440,72401.4,72386.9,72391.3,71959.1
3,72590,72593.8,72580.1,72585,72153.5
4,72830,72786.2,72773.3,72778.7,72347.8
5,73020,72978.6,72966.5,72972.3,72542.2
6,73190,73171,73159.8,73166,72736.5
7,73390,73363.5,73353,73359.7,72930.9
8,73520,73555.9,73546.2,73553.4,73125.2
9,73730,73748.3,73739.4,73747.1,73319.6
10,73930,73940.7,73932.7,73940.8,73513.9
11,74090,74133.2,74125.9,74134.5,73708.3
12,74310,74325.6,74319.1,74328.2,73902.6
1,74520,74518,74512.3,74521.8,74097
2,74700,74710.4,74705.5,74715.5,74291.3
3,74880,74902.9,74898.8,74909.2,74485.7
4,75110,75095.3,75092,75102.9,74680
5,75300,75287.7,75285.2,75296.6,74874.4
6,75500,75480.1,75478.4,75490.3,75068.7
7,75680,75672.6,75671.6,75684,75263.1
8,75830,75865,75864.9,75877.7,75457.4
9,76060,76057.4,76058.1,76071.3,75651.8
10,76250,76249.8,76251.3,76265,75846.1
11,76430,76442.3,76444.5,76458.7,76040.4
12,76670,76634.7,76637.8,76652.4,76234.8
1,77060,77044.3,77033.4,77036.4,76623.5
2,77290,77237.4,77226.9,77230.2,76817.8
3,77440,77430.5,77420.4,77424,77012.2
4,77600,77623.6,77613.8,77617.8,77206.5
5,77800,77816.7,77807.3,77811.6,77400.9
6,78000,78009.7,78000.8,78005.4,77595.2
7,78210,78202.8,78194.2,78199.2,77789.6
8,78380,78395.9,78387.7,78393,77983.9
9,78570,78589,78581.2,78586.7,78178.3
10,78760,78782.1,78774.7,78780.5,78372.6
11,78960,78975.2,78968.1,78974.3,78567
12,79170,79168.2,79161.6,79168.1,78761.3
1,79380,79361.3,79355.1,79361.9,78955.7
2,79560,79554.4,79548.6,79555.7,79150
3,79760,79747.5,79742,79749.5,79344.4
4,79910,79940.6,79935.5,79943.3,79538.7
5,80140,80133.6,80129,80137,79733.1
6,80310,80326.7,80322.4,80330.8,79927.4
7,80500,80519.8,80515.9,80524.6,80121.8
8,80730,80712.9,80709.4,80718.4,80316.1
9,80930,80906,80902.9,80912.2,80510.5
10,81100,81099.1,81096.3,81106,80704.8
11,81280,81292.1,81289.8,81299.8,80899.1
12,81520,81485.2,81483.3,81493.6,81093.5
1,81900,81891.8,81880.7,81884.8,81482.2
2,82120,82085.3,82074.4,82078.9,81676.5
3,82250,82278.8,82268.2,82272.9,81870.9
4,82480,82472.3,82461.9,82466.9,82065.2
5,82670,82665.7,82655.7,82661,82259.6
6,82830,82859.2,82849.5,82855,82453.9
7,83020,83052.7,83043.2,83049,82648.3
8,83260,83246.2,83237,83243.1,82842.6
9,83430,83439.7,83430.8,83437.1,83037
10,83660,83633.1,83624.5,83631.2,83231.3
11,83830,83826.6,83818.3,83825.2,83425.7
12,84020,84020.1,84012.1,84019.2,83620
1,84240,84213.6,84205.8,84213.3,83814.4
2,84390,84407,84399.6,84407.3,84008.7
3,84550,84600.5,84593.4,84601.3,84203.1
4,84790,84794,84787.1,84795.4,84397.4
5,84980,84987.5,84980.9,84989.4,84591.8
6,85170,85181,85174.7,85183.5,84786.1
7,85340,85374.4,85368.4,85377.5,84980.5
8,85600,85567.9,85562.2,85571.5,85174.8
9,85790,85761.4,85756,85765.6,85369.2
10,85950,85954.9,85949.7,85959.6,85563.5
11,86160,86148.4,86143.5,86153.6,85757.8
12,86360,86341.8,86337.3,86347.7,85952.2
1,86770,86746.9,86732.4,86739.6,86340.9
2,86980,86940.2,86926.4,86933.5,86535.2
3,87130,87133.4,87120.3,87127.3,86729.6
4,87310,87326.7,87314.3,87321.1,86923.9
5,87510,87519.9,87508.3,87515,87118.3
6,87710,87713.2,87702.2,87708.8,87312.6
7,87870,87906.5,87896.2,87902.6,87507
8,88130,88099.7,88090.1,88096.5,87701.3
9,88290,88293,88284.1,88290.3,87895.7
10,88450,88486.2,88478.1,88484.2,88090
11,88660,88679.5,88672,88678,88284.4
12,88880,88872.7,88866,88871.8,88478.7
1,89080,89066,89059.9,89065.7,88673.1
2,89260,89259.2,89253.9,89259.5,88867.4
3,89430,89452.5,89447.9,89453.3,89061.8
4,89620,89645.8,89641.8,89647.2,89256.1
5,89830,89839,89835.8,89841,89450.5
6,90040,90032.3,90029.7,90034.9,89644.8
7,90220,90225.5,90223.7,90228.7,89839.2
8,90450,90418.8,90417.7,90422.5,90033.5
9,90620,90612,90611.6,90616.4,90227.8
10,90770,90805.3,90805.6,90810.2,90422.2
11,91010,90998.6,90999.5,91004,90616.5
12,91230,91191.8,91193.5,91197.9,90810.9
1,91630,91601,91579.9,91586.7,91199.6
2,91830,91792.9,91773.8,91780,91393.9
3,92000,91984.9,91967.6,91973.4,91588.3
4,92160,92176.9,92161.4,92166.7,91782.6
5,92390,92368.9,92355.3,92360,91977
6,92550,92560.9,92549.1,92553.4,92171.3
7,92770,92752.9,92743,92746.7,92365.7
8,92950,92944.9,92936.8,92940,92560
9,93130,93136.9,93130.6,93133.3,92754.4
10,93320,93328.9,93324.5,93326.7,92948.7
11,93520,93520.8,93518.3,93520,93143.1
12,93730,93712.8,93712.1,93713.3,93337.4
1,93910,93904.8,93906,93906.7,93531.8
2,94080,94096.8,94099.8,94100,93726.1
3,94260,94288.8,94293.6,94293.3,93920.5
4,94460,94480.8,94487.5,94486.7,94114.8
5,94650,94672.8,94681.3,94680,94309.2
6,94830,94864.8,94875.1,94873.3,94503.5
7,95040,95056.8,95069,95066.6,94697.9
8,95260,95248.7,95262.8,95260,94892.2
9,95430,95440.7,95456.6,95453.3,95086.5
10,95620,95632.7,95650.5,95646.6,95280.9
11,95840,95824.7,95844.3,95840,95475.2
12,96080,96016.7,96038.1,96033.3,95669.6
1,96460,96428,96416.6,96417.8,96058.3
2,96660,96620,96610.1,96610.8,96252.6
3,96830,96812,96803.7,96803.8,96447
4,97010,97004.1,96997.2,96996.8,96641.3
5,97210,97196.1,97190.7,97189.7,96835.7
6,97380,97388.1,97384.2,97382.7,97030
7,97540,97580.1,97577.7,97575.7,97224.4
8,97770,97772.1,97771.2,97768.7,97418.7
9,97930,97964.1,97964.7,97961.7,97613.1
10,98120,98156.1,98158.3,98154.6,97807.4
11,98330,98348.2,98351.8,98347.6,98001.8
12,98530,98540.2,98545.3,98540.6,98196.1
1,98740,98732.2,98738.8,98733.6,98390.5
2,98930,98924.2,98932.3,98926.6,98584.8
3,99130,99116.2,99125.8,99119.5,98779.2
4,99330,99308.2,99319.4,99312.5,98973.5
5,99500,99500.2,99512.9,99505.5,99167.9
6,99710,99692.3,99706.4,99698.5,99362.2
7,99910,99884.3,99899.9,99891.4,99556.6
8,100040,100076,100093,100084,99750.9
9,100230,100268,100287,100277,99945.2
10,100440,100460,100480,100470,100140
11,100660,100652,100674,100663,100334
12,100900,100844,100867,100856,100528
1,101240,101252,101245,101239,100917
2,101440,101445,101438,101432,101111
3,101630,101637,101631,101626,101306
4,101840,101829,101824,101819,101500
5,102030,102021,102018,102012,101694
6,102240,102213,102211,102205,101889
7,102430,102405,102404,102398,102083
8,102600,102597,102597,102592,102277
9,102770,102789,102790,102785,102472
10,102950,102981,102984,102978,102666
11,103150,103173,103177,103171,102860
12,103370,103365,103370,103364,103055
1,103600,103557,103563,103557,103249
2,103750,103749,103757,103751,103444
3,103920,103941,103950,103944,103638
4,104100,104133,104143,104137,103832
5,104320,104325,104336,104330,104027
6,104540,104517,104529,104523,104221
7,104710,104709,104723,104716,104415
8,104860,104902,104916,104910,104610
9,105090,105094,105109,105103,104804
10,105280,105286,105302,105296,104998
11,105480,105478,105495,105489,105193
12,105720,105670,105689,105682,105387
1,106130,106084,106075,106072,105776
2,106320,106276,106268,106265,105970
3,106500,106468,106462,106459,106164
4,106660,106661,106655,106652,106359
5,106850,106853,106848,106846,106553
6,107030,107046,107041,107040,106747
7,107230,107238,107234,107233,106942
8,107380,107431,107428,107427,107136
9,107610,107623,107621,107620,107330
10,107800,107815,107814,107814,107525
11,107980,108008,108007,108008,107719
12,108200,108200,108200,108201,107914
1,108390,108393,108393,108395,108108
2,108580,108585,108587,108588,108302
3,108760,108778,108780,108782,108497
4,109000,108970,108973,108975,108691
5,109170,109162,109166,109169,108885
6,109380,109355,109359,109363,109080
7,109540,109547,109553,109556,109274
8,109720,109740,109746,109750,109468
9,109940,109932,109939,109943,109663
10,110120,110125,110132,110137,109857
11,110310,110317,110325,110331,110051
12,110550,110510,110518,110524,110246
1,110940,110926,110912,110906,110634
2,111130,111119,111106,111101,110829
3,111320,111311,111299,111295,111023
4,111510,111504,111492,111490,111217
5,111720,111696,111686,111684,111412
6,111900,111889,111879,111878,111606
7,112090,112081,112072,112073,111800
8,112290,112274,112266,112267,111995
9,112460,112466,112459,112462,112189
10,112680,112659,112652,112656,112384
11,112840,112851,112846,112850,112578
12,113010,113044,113039,113045,112772
1,113220,113236,113232,113239,112967
2,113430,113429,113426,113434,113161
3,113640,113621,113619,113628,113355
4,113770,113814,113812,113822,113550
5,114000,114006,114006,114017,113744
6,114210,114199,114199,114211,113938
7,114390,114391,114392,114406,114133
8,114580,114584,114586,114600,114327
9,114780,114776,114779,114795,114521
10,114970,114969,114972,114989,114716
11,115150,115161,115166,115183,114910
12,115380,115353,115359,115378,115104
2,115800,115783,115771,115781,115493
1,116000,115977,115965,115976,115687
3,116170,116171,116159,116171,115882
5,116400,116365,116353,116365,116076
4,116620,116559,116547,116560,116270
7,116760,116754,116741,116755,116465
6,116930,116948,116935,116949,116659
9,117140,117142,117129,117144,116854
8,117340,117336,117323,117339,117048
11,117530,117530,117517,117533,117242
10,117730,117724,117711,117728,117437
12,117900,117918,117905,117923,117631
2,118090,118112,118099,118117,117825
3,118310,118306,118293,118312,118020
1,118510,118500,118487,118507,118214
4,118700,118694,118681,118701,118408
5,118910,118889,118875,118896,118603
6,119070,119083,119069,119091,118797
7,119280,119277,119263,119285,118991
8,119470,119471,119457,119480,119186
9,119660,119665,119651,119675,119380
10,119870,119859,119845,119869,119574
11,120030,120053,120039,120064,119769
12,120260,120247,120233,120259,119963
3,120690,120661,120633,120648,120352
2,120870,120853,120827,120842,120546
4,121100,121046,121022,121036,120740
1,121250,121239,121216,121230,120935
6,121440,121432,121410,121424,121129
5,121590,121624,121604,121617,121324
8,121810,121817,121799,121811,121518
7,122000,122010,121993,122005,121712
10,122190,122202,122187,122199,121907
9,122390,122395,122382,122393,122101
11,122550,122588,122576,122586,122295
12,122740,122781,122770,122780,122490
3,122970,122973,122964,122974,122684
4,123140,123166,123159,123168,122878
2,123370,123359,123353,123362,123073
6,123530,123551,123547,123555,123267
1,123780,123744,123742,123749,123461
8,123940,123937,123936,123943,123656
5,124160,124130,124130,124137,123850
10,124320,124322,124324,124331,124044
7,124510,124515,124519,124524,124239
11,124710,124708,124713,124718,124433
9,124900,124900,124907,124912,124627
12,125100,125093,125102,125106,124822
4,125520,125504,125484,125486,125210
3,125700,125696,125678,125680,125405
6,125880,125888,125872,125874,125599
2,126080,126081,126066,126067,125794
8,126310,126273,126260,126261,125988
1,126430,126465,126454,126454,126182
10,126650,126657,126648,126648,126377
5,126910,126849,126842,126841,126571
11,127010,127041,127036,127035,126765
7,127240,127233,127230,127228,126960
9,127420,127425,127424,127422,127154
12,127610,127617,127618,127615,127348
4,127750,127809,127812,127809,127543
6,127960,128001,128006,128002,127737
3,128170,128193,128200,128196,127931
8,128390,128385,128394,128389,128126
2,128580,128577,128588,128583,128320
10,128790,128769,128782,128776,128514
1,128940,128961,128976,128970,128709
11,129150,129154,129170,129164,128903
5,129390,129346,129364,129357,129097
9,129550,129538,129558,129551,129292
7,129700,129730,129752,129744,129486
12,129960,129922,129946,129938,129680
6,130370,130339,130329,130327,130069
4,130530,130532,130523,130521,130264
8,130790,130724,130717,130715,130458
3,130900,130917,130911,130909,130652
10,131090,131110,131104,131102,130847
2,131250,131302,131298,131296,131041
11,131480,131495,131492,131490,131235
1,131680,131688,131686,131684,131430
9,131850,131880,131880,131877,131624
5,132090,132073,132074,132071,131818
7,132250,132266,132268,132265,132013
12,132430,132459,132461,132459,132207
6,132640,132651,132655,132652,132401
8,132900,132844,132849,132846,132596
4,133060,133037,133043,133040,132790
10,133270,133229,133237,133234,132984
3,133440,133422,133431,133427,133179
11,133610,133615,133624,133621,133373
2,133790,133808,133818,133815,133567
9,133980,134000,134012,134009,133762
1,134210,134193,134206,134202,133956
7,134320,134386,134400,134396,134150
5,134610,134578,134594,134590,134345
12,134790,134771,134788,134784,134539
8,135230,135186,135174,135172,134928
6,135400,135378,135367,135365,135122
10,135580,135571,135561,135559,135317
4,135820,135764,135755,135753,135511
11,135930,135957,135949,135947,135705
3,136130,136149,136142,136141,135900
9,136320,136342,136336,136335,136094
2,136510,136535,136530,136529,136288
7,136690,136727,136724,136723,136483
1,136920,136920,136917,136917,136677
5,137110,137113,137111,137111,136871
12,137290,137305,137305,137305,137066
8,137460,137498,137499,137499,137260
10,137700,137691,137693,137693,137454
6,137850,137883,137886,137886,137649
11,138090,138076,138080,138080,137843
4,138260,138269,138274,138274,138037
9,138480,138461,138468,138468,138232
3,138670,138654,138661,138662,138426
7,138810,138847,138855,138856,138620
2,139040,139040,139049,139050,138815
5,139270,139232,139243,139244,139009
1,139460,139425,139436,139438,139204
12,139620,139618,139630,139632,139398
10,140050,140030,140021,140022,139787
8,140260,140223,140215,140216,139981
11,140380,140417,140409,140410,140175
6,140600,140610,140603,140604,140370
9,140810,140804,140797,140798,140564
4,141010,140997,140991,140992,140758
7,141180,141191,141185,141186,140953
3,141380,141384,141378,141380,141147
5,141550,141577,141572,141574,141341
2,141750,141771,141766,141768,141536
1,141940,141964,141960,141962,141730
12,142120,142158,142154,142156,141924
10,142370,142351,142348,142350,142119
11,142530,142545,142542,142544,142313
8,142740,142738,142735,142738,142507
9,142920,142931,142929,142932,142702
6,143110,143125,143123,143126,142896
7,143330,143318,143317,143320,143090
4,143540,143512,143511,143515,143285
5,143730,143705,143705,143709,143479
3,143900,143899,143899,143903,143674
1,144100,144092,144093,144097,143868
2,144310,144285,144286,144291,144062
12,144470,144479,144480,144485,144257
11,144870,144887,144872,144878,144645
10,145060,145080,145066,145071,144840
9,145270,145273,145260,145265,145034
8,145520,145466,145453,145459,145228
7,145650,145659,145647,145652,145423
6,145880,145852,145841,145846,145617
5,146060,146045,146035,146040,145811
4,146260,146238,146229,146233,146006
1,146420,146431,146423,146427,146200
3,146600,146624,146617,146621,146394
2,146790,146817,146811,146814,146589
12,146960,147010,147005,147008,146783
11,147170,147203,147199,147202,146977
9,147370,147396,147393,147396,147172
10,147580,147589,147587,147589,147366
7,147750,147782,147781,147783,147560
8,147990,147975,147975,147977,147755
5,148160,148168,148169,148170,147949
6,148400,148361,148363,148364,148144
1,148590,148555,148557,148558,148338
4,148740,148748,148751,148751,148532
2,148930,148941,148945,148945,148727
3,149180,149134,149139,149139,148921
12,149320,149327,149332,149332,149115
9,149680,149722,149715,149712,149504
11,149880,149915,149908,149905,149698
7,150110,150109,150102,150099,149893
10,150300,150302,150296,150293,150087
5,150460,150495,150490,150486,150281
8,150670,150688,150684,150680,150476
1,150850,150881,150877,150874,150670
6,151100,151075,151071,151067,150864
2,151290,151268,151265,151261,151059
4,151510,151461,151459,151455,151253
3,151650,151654,151653,151648,151447
12,151820,151847,151847,151842,151642
9,152020,152041,152040,152036,151836
7,152180,152234,152234,152229,152030
11,152400,152427,152428,152423,152225
5,152630,152620,152622,152617,152419
10,152820,152814,152816,152810,152614
1,152990,153007,153009,153004,152808
8,153190,153200,153203,153198,153002
2,153400,153393,153397,153391,153197
6,153610,153586,153591,153585,153391
3,153780,153780,153785,153779,153585
4,154000,153973,153979,153972,153780
12,154190,154166,154172,154166,153974
7,154570,154567,154561,154555,154363
9,154740,154760,154755,154749,154557
5,154950,154954,154949,154943,154751
11,155150,155148,155142,155138,154946
1,155320,155341,155336,155332,155140
10,155530,155535,155530,155527,155334
2,155750,155728,155724,155721,155529
8,155940,155922,155918,155916,155723
3,156090,156115,156112,156110,155917
6,156280,156309,156306,156304,156112
4,156510,156502,156499,156499,156306
12,156670,156696,156693,156693,156500
7,156860,156890,156887,156888,156695
5,157070,157083,157081,157082,156889
9,157290,157277,157275,157276,157084
1,157470,157470,157469,157471,157278
11,157650,157664,157663,157665,157472
2,157890,157857,157856,157860,157667
10,158040,158051,158050,158054,157861
3,158240,158245,158244,158249,158055
8,158440,158438,158438,158443,158250
4,158650,158632,158632,158637,158444
6,158830,158825,158826,158832,158638
12,159040,159019,159020,159026,158833
5,159440,159429,159420,159429,159221
7,159640,159623,159614,159623,159416
1,159850,159817,159808,159818,159610
9,160020,160011,160002,160012,159804
2,160230,160205,160196,160206,159999
11,160410,160399,160391,160400,160193
3,160580,160593,160585,160594,160387
10,160740,160787,160779,160788,160582
4,160970,160981,160973,160982,160776
8,161180,161176,161167,161176,160971
6,161330,161370,161362,161370,161165
12,161540,161564,161556,161565,161359
5,161710,161758,161750,161759,161554
1,161970,161952,161944,161953,161748
7,162160,162146,162138,162147,161942
2,162380,162340,162333,162341,162137
9,162550,162534,162527,162535,162331
3,162720,162728,162721,162729,162525
11,162930,162922,162915,162923,162720
4,163130,163116,163109,163118,162914
10,163280,163310,163304,163312,163108
6,163470,163504,163498,163506,163303
8,163740,163698,163692,163700,163497
12,163910,163893,163886,163894,163691
1,164300,164285,164270,164272,164080
5,164430,164477,164464,164466,164274
7,164670,164670,164658,164659,164469
9,164880,164863,164852,164853,164663
2,165060,165056,165046,165047,164857
11,165220,165249,165240,165240,165052
3,165410,165442,165434,165434,165246
10,165630,165635,165628,165627,165441
4,165750,165827,165822,165821,165635
8,166030,166020,166016,166014,165829
6,166220,166213,166210,166208,166024
12,166380,166406,166404,166402,166218
1,166620,166599,166598,166595,166412
7,166790,166792,166792,166789,166607
5,167010,166984,166986,166982,166801
2,167190,167177,167180,167176,166995
9,167390,167370,167375,167369,167190
3,167580,167563,167569,167563,167384
11,167740,167756,167763,167757,167578
4,167970,167949,167957,167950,167773
10,168110,168142,168151,168144,167967
6,168320,168334,168345,168337,168161
8,168500,168527,168539,168531,168356
12,168760,168720,168733,168724,168550
7,169120,169123,169116,169114,168939
1,169330,169316,169310,169308,169133
5,169500,169509,169503,169502,169327
9,169750,169702,169697,169695,169522
2,169910,169895,169891,169889,169716
11,170100,170088,170085,170083,169911
3,170210,170281,170279,170277,170105
10,170460,170474,170473,170470,170299
4,170680,170667,170667,170664,170494
8,170840,170860,170860,170858,170688
6,171030,171053,171054,171051,170882
12,171220,171246,171248,171245,171077
7,171390,171439,171442,171439,171271
5,171620,171632,171636,171633,171465
1,171870,171825,171830,171826,171660
2,172060,172018,172024,172020,171854
9,172250,172211,172218,172214,172048
3,172400,172404,172411,172408,172243
11,172600,172597,172605,172601,172437
4,172830,172790,172799,172795,172631
10,172970,172983,172993,172989,172826
6,173150,173176,173187,173183,173020
8,173340,173369,173381,173376,173214
12,173580,173562,173575,173570,173409
5,174000,173966,173960,173954,173797
7,174150,174159,174154,174148,173992
2,174370,174352,174347,174342,174186
1,174540,174546,174541,174536,174381
3,174730,174739,174735,174730,174575
9,174930,174932,174929,174925,174769
4,175140,175125,175123,175119,174964
11,175330,175318,175316,175313,175158
6,175510,175511,175510,175507,175352
10,175660,175704,175704,175702,175547
8,175830,175897,175898,175896,175741
12,176040,176090,176091,176090,175935
5,176270,176283,176285,176284,176130
2,176490,176477,176479,176478,176324
7,176730,176670,176673,176673,176518
3,176900,176863,176867,176867,176713
1,177080,177056,177060,177061,176907
4,177270,177249,177254,177255,177101
9,177450,177442,177448,177450,177296
6,177620,177635,177642,177644,177490
11,177840,177828,177835,177838,177684
8,178000,178021,178029,178032,177879
10,178200,178215,178223,178226,178073
12,178410,178408,178417,178421,178267
2,178830,178816,178815,178815,178656
5,179020,179010,179010,179009,178851
3,179210,179205,179204,179204,179045
7,179400,179400,179398,179399,179239
4,179580,179594,179592,179594,179434
1,179810,179789,179786,179789,179628
6,179990,179984,179980,179983,179822
9,180130,180178,180174,180178,180017
8,180350,180373,180368,180373,180211
11,180560,180568,180563,180568,180405
10,180740,180762,180757,180763,180600
12,180940,180957,180951,180958,180794
2,181140,181152,181145,181152,180988
3,181360,181346,181339,181347,181183
5,181560,181541,181533,181542,181377
4,181760,181736,181727,181737,181571
7,181960,181930,181921,181932,181766
6,182140,182125,182115,182127,181960
1,182360,182320,182310,182321,182154
8,182510,182515,182504,182516,182349
9,182700,182709,182698,182711,182543
10,182900,182904,182892,182906,182737
11,183060,183099,183086,183101,182932
12,183310,183293,183280,183295,183126
3,183700,183693,183683,183686,183515
2,183880,183888,183877,183882,183709
4,184120,184083,184072,184077,183904
5,184280,184277,184267,184272,184098
6,184440,184472,184461,184467,184292
7,184660,184666,184656,184662,184487
8,184870,184861,184850,184857,184681
1,185020,185055,185045,185052,184875
10,185260,185250,185239,185247,185070
9,185470,185445,185434,185442,185264
11,185610,185639,185628,185637,185458
12,185820,185834,185823,185832,185653
3,186040,186028,186017,186028,185847
4,186240,186223,186212,186223,186041
2,186390,186418,186407,186418,186236
6,186570,186612,186601,186613,186430
5,186810,186807,186796,186808,186624
8,187000,187001,186990,187003,186819
7,187190,187196,187185,187198,187013
10,187410,187391,187379,187393,187207
1,187570,187585,187574,187588,187402
11,187780,187780,187768,187783,187596
9,187970,187974,187963,187978,187791
12,188220,188169,188157,188174,187985
4,188640,188576,188560,188567,188374
3,188820,188770,188755,188762,188568
6,188990,188965,188950,188957,188762
2,189140,189159,189145,189152,188957
8,189340,189353,189339,189347,189151
5,189540,189547,189534,189543,189345
10,189700,189742,189729,189738,189540
7,189960,189936,189924,189933,189734
11,190110,190130,190119,190128,189928
1,190310,190324,190314,190323,190123
9,190470,190518,190509,190518,190317
12,190680,190713,190704,190714,190511
4,190930,190907,190898,190909,190706
6,191110,191101,191093,191104,190900
3,191330,191295,191288,191299,191094
8,191480,191490,191483,191494,191289
2,191660,191684,191678,191690,191483
10,191860,191878,191873,191885,191677
5,192090,192072,192068,192080,191872
11,192260,192266,192263,192275,192066
7,192470,192461,192457,192470,192261
9,192680,192655,192652,192665,192455
1,192860,192849,192847,192861,192649
12,193040,193043,193042,193056,192844
6,193490,193450,193440,193447,193232
4,193700,193644,193636,193642,193427
8,193860,193839,193831,193837,193621
3,194010,194034,194026,194032,193815
10,194210,194229,194221,194227,194010
2,194400,194424,194416,194422,194204
11,194610,194619,194611,194618,194398
5,194840,194813,194806,194813,194593
9,194980,195008,195001,195008,194787
7,195180,195203,195196,195203,194981
1,195420,195398,195392,195398,195176
12,195570,195593,195587,195593,195370
6,195730,195787,195782,195788,195564
8,195990,195982,195977,195983,195759
4,196160,196177,196172,196178,195953
10,196350,196372,196367,196373,196147
3,196530,196567,196562,196568,196342
11,196780,196762,196757,196763,196536
2,196980,196956,196952,196958,196731
9,197150,197151,197148,197153,196925
5,197350,197346,197343,197349,197119
1,197560,197541,197538,197544,197314
7,197770,197736,197733,197739,197508
12,197950,197931,197928,197934,197702
8,198390,198327,198321,198325,198091
6,198530,198522,198516,198520,198285
10,198670,198717,198711,198715,198480
4,198940,198912,198906,198910,198674
11,199100,199107,199101,199105,198868
3,199280,199302,199297,199300,199063
9,199470,199497,199492,199495,199257
2,199640,199692,199687,199690,199451
1,199870,199887,199882,199885,199646
5,200070,200082,200077,200079,199840
7,200280,200277,200273,200274,200034
12,200460,200472,200468,200469,200229
8,200640,200666,200663,200664,200423
10,200870,200861,200858,200859,200617
6,201010,201056,201053,201054,200812
11,201250,201251,201249,201249,201006
4,201480,201446,201444,201444,201201
9,201670,201641,201639,201639,201395
3,201840,201836,201834,201833,201589
1,202030,202031,202029,202028,201784
2,202210,202226,202224,202223,201978
7,202410,202421,202420,202418,202172
5,202650,202616,202615,202613,202367
12,202840,202811,202810,202808,202561
10,203220,203201,203196,203202,202950
8,203340,203396,203391,203396,203144
11,203600,203591,203587,203591,203338
6,203740,203785,203782,203785,203533
9,203970,203980,203977,203979,203727
4,204140,204175,204172,204174,203921
1,204370,204369,204367,204368,204116
3,204580,204564,204562,204562,204310
7,204810,204759,204757,204757,204504
2,204980,204953,204952,204951,204699
5,205170,205148,205147,205145,204893
12,205310,205343,205342,205340,205087
10,205520,205538,205537,205534,205282
11,205710,205732,205733,205728,205476
8,205880,205927,205928,205922,205671
9,206120,206122,206123,206117,205865
6,206270,206316,206318,206311,206059
1,206530,206511,206513,206505,206254
4,206710,206706,206708,206700,206448
7,206900,206900,206903,206894,206642
3,207110,207095,207098,207088,206837
5,207300,207290,207293,207283,207031
2,207490,207484,207488,207477,207225
12,207710,207679,207684,207671,207420
11,208030,208058,208058,208059,207808
10,208220,208252,208252,208253,208003
9,208430,208446,208447,208446,208197
8,208620,208640,208642,208640,208391
1,208830,208834,208836,208833,208586
6,209050,209028,209031,209027,208780
7,209230,209223,209226,209220,208974
4,209430,209417,209420,209414,209169
5,209600,209611,209615,209607,209363
3,209770,209805,209810,209800,209557
2,209950,209999,210004,209994,209752
12,210170,210193,210199,210187,209946
11,210330,210387,210394,210381,210141
9,210590,210582,210588,210574,210335
10,210750,210776,210783,210768,210529
1,210940,210970,210978,210961,210724
8,211170,211164,211172,211155,210918
7,211360,211358,211367,211348,211112
6,211560,211552,211562,211542,211307
5,211790,211747,211756,211735,211501
4,212010,211941,211951,211929,211695
2,212150,212135,212146,212122,211890
3,212340,212329,212340,212316,212084
12,212500,212523,212535,212509,212278
9,212890,212905,212899,212893,212667
11,213110,213097,213093,213086,212861
1,213300,213289,213287,213279,213056
10,213500,213482,213481,213472,213250
7,213650,213674,213674,213665,213444
8,213890,213866,213868,213858,213639
5,214040,214058,214062,214051,213833
6,214230,214250,214256,214244,214027
2,214410,214443,214450,214437,214222
4,214640,214635,214644,214630,214416
3,214810,214827,214838,214823,214611
12,214980,215019,215032,215016,214805
9,215230,215211,215226,215209,214999
1,215380,215404,215420,215402,215194
11,215580,215596,215614,215594,215388
7,215790,215788,215807,215787,215582
10,215980,215980,216001,215980,215777
5,216170,216172,216195,216173,215971
8,216380,216365,216389,216366,216165
2,216560,216557,216583,216559,216360
6,216720,216749,216777,216752,216554
3,216960,216941,216971,216945,216748
4,217140,217133,217165,217138,216943
12,217350,217326,217359,217331,217137
1,217670,217713,217726,217713,217526
9,217880,217907,217919,217906,217720
11,218090,218100,218112,218100,217914
10,218290,218293,218306,218293,218109
7,218500,218487,218499,218486,218303
8,218690,218680,218692,218679,218497
5,218860,218873,218886,218872,218692
6,219110,219066,219079,219065,218886
2,219270,219260,219273,219258,219081
4,219480,219453,219466,219451,219275
3,219640,219646,219659,219644,219469
12,219810,219840,219853,219838,219664
1,220010,220033,220046,220031,219858
11,220200,220226,220239,220224,220052
9,220410,220419,220433,220417,220247
7,220590,220613,220626,220610,220441
10,220810,220806,220819,220803,220635
5,220990,220999,221013,220996,220830
8,221210,221193,221206,221189,221024
2,221410,221386,221399,221383,221218
6,221580,221579,221593,221576,221413
3,221780,221772,221786,221769,221607
4,221950,221966,221979,221962,221801
12,222190,222159,222173,222155,221996
11,222550,222549,222553,222545,222384
1,222740,222743,222746,222739,222579
9,222900,222936,222939,222932,222773
10,223150,223129,223133,223126,222967
7,223350,223322,223326,223319,223162
8,223560,223515,223519,223513,223356
5,223680,223708,223712,223706,223551
6,223910,223901,223905,223899,223745
2,224100,224094,224098,224093,223939
4,224270,224287,224291,224286,224134
3,224450,224480,224485,224480,224328
12,224640,224674,224678,224673,224522
11,224850,224867,224871,224867,224717
9,225080,225060,225064,225060,224911
1,225260,225253,225257,225254,225105
7,225460,225446,225450,225447,225300
10,225630,225639,225644,225641,225494
5,225840,225832,225837,225834,225688
8,226040,226025,226030,226027,225883
2,226240,226218,226223,226221,226077
6,226400,226412,226416,226414,226271
3,226600,226605,226609,226608,226466
4,226780,226798,226803,226801,226660
12,227000,226991,226996,226995,226854
9,227370,227382,227385,227381,227243
11,227580,227576,227578,227574,227437
7,227770,227769,227771,227768,227632
1,228010,227963,227964,227962,227826
5,228200,228157,228158,228155,228021
10,228300,228350,228351,228349,228215
2,228560,228544,228544,228543,228409
8,228770,228737,228737,228737,228604
3,228910,228931,228931,228930,228798
6,229090,229124,229124,229124,228992
4,229260,229318,229317,229318,229187
12,229460,229512,229510,229511,229381
9,229710,229705,229704,229705,229575
7,229880,229899,229897,229899,229770
11,230080,230092,230090,230093,229964
5,230320,230286,230283,230286,230158
1,230510,230480,230477,230480,230353
2,230720,230673,230670,230674,230547
10,230860,230867,230863,230868,230741
3,231060,231060,231056,231061,230936
8,231240,231254,231250,231255,231130
4,231480,231448,231443,231449,231324
6,231620,231641,231636,231642,231519
12,231840,231835,231829,231836,231713
7,232260,232230,232226,232226,232102
9,232450,232423,232419,232420,232296
5,232630,232617,232613,232614,232491
11,232790,232811,232806,232808,232685
2,233020,233004,233000,233002,232879
1,233220,233198,233193,233196,233074
3,233390,233392,233387,233390,233268
10,233550,233585,233580,233585,233462
4,233830,233779,233774,233779,233657
8,233910,233973,233967,233973,233851
6,234120,234166,234161,234167,234045
12,234330,234360,234354,234361,234240
7,234530,234554,234548,234555,234434
5,234750,234747,234741,234749,234628
9,234960,234941,234935,234943,234823
2,235130,235135,235128,235137,235017
11,235340,235328,235322,235331,235211
3,235570,235522,235515,235525,235406
1,235750,235716,235709,235719,235600
4,235950,235909,235902,235914,235794
10,236080,236103,236096,236108,235989
6,236280,236297,236289,236302,236183
8,236470,236490,236483,236496,236378
12,236680,236684,236677,236690,236572
5,237120,237082,237076,237083,236961
7,237290,237276,237270,237277,237155
2,237460,237470,237464,237471,237349
9,237660,237664,237658,237665,237544
3,237860,237858,237852,237859,237738
11,238060,238052,238045,238053,237932
4,238250,238246,238239,238247,238127
1,238440,238440,238433,238441,238321
6,238680,238634,238627,238635,238515
10,238790,238828,238821,238829,238710
8,239020,239022,239015,239023,238904
12,239170,239216,239209,239218,239098
5,239390,239410,239403,239412,239293
2,239570,239604,239596,239606,239487
7,239850,239798,239790,239800,239681
3,240030,239992,239984,239994,239876
9,240200,240186,240178,240188,240070
4,240390,240380,240372,240382,240264
11,240550,240574,240566,240576,240459
6,240750,240768,240760,240770,240653
1,240970,240962,240953,240964,240848
8,241150,241156,241147,241158,241042
10,241330,241350,241341,241352,241236
12,241570,241544,241535,241546,241431
2,241930,241930,241928,241924,241819
5,242120,242124,242122,242119,242014
3,242320,242319,242316,242314,242208
7,242510,242513,242510,242508,242402
4,242690,242707,242705,242703,242597
9,242920,242902,242899,242898,242791
6,243100,243096,243093,243092,242985
11,243260,243290,243287,243287,243180
8,243460,243485,243481,243482,243374
1,243640,243679,243675,243676,243568
10,243860,243874,243869,243871,243763
12,244050,244068,244063,244066,243957
2,244260,244262,244257,244260,244151
3,244440,244457,244451,244455,244346
5,244650,244651,244645,244650,244540
4,244890,244846,244839,244844,244734
7,245070,245040,245033,245039,244929
6,245240,245234,245227,245234,245123
9,245440,245429,245421,245428,245318
8,245610,245623,245615,245623,245512
11,245800,245817,245809,245818,245706
10,246040,246012,246003,246012,245901
1,246220,246206,246198,246207,246095
12,246390,246401,246392,246402,246289
3,246830,246804,246799,246802,246678
2,247000,246999,246993,246998,246872
4,247240,247194,247188,247193,247067
5,247400,247389,247382,247389,247261
6,247590,247584,247577,247584,247455
7,247790,247779,247772,247779,247650
8,247990,247974,247966,247975,247844
9,248170,248169,248161,248170,248038
10,248370,248364,248355,248366,248233
11,248540,248559,248550,248561,248427
1,248730,248754,248745,248757,248621
12,248930,248949,248939,248952,248816
3,249160,249144,249134,249148,249010
4,249350,249339,249328,249343,249204
2,249510,249534,249523,249539,249399
6,249740,249729,249717,249734,249593
5,249950,249924,249912,249930,249788
8,250100,250119,250107,250125,249982
7,250300,250314,250301,250321,250176
10,250530,250509,250496,250516,250371
9,250710,250704,250690,250711,250565
1,250890,250899,250885,250907,250759
11,251090,251094,251079,251102,250954
12,251290,251289,251274,251298,251148
4,251710,251686,251682,251686,251537
3,251900,251881,251877,251881,251731
6,252070,252077,252072,252077,251925
2,252290,252273,252267,252273,252120
8,252480,252469,252462,252469,252314
5,252650,252665,252657,252665,252508
10,252820,252860,252852,252861,252703
7,253090,253056,253048,253057,252897
1,253280,253252,253243,253252,253091
9,253430,253448,253438,253448,253286
11,253630,253644,253633,253644,253480
12,253850,253839,253828,253840,253674
4,253990,254035,254023,254036,253869
6,254230,254231,254218,254232,254063
3,254430,254427,254413,254428,254258
8,254580,254623,254609,254623,254452
2,254790,254818,254804,254819,254646
10,254980,255014,254999,255015,254841
5,255240,255210,255194,255211,255035
1,255440,255406,255389,255407,255229
7,255590,255602,255584,255603,255424
11,255810,255797,255779,255799,255618
9,256000,255993,255974,255994,255812
12,256230,256189,256170,256190,256007
6,256590,256590,256580,256592,256395
4,256830,256786,256776,256788,256590
8,257060,256981,256972,256984,256784
3,257180,257177,257167,257180,256978
10,257340,257373,257363,257376,257173
2,257540,257569,257559,257572,257367
1,257740,257765,257754,257768,257561
5,257950,257961,257950,257964,257756
11,258170,258157,258146,258159,257950
7,258310,258353,258341,258355,258144
9,258540,258549,258537,258551,258339
12,258730,258745,258733,258747,258533
6,258930,258941,258929,258943,258728
8,259190,259137,259124,259139,258922
4,259390,259333,259320,259335,259116
10,259520,259529,259516,259531,259311
3,259740,259725,259711,259726,259505
1,259900,259921,259907,259922,259699
2,260110,260117,260103,260118,259894
11,260320,260313,260298,260314,260088
5,260550,260509,260494,260510,260282
9,260700,260705,260690,260706,260477
7,260840,260901,260885,260902,260671
12,261110,261097,261081,261098,260865
8,261530,261494,261477,261494,261254
6,261710,261688,261673,261689,261448
10,261910,261883,261869,261883,261643
4,262050,262078,262065,262078,261837
1,262270,262272,262260,262273,262031
3,262490,262467,262456,262467,262226
11,262690,262662,262652,262662,262420
2,262860,262856,262848,262857,262614
9,263060,263051,263043,263052,262809
5,263230,263246,263239,263246,263003
7,263380,263440,263435,263441,263198
12,263590,263635,263631,263636,263392
8,263840,263830,263827,263831,263586
10,264020,264024,264022,264025,263781
6,264200,264219,264218,264220,263975
1,264420,264414,264414,264415,264169
4,264610,264608,264610,264610,264364
11,264810,264803,264805,264804,264558
3,265000,264998,265001,264999,264752
9,265200,265192,265197,265194,264947
2,265400,265387,265393,265389,265141
7,265570,265582,265588,265583,265335
5,265790,265776,265784,265778,265530
12,265970,265971,265980,265973,265724
10,266350,266362,266352,266355,266113
8,266590,266556,266547,266549,266307
1,266770,266749,266742,266743,266501
6,266950,266942,266937,266937,266696
11,267150,267135,267133,267131,266890
4,267340,267329,267328,267324,267084
9,267510,267522,267523,267518,267279
3,267700,267715,267718,267712,267473
7,267870,267909,267913,267906,267668
2,268080,268102,268108,268100,267862
5,268240,268295,268304,268293,268056
12,268450,268489,268499,268487,268251
10,268690,268682,268694,268681,268445
1,268890,268875,268889,268875,268639
8,269070,269069,269084,269069,268834
11,269260,269262,269279,269263,269028
6,269460,269455,269474,269456,269222
9,269690,269649,269670,269650,269417
4,269880,269842,269865,269844,269611
7,270010,270035,270060,270038,269805
3,270240,270228,270255,270232,270000
5,270440,270422,270450,270425,270194
2,270600,270615,270645,270619,270388
12,270790,270808,270841,270813,270583
1,271200,271204,271206,271205,270971
10,271400,271397,271401,271398,271166
11,271590,271590,271595,271591,271360
8,271810,271784,271790,271784,271554
9,272000,271977,271984,271977,271749
6,272200,272170,272179,272171,271943
7,272380,272364,272373,272364,272138
4,272540,272557,272567,272557,272332
5,272740,272750,272762,272750,272526
3,272940,272943,272956,272943,272721
2,273130,273137,273151,273136,272915
12,273270,273330,273345,273330,273109
1,273500,273523,273540,273523,273304
11,273700,273716,273734,273716,273498
10,273890,273910,273928,273909,273692
9,274100,274103,274123,274102,273887
8,274300,274296,274317,274296,274081
7,274480,274489,274512,274489,274275
6,274660,274683,274706,274682,274470
5,274880,274876,274901,274875,274664
4,275120,275069,275095,275068,274858
2,275270,275262,275289,275262,275053
3,275480,275456,275484,275455,275247
12,275650,275649,275678,275648,275441
11,276050,276027,276039,276031,275830
1,276210,276220,276233,276223,276024
10,276360,276414,276426,276416,276219
8,276570,276607,276620,276608,276413
9,276790,276801,276814,276801,276608
6,276980,276994,277007,276994,276802
7,277190,277187,277201,277186,276996
4,277390,277381,277395,277379,277191
5,277570,277574,277588,277571,277385
3,277750,277767,277782,277764,277579
2,277940,277961,277976,277957,277774
12,278110,278154,278169,278149,277968
11,278340,278348,278363,278342,278162
10,278560,278541,278557,278534,278357
1,278760,278734,278750,278727,278551
9,278890,278928,278944,278919,278745
8,279070,279121,279138,279112,278940
7,279290,279314,279331,279305,279134
6,279480,279508,279525,279497,279328
5,279720,279701,279719,279690,279523
4,279950,279895,279912,279882,279717
2,280110,280088,280106,280075,279911
3,280310,280281,280300,280268,280106
12,280500,280475,280493,280460,280300
10,280810,280845,280856,280842,280689
11,281030,281038,281049,281034,280883
9,281220,281231,281242,281227,281078
1,281410,281424,281435,281420,281272
7,281620,281617,281628,281612,281466
8,281790,281810,281821,281805,281661
5,281960,282003,282014,281998,281855
6,282130,282196,282207,282190,282049
2,282390,282389,282400,282383,282244
4,282600,282581,282593,282576,282438
3,282810,282774,282786,282768,282632
12,282950,282967,282979,282961,282827
10,283130,283160,283172,283154,283021
9,283340,283353,283365,283347,283215
11,283550,283546,283558,283539,283410
7,283740,283739,283751,283732,283604
1,283930,283932,283944,283925,283798
5,284140,284125,284137,284117,283993
8,284280,284318,284331,284310,284187
2,284500,284511,284524,284503,284381
6,284690,284704,284717,284695,284576
3,284910,284897,284910,284888,284770
4,285120,285090,285103,285081,284964
12,285330,285283,285296,285273,285159
9,285600,285660,285672,285660,285548
10,285840,285854,285865,285853,285742
7,286040,286047,286057,286046,285936
11,286270,286240,286250,286240,286131
5,286430,286434,286443,286433,286325
1,286650,286627,286636,286626,286519
2,286850,286820,286829,286819,286714
8,286990,287014,287021,287012,286908
3,287200,287207,287214,287205,287102
6,287400,287400,287407,287398,287297
4,287640,287594,287600,287591,287491
12,287740,287787,287793,287784,287685
9,287950,287980,287985,287977,287880
7,288150,288174,288178,288170,288074
10,288350,288367,288371,288364,288268
5,288510,288560,288564,288557,288463
11,288730,288754,288756,288750,288657
2,288960,288947,288949,288943,288851
1,289170,289140,289142,289136,289046
3,289370,289334,289335,289329,289240
8,289490,289527,289528,289522,289434
4,289760,289720,289720,289715,289629
6,289930,289914,289913,289908,289823
12,290120,290107,290106,290101,290018
7,290500,290489,290495,290490,290406
9,290710,290682,290687,290684,290601
5,290850,290876,290880,290877,290795
10,291050,291070,291073,291070,290989
2,291260,291263,291266,291264,291184
11,291460,291457,291459,291457,291378
3,291640,291650,291652,291650,291572
1,291860,291844,291845,291844,291767
4,292050,292038,292038,292037,291961
8,292250,292231,292231,292231,292155
6,292430,292425,292424,292424,292350
12,292610,292618,292617,292617,292544
7,292770,292812,292809,292811,292738
5,292970,293005,293002,293004,292933
9,293190,293199,293195,293198,293127
2,293360,293393,293388,293391,293321
10,293550,293586,293581,293584,293516
3,293810,293780,293774,293778,293710
11,293980,293973,293967,293971,293904
4,294220,294167,294160,294165,294099
1,294380,294361,294353,294358,294293
6,294500,294554,294546,294551,294488
8,294760,294748,294739,294745,294682
12,294980,294941,294931,294938,294876
5,295350,295328,295326,295323,295265
7,295530,295521,295519,295517,295459
2,295700,295714,295712,295710,295654
9,295910,295908,295905,295904,295848
3,296100,296101,296098,296098,296042
10,296280,296295,296291,296292,296237
4,296470,296488,296484,296486,296431
11,296680,296681,296678,296680,296625
6,296880,296875,296871,296874,296820
1,297070,297068,297064,297068,297014
8,297280,297262,297257,297262,297208
12,297480,297455,297450,297456,297403
5,297640,297648,297643,297649,297597
2,297850,297842,297836,297843,297791
7,298070,298035,298030,298037,297986
3,298230,298229,298223,298231,298180
9,298440,298422,298416,298425,298374
4,298620,298615,298609,298619,298569
10,298790,298809,298802,298813,298763
6,298950,299002,298995,299007,298958
11,299170,299196,299188,299201,299152
8,299380,299389,299382,299395,299346
1,299570,299582,299575,299588,299541
12,299820,299776,299768,299782,299735
2,300150,300168,300172,300166,300124
5,300400,300363,300366,300361,300318
3,300580,300558,300560,300556,300512
7,300760,300753,300753,300752,300707
4,300970,300948,300947,300947,300901
9,301170,301143,301141,301142,301095
6,301340,301338,301334,301337,301290
10,301500,301532,301528,301533,301484
8,301690,301727,301722,301728,301678
11,301900,301922,301915,301923,301873
1,302060,302117,302109,302118,302067
12,302290,302312,302303,302314,302261
2,302480,302507,302496,302509,302456
3,302700,302702,302690,302704,302650
5,302940,302897,302884,302899,302845
4,303180,303091,303077,303095,303039
7,303320,303286,303271,303290,303233
6,303510,303481,303465,303485,303428
9,303700,303676,303659,303680,303622
8,303850,303871,303852,303876,303816
10,304050,304066,304046,304071,304011
1,304250,304261,304240,304266,304205
11,304430,304456,304433,304461,304399
12,304650,304651,304627,304656,304594
3,305100,305058,305051,305063,304982
2,305270,305254,305246,305259,305177
4,305520,305450,305441,305455,305371
5,305670,305645,305635,305651,305565
6,305850,305841,305830,305847,305760
7,306030,306037,306025,306043,305954
8,306220,306233,306219,306239,306148
9,306430,306429,306414,306434,306343
1,306630,306625,306609,306630,306537
10,306800,306820,306804,306826,306731
11,306970,307016,306998,307022,306926
12,307190,307212,307193,307218,307120
3,307420,307408,307388,307414,307315
4,307680,307604,307582,307610,307509
2,307810,307800,307777,307806,307703
6,308000,307995,307972,308002,307898
5,308210,308191,308167,308198,308092
8,308430,308387,308361,308394,308286
7,308570,308583,308556,308590,308481
1,308790,308779,308751,308786,308675
9,308990,308974,308945,308982,308869
11,309150,309170,309140,309178,309064
10,309320,309366,309335,309374,309258
12,309540,309562,309530,309570,309452
4,310000,309962,309945,309963,309841
3,310200,310157,310140,310159,310035
6,310360,310352,310336,310354,310230
2,310560,310548,310531,310549,310424
8,310770,310743,310726,310745,310618
5,310930,310938,310922,310940,310813
1,311140,311133,311117,311136,311007
7,311340,311329,311313,311331,311201
11,311510,311524,311508,311527,311396
9,311740,311719,311704,311722,311590
10,311920,311915,311899,311918,311785
12,312070,312110,312094,312113,311979
4,312280,312305,312290,312309,312173
6,312480,312501,312485,312504,312368
3,312680,312696,312681,312699,312562
8,312870,312891,312876,312895,312756
2,313100,313087,313071,313090,312951
1,313310,313282,313267,313286,313145
5,313480,313477,313462,313481,313339
11,313650,313673,313658,313677,313534
7,313850,313868,313853,313872,313728
10,314080,314063,314048,314068,313922
9,314270,314259,314244,314263,314117
12,314470,314454,314439,314459,314311
6,314820,314841,314837,314847,314700
4,315020,315036,315033,315042,314894
8,315250,315232,315228,315237,315088
3,315390,315428,315424,315432,315283
1,315610,315624,315619,315627,315477
2,315820,315820,315815,315822,315671
11,316030,316016,316011,316018,315866
5,316220,316212,316206,316213,316060
10,316410,316407,316402,316408,316255
7,316570,316603,316598,316603,316449
9,316820,316799,316793,316798,316643
12,316970,316995,316989,316993,316838
6,317200,317191,317185,317188,317032
8,317390,317387,317380,317384,317226
4,317610,317583,317576,317579,317421
1,317780,317778,317771,317774,317615
3,317940,317974,317967,317969,317809
11,318150,318170,318163,318164,318004
2,318380,318366,318358,318359,318198
10,318590,318562,318554,318554,318392
5,318770,318758,318750,318749,318587
9,318960,318953,318945,318945,318781
7,319110,319149,319141,319140,318975
12,319370,319345,319337,319335,319170
8,319760,319736,319723,319736,319558
6,319960,319930,319919,319930,319753
1,320150,320124,320114,320124,319947
4,320370,320318,320310,320318,320141
11,320540,320512,320505,320513,320336
3,320660,320707,320700,320707,320530
10,320890,320901,320896,320901,320725
2,321070,321095,321091,321095,320919
9,321260,321289,321287,321289,321113
5,321450,321483,321482,321484,321308
7,321610,321677,321678,321678,321502
12,321870,321871,321873,321872,321696
8,322080,322066,322069,322066,321891
1,322270,322260,322264,322260,322085
6,322480,322454,322459,322455,322279
11,322670,322648,322655,322649,322474
4,322860,322842,322850,322843,322668
10,323050,323036,323046,323037,322862
3,323210,323231,323241,323232,323057
9,323430,323425,323437,323426,323251
2,323590,323619,323632,323620,323445
7,323810,323813,323828,323814,323640
5,324010,324007,324023,324008,323834
12,324210,324201,324218,324203,324028
1,324580,324582,324583,324579,324417
8,324760,324776,324777,324773,324611
6,325000,324969,324972,324966,324806
4,325200,325163,325167,325159,325000
11,325340,325356,325361,325353,325195
3,325510,325549,325556,325546,325389
10,325710,325743,325751,325740,325583
2,325930,325936,325945,325933,325778
9,326120,326129,326140,326126,325972
5,326280,326323,326335,326320,326166
7,326510,326516,326529,326513,326361
12,326680,326710,326724,326707,326555
1,326910,326903,326919,326900,326749
6,327110,327096,327113,327093,326944
8,327290,327290,327308,327287,327138
11,327480,327483,327503,327480,327332
4,327710,327676,327697,327674,327527
10,327870,327870,327892,327867,327721
3,328020,328063,328087,328061,327915
9,328290,328257,328281,328254,328110
2,328440,328450,328476,328447,328304
7,328650,328643,328671,328641,328498
5,328850,328837,328865,328834,328693
12,329040,329030,329060,329028,328887
6,329430,329418,329426,329412,329276
1,329650,329611,329620,329606,329470
8,329830,329805,329814,329800,329665
4,330040,329998,330008,329994,329859
11,330190,330192,330202,330188,330053
3,330360,330385,330396,330382,330248
10,330530,330578,330590,330576,330442
2,330730,330772,330784,330769,330636
9,330950,330965,330978,330963,330831
5,331130,331159,331172,331157,331025
7,331330,331352,331366,331351,331219
12,331510,331546,331560,331545,331414
6,331690,331739,331754,331739,331608
8,331960,331932,331948,331932,331802
1,332140,332126,332142,332126,331997
11,332300,332319,332336,332320,332191
4,332580,332513,332530,332514,332385
10,332730,332706,332724,332708,332580
3,332940,332900,332918,332902,332774
9,333100,333093,333112,333096,332968
2,333240,333287,333306,333289,333163
7,333490,333480,333500,333483,333357
5,333660,333673,333694,333677,333551
12,333890,333867,333888,333871,333746
8,334300,334264,334271,334268,334135
6,334500,334458,334465,334462,334329
11,334660,334652,334659,334656,334523
1,334840,334846,334853,334850,334718
10,335050,335040,335047,335044,334912
4,335240,335234,335241,335237,335106
9,335440,335428,335435,335431,335301
3,335610,335622,335628,335625,335495
7,335840,335816,335822,335819,335689
2,336000,336010,336016,336013,335884
5,336150,336204,336210,336207,336078
12,336340,336398,336404,336401,336272
8,336560,336592,336598,336594,336467
11,336790,336786,336791,336788,336661
6,336980,336980,336985,336982,336855
10,337200,337174,337179,337176,337050
1,337400,337368,337373,337370,337244
9,337580,337562,337567,337564,337438
4,337790,337756,337761,337758,337633
7,337950,337950,337955,337951,337827
3,338140,338144,338148,338145,338021
5,338320,338338,338342,338339,338216
2,338540,338532,338536,338533,338410
12,338720,338726,338730,338727,338605
11,339120,339109,339113,339111,338993
8,339310,339303,339306,339305,339188
10,339490,339497,339500,339498,339382
6,339700,339691,339694,339692,339576
9,339890,339885,339888,339885,339771
1,340090,340079,340081,340079,339965
7,340260,340273,340275,340272,340159
4,340460,340466,340469,340466,340354
5,340630,340660,340663,340659,340548
3,340830,340854,340856,340853,340742
2,341010,341048,341050,341046,340937
12,341190,341242,341244,341240,341131
11,341400,341436,341438,341433,341325
10,341620,341630,341631,341627,341520
8,341830,341824,341825,341820,341714
9,342050,342017,342019,342014,341908
6,342210,342211,342212,342208,342103
7,342420,342405,342406,342401,342297
1,342630,342599,342600,342595,342491
5,342820,342793,342794,342788,342686
4,343020,342987,342987,342982,342880
2,343180,343181,343181,343175,343075
3,343360,343374,343375,343369,343269
12,343560,343568,343569,343562,343463
10,343910,343949,343952,343948,343852
11,344120,344143,344146,344142,344046
9,344330,344337,344340,344335,344241
8,344570,344530,344533,344529,344435
7,344700,344724,344727,344723,344629
6,344930,344918,344921,344917,344824
5,345110,345112,345114,345110,345018
1,345310,345306,345308,345304,345212
2,345520,345500,345501,345498,345407
4,345740,345694,345695,345692,345601
3,345900,345888,345889,345885,345795
12,346060,346082,346082,346079,345990
10,346230,346275,346276,346273,346184
9,346460,346469,346470,346466,346378
11,346610,346663,346663,346660,346573
7,346810,346857,346857,346854,346767
8,347030,347051,347051,347048,346961
5,347240,347245,347244,347241,347156
6,347430,347439,347438,347435,347350
2,347650,347633,347632,347629,347545
1,347850,347827,347825,347822,347739
3,348030,348021,348019,348016,347933
4,348250,348214,348213,348210,348128
12,348430,348408,348406,348404,348322
9,348770,348783,348796,348796,348711
10,348960,348979,348990,348990,348905
7,349160,349174,349184,349184,349099
11,349380,349369,349378,349378,349294
5,349520,349564,349571,349571,349488
8,349770,349760,349765,349765,349682
2,349960,349955,349959,349959,349877
6,350170,350150,350153,350153,350071
3,350340,350345,350347,350346,350265
1,350510,350541,350541,350540,350460
4,350740,350736,350734,350734,350654
12,350890,350931,350928,350928,350848
9,351100,351126,351122,351121,351043
7,351280,351322,351316,351315,351237
10,351490,351517,351510,351509,351431
5,351650,351712,351704,351703,351626
11,351930,351908,351897,351896,351820
2,352130,352103,352091,352090,352015
8,352290,352298,352285,352284,352209
3,352510,352493,352479,352478,352403
6,352690,352689,352673,352671,352598
4,352980,352884,352867,352865,352792
1,353120,353079,353060,353059,352986
12,353250,353274,353254,353253,353181
7,353610,353644,353639,353641,353569
9,353850,353838,353833,353835,353764
5,354020,354031,354027,354028,353958
10,354220,354225,354220,354221,354152
2,354410,354418,354414,354415,354347
11,354670,354611,354608,354608,354541
3,354780,354805,354802,354802,354735
8,354950,354998,354996,354995,354930
4,355170,355192,355189,355189,355124
6,355330,355385,355383,355382,355318
1,355620,355579,355577,355575,355513
12,355800,355772,355771,355769,355707
7,355940,355965,355964,355962,355901
5,356170,356159,356158,356156,356096
9,356400,356352,356352,356349,356290
2,356530,356546,356546,356542,356485
10,356730,356739,356739,356736,356679
3,356940,356933,356933,356929,356873
11,357110,357126,357127,357123,357068
4,357330,357320,357321,357316,357262
8,357460,357513,357514,357509,357456
1,357700,357706,357708,357703,357651
6,357880,357900,357902,357896,357845
12,358150,358093,358096,358090,358039
5,358490,358476,358476,358467,358428
7,358690,358669,358669,358661,358622
2,358870,358862,358863,358855,358817
9,359120,359055,359056,359049,359011
3,359250,359248,359250,359243,359205
10,359420,359441,359443,359437,359400
4,359580,359634,359637,359630,359594
11,359820,359827,359830,359824,359788
1,360050,360020,360024,360018,359983
8,360180,360213,360217,360212,360177
6,360320,360407,360411,360406,360371
12,360590,360600,360605,360600,360566
5,360770,360793,360798,360794,360760
2,361000,360986,360992,360987,360955
7,361220,361179,361185,361181,361149
3,361410,361372,361379,361375,361343
9,361610,361565,361572,361569,361538
4,361780,361758,361766,361763,361732
10,361930,361951,361959,361957,361926
1,362130,362144,362153,362151,362121
11,362340,362337,362346,362345,362315
6,362510,362530,362540,362538,362509
8,362720,362723,362733,362732,362704
12,362920,362916,362927,362926,362898
2,363340,363313,363325,363321,363287
5,363540,363508,363518,363516,363481
3,363720,363703,363712,363711,363675
7,363890,363898,363906,363905,363870
4,364060,364094,364100,364100,364064
9,364320,364289,364294,364295,364258
1,364480,364484,364488,364490,364453
10,364650,364679,364682,364684,364647
6,364900,364874,364875,364879,364841
11,365040,365069,365069,365074,365036
8,365290,365264,365263,365269,365230
12,365420,365460,365457,365463,365425
2,365630,365655,365651,365658,365619
3,365870,365850,365845,365853,365813
5,366100,366045,366039,366048,366008
4,366270,366240,366232,366243,366202
7,366460,366435,366426,366437,366396
1,366660,366630,366620,366632,366591
9,366820,366826,366814,366827,366785
6,367010,367021,367008,367022,366979
10,367210,367216,367202,367216,367174
8,367390,367411,367396,367411,367368
11,367580,367606,367589,367606,367562
12,367810,367801,367783,367801,367757
3,368240,368192,368189,368195,368145
2,368410,368387,368384,368390,368340
4,368590,368582,368578,368585,368534
5,368790,368777,368772,368780,368728
1,369000,368972,368967,368975,368923
7,369170,369167,369161,369170,369117
6,369360,369362,369355,369365,369311
9,369570,369557,369550,369560,369506
8,369710,369752,369744,369755,369700
10,369890,369947,369939,369950,369895
11,370140,370142,370133,370145,370089
12,370340,370337,370327,370340,370283
3,370520,370532,370522,370535,370478
4,370730,370727,370716,370730,370672
2,370930,370922,370910,370924,370866
1,371140,371117,371105,371119,371061
5,371320,371312,371299,371314,371255
6,371500,371507,371494,371509,371449
7,371700,371703,371688,371704,371644
8,371870,371898,371882,371899,371838
9,372090,372093,372077,372094,372032
11,372280,372288,372271,372289,372227
10,372470,372483,372465,372484,372421
12,372730,372678,372660,372679,372615
4,373090,373072,373062,373077,373004
3,373310,373267,373256,373271,373198
1,373480,373461,373451,373465,373393
2,373670,373655,373646,373659,373587
6,373870,373850,373840,373854,373782
5,374040,374044,374035,374048,373976
8,374270,374239,374230,374242,374170
7,374390,374433,374425,374437,374365
11,374640,374627,374619,374631,374559
9,374840,374822,374814,374825,374753
10,375000,375016,375009,375019,374948
12,375190,375211,375203,375214,375142
4,375380,375405,375398,375408,375336
1,375600,375600,375593,375602,375531
3,375800,375794,375787,375797,375725
6,375990,375988,375982,375991,375919
2,376210,376183,376177,376185,376114
8,376350,376377,376372,376379,376308
5,376580,376572,376566,376574,376502
11,376750,376766,376761,376768,376697
7,376910,376960,376956,376962,376891
10,377160,377155,377150,377156,377085
9,377370,377349,377345,377351,377280
12,377570,377544,377540,377545,377474
1,377970,377925,377922,377919,377863
4,378140,378119,378116,378113,378057
3,378330,378312,378311,378307,378252
2,378500,378506,378505,378502,378446
6,378680,378700,378699,378696,378640
5,378850,378894,378894,378890,378835
8,379060,379088,379088,379084,379029
7,379220,379282,379283,379279,379223
11,379460,379476,379477,379473,379418
9,379660,379670,379672,379667,379612
10,379870,379864,379866,379862,379806
12,380080,380058,380061,380056,380001
1,380270,380252,380255,380250,380195
3,380450,380446,380450,380444,380389
4,380620,380640,380644,380639,380584
6,380820,380834,380839,380833,380778
2,381040,381028,381033,381027,380972
8,381190,381222,381228,381221,381167
5,381410,381416,381422,381416,381361
11,381620,381610,381617,381610,381555
7,381800,381803,381811,381804,381750
10,382010,381997,382006,381998,381944
9,382200,382191,382200,382193,382138
12,382420,382385,382395,382387,382333
3,382810,382783,382786,382786,382722
1,383000,382977,382981,382980,382916
4,383210,383172,383175,383175,383110
2,383400,383367,383370,383370,383305
6,383590,383562,383565,383565,383499
5,383720,383757,383759,383760,383693
8,383970,383952,383954,383954,383888
7,384120,384146,384148,384149,384082
11,384360,384341,384343,384344,384276
9,384500,384536,384537,384539,384471
10,384690,384731,384732,384734,384665
12,384910,384926,384926,384928,384859
3,385110,385120,385121,385123,385054
4,385320,385315,385316,385318,385248
1,385510,385510,385510,385513,385442
6,385680,385705,385705,385708,385637
2,385910,385900,385899,385902,385831
8,386070,386094,386094,386097,386025
5,386320,386289,386288,386292,386220
11,386520,386484,386483,386487,386414
7,386700,386679,386677,386682,386608
10,386870,386874,386872,386876,386803
9,387080,387069,387066,387071,386997
12,387250,387263,387261,387266,387192
4,387680,387656,387654,387654,387580
3,387860,387851,387848,387849,387775
6,388060,388045,388043,388044,387969
1,388260,388240,388237,388238,388163
8,388430,388434,388432,388433,388358
2,388580,388629,388627,388628,388552
11,388850,388823,388821,388823,388746
5,389040,389018,389016,389018,388941
10,389190,389212,389211,389213,389135
7,389400,389407,389405,389407,389329
9,389580,389601,389600,389602,389524
12,389800,389796,389794,389797,389718
4,390010,389991,389989,389992,389912
6,390210,390185,390184,390187,390107
3,390420,390380,390378,390382,390301
8,390520,390574,390573,390577,390495
1,390750,390769,390768,390771,390690
11,390970,390963,390962,390966,390884
2,391150,391158,391157,391161,391078
10,391330,391352,391352,391356,391273
5,391560,391547,391546,391551,391467
9,391730,391741,391741,391746,391662
7,391910,391936,391935,391940,391856
12,392180,392131,392130,392135,392050
6,392600,392530,392525,392530,392439
4,392780,392724,392720,392724,392633
8,392960,392919,392915,392919,392828
3,393130,393113,393110,393114,393022
11,393310,393308,393304,393309,393216
1,393510,393503,393499,393504,393411
10,393700,393697,393694,393699,393605
2,393850,393892,393889,393893,393799
9,394080,394086,394083,394088,393994
5,394210,394281,394278,394283,394188
7,394410,394475,394473,394478,394382
12,394630,394670,394668,394673,394577
6,394830,394864,394862,394867,394771
8,395070,395059,395057,395062,394965
4,395270,395254,395252,395257,395160
11,395460,395448,395447,395452,395354
3,395660,395643,395642,395647,395548
10,395860,395837,395836,395841,395743
1,396040,396032,396031,396036,395937
9,396260,396226,396226,396231,396132
2,396440,396421,396421,396426,396326
7,396620,396616,396615,396621,396520
5,396800,396810,396810,396816,396715
12,397000,397005,397005,397010,396909
8,397420,397405,397395,397407,397298
6,397620,397599,397590,397601,397492
11,397820,397793,397785,397795,397686
4,398040,397986,397980,397989,397881
10,398190,398180,398174,398183,398075
3,398400,398374,398369,398376,398269
9,398550,398568,398564,398570,398464
1,398760,398762,398759,398764,398658
7,398970,398956,398953,398958,398852
2,399140,399150,399148,399152,399047
5,399300,399344,399343,399346,399241
12,399510,399537,399538,399540,399435
8,399700,399731,399732,399734,399630
11,399920,399925,399927,399928,399824
6,400100,400119,400122,400122,400018
10,400310,400313,400316,400316,400213
4,400510,400507,400511,400510,400407
9,400750,400701,400706,400704,400602
3,400910,400895,400901,400898,400796
7,401100,401088,401095,401092,400990
1,401270,401282,401290,401286,401185
5,401480,401476,401485,401479,401379
2,401670,401670,401680,401673,401573
12,401850,401864,401874,401867,401768
11,402230,402248,402247,402247,402156
8,402450,402441,402441,402440,402351
10,402630,402635,402635,402633,402545
6,402810,402828,402829,402826,402739
9,403030,403021,403024,403020,402934
4,403210,403215,403218,403213,403128
7,403420,403408,403412,403406,403322
3,403600,403602,403606,403599,403517
5,403740,403795,403801,403793,403711
1,403980,403988,403995,403986,403905
2,404170,404182,404189,404179,404100
12,404370,404375,404383,404372,404294
11,404540,404568,404578,404565,404488
10,404740,404762,404772,404759,404683
8,404950,404955,404966,404952,404877
9,405190,405148,405160,405145,405072
6,405350,405342,405355,405338,405266
7,405570,405535,405549,405531,405460
4,405730,405728,405743,405725,405655
5,405940,405922,405937,405918,405849
3,406100,406115,406132,406111,406043
2,406280,406309,406326,406304,406238
1,406520,406502,406520,406497,406432
12,406700,406695,406714,406691,406626
10,407060,407080,407084,407081,407015
11,407260,407273,407278,407274,407209
9,407460,407467,407472,407467,407404
8,407680,407660,407666,407660,407598
7,407840,407853,407859,407853,407792
6,408090,408046,408053,408045,407987
5,408240,408239,408247,408238,408181
4,408440,408432,408441,408431,408375
2,408630,408626,408634,408624,408570
3,408810,408819,408828,408817,408764
1,409020,409012,409022,409010,408958
12,409170,409205,409215,409203,409153
10,409370,409398,409409,409396,409347
9,409590,409592,409603,409589,409542
11,409730,409785,409797,409782,409736
7,409930,409978,409990,409975,409930
8,410170,410171,410184,410168,410125
5,410350,410364,410378,410361,410319
6,410560,410557,410572,410554,410513
2,410770,410751,410765,410747,410708
4,410980,410944,410959,410940,410902
1,411170,411137,411153,411132,411096
3,411340,411330,411346,411325,411291
12,411530,411523,411540,411518,411485
9,411900,411898,411909,411899,411874
10,412090,412092,412102,412092,412068
7,412220,412285,412296,412285,412262
11,412460,412479,412489,412478,412457
5,412630,412672,412682,412671,412651
8,412840,412865,412875,412864,412845
2,413050,413059,413069,413056,413040
6,413290,413252,413262,413249,413234
1,413490,413445,413455,413442,413428
4,413640,413639,413648,413635,413623
3,413830,413832,413842,413828,413817
12,413980,414026,414035,414021,414012
9,414200,414219,414228,414214,414206
7,414390,414412,414421,414407,414400
10,414590,414606,414615,414600,414595
5,414800,414799,414808,414793,414789
11,414960,414993,415001,414986,414983
2,415230,415186,415194,415179,415178
8,415400,415379,415388,415371,415372
1,415560,415573,415581,415564,415566
6,415760,415766,415774,415757,415761
3,415970,415959,415967,415950,415955
4,416190,416153,416161,416143,416149
12,416350,416346,416354,416336,416344
7,416700,416726,416733,416724,416732
9,416920,416920,416926,416917,416927
5,417090,417113,417119,417111,417121
10,417310,417306,417312,417304,417315
2,417500,417500,417505,417497,417510
11,417700,417693,417698,417691,417704
1,417900,417886,417891,417884,417898
8,418070,418080,418085,418077,418093
3,418260,418273,418278,418271,418287
6,418450,418466,418471,418464,418482
4,418660,418660,418664,418657,418676
12,418830,418853,418857,418851,418870
7,419030,419046,419050,419044,419065
5,419260,419240,419243,419238,419259
9,419460,419433,419436,419431,419453
2,419620,419626,419629,419624,419648
10,419830,419820,419822,419818,419842
1,420020,420013,420015,420011,420036
11,420180,420206,420208,420204,420231
3,420410,420400,420401,420398,420425
8,420580,420593,420594,420591,420619
4,420820,420786,420788,420784,420814
6,420980,420980,420981,420978,421008
12,421160,421173,421174,421171,421202
5,421560,421564,421563,421563,421591
7,421760,421757,421757,421757,421785
2,421970,421950,421950,421950,421980
9,422150,422143,422143,422144,422174
1,422370,422337,422336,422337,422368
10,422530,422530,422529,422530,422563
3,422700,422723,422722,422724,422757
11,422870,422916,422915,422917,422952
4,423110,423109,423109,423111,423146
8,423330,423303,423302,423304,423340
6,423540,423496,423495,423497,423535
12,423680,423689,423688,423691,423729
5,423850,423882,423881,423884,423923
2,424050,424076,424074,424078,424118
7,424330,424269,424268,424271,424312
1,424510,424462,424461,424464,424506
9,424680,424655,424654,424658,424701
3,424850,424849,424847,424851,424895
10,425010,425042,425040,425045,425089
4,425230,425235,425233,425238,425284
11,425370,425428,425427,425431,425478
6,425580,425622,425620,425625,425672
8,425850,425815,425813,425818,425867
12,426020,426008,426006,426012,426061
2,426410,426396,426395,426389,426450
5,426600,426589,426588,426583,426644
1,426810,426783,426782,426777,426838
7,426930,426976,426975,426971,427033
3,427180,427169,427168,427165,427227
9,427360,427362,427361,427359,427422
4,427570,427556,427554,427553,427616
10,427750,427749,427748,427747,427810
6,427920,427942,427941,427941,428005
11,428110,428136,428134,428134,428199
8,428320,428329,428327,428328,428393
12,428480,428522,428521,428522,428588
2,428710,428715,428714,428716,428782
1,428960,428909,428907,428910,428976
5,429150,429102,429100,429104,429171
3,429310,429295,429294,429298,429365
7,429490,429489,429487,429492,429559
4,429660,429682,429680,429686,429754
9,429890,429875,429873,429879,429948
6,430060,430068,430067,430073,430142
10,430270,430262,430260,430267,430337
8,430430,430455,430453,430461,430531
11,430630,430648,430646,430655,430725
12,430860,430842,430839,430849,430920
1,431240,431236,431244,431243,431308
2,431450,431431,431438,431438,431503
3,431630,431627,431632,431633,431697
5,431800,431822,431826,431828,431892
4,432040,432017,432019,432022,432086
7,432190,432213,432213,432217,432280
6,432390,432408,432407,432412,432475
9,432570,432604,432601,432607,432669
8,432860,432799,432795,432802,432863
10,432990,432994,432988,432997,433058
11,433240,433190,433182,433192,433252
12,433400,433385,433376,433387,433446
1,433550,433580,433570,433582,433641
3,433760,433776,433764,433777,433835
2,433950,433971,433957,433971,434029
4,434170,434167,434151,434166,434224
5,434380,434362,434345,434361,434418
6,434560,434557,434539,434556,434612
7,434720,434753,434733,434751,434807
8,434930,434948,434926,434946,435001
9,435150,435143,435120,435141,435195
11,435340,435339,435314,435336,435390
10,435540,435534,435508,435531,435584
12,435770,435730,435702,435725,435778
3,436130,436121,436113,436121,436167
1,436310,436316,436307,436316,436362
2,436550,436512,436502,436511,436556
5,436720,436707,436696,436707,436750
4,436910,436902,436891,436902,436945
7,437070,437097,437085,437097,437139
6,437280,437292,437280,437292,437333
9,437490,437487,437474,437487,437528
8,437700,437682,437669,437683,437722
10,437880,437877,437863,437878,437916
11,438040,438072,438058,438073,438111
12,438260,438267,438252,438268,438305
3,438490,438462,438447,438463,438499
2,438690,438657,438641,438659,438694
1,438880,438852,438836,438854,438888
4,439030,439047,439030,439049,439082
5,439250,439242,439225,439244,439277
6,439430,439437,439419,439439,439471
7,439600,439632,439614,439635,439665
8,439810,439827,439808,439830,439860
9,440030,440022,440002,440025,440054
11,440180,440217,440197,440220,440248
10,440400,440412,440391,440415,440443
12,440650,440607,440586,440611,440637
2,441020,441003,440992,441004,441026
3,441260,441198,441187,441199,441220
4,441460,441393,441382,441394,441415
1,441620,441587,441577,441589,441609
6,441770,441782,441772,441784,441803
5,441940,441977,441967,441979,441998
8,442150,442172,442162,442174,442192
7,442290,442367,442357,442369,442386
11,442540,442562,442552,442564,442581
9,442750,442757,442746,442759,442775
10,442910,442952,442941,442954,442969
12,443130,443147,443136,443149,443164
2,443330,443342,443331,443344,443358
4,443570,443536,443526,443539,443552
3,443760,443731,443721,443734,443747
6,443960,443926,443916,443929,443941
1,444140,444121,444111,444124,444135
8,444350,444316,444306,444319,444330
5,444570,444511,444501,444514,444524
11,444710,444706,444696,444708,444718
7,444840,444901,444891,444903,444913
10,445070,445096,445086,445098,445107
9,445290,445290,445281,445293,445302
12,445480,445485,445476,445488,445496
4,445910,445879,445869,445879,445885
2,446090,446073,446065,446074,446079
6,446290,446268,446260,446268,446273
3,446470,446462,446455,446463,446468
8,446660,446657,446650,446657,446662
1,446850,446851,446845,446852,446856
11,447040,447045,447040,447046,447051
5,447230,447240,447235,447241,447245
10,447420,447434,447430,447435,447439
7,447560,447629,447625,447630,447634
9,447800,447823,447820,447824,447828
12,448010,448017,448015,448019,448022
4,448290,448212,448210,448213,448217
6,448440,448406,448405,448408,448411
2,448610,448601,448600,448602,448605
8,448780,448795,448795,448797,448800
3,448980,448989,448990,448991,448994
11,449150,449184,449185,449186,449189
1,449380,449378,449380,449380,449383
10,449550,449573,449575,449575,449577
5,449800,449767,449770,449769,449772
9,449990,449961,449965,449964,449966
7,450110,450156,450160,450158,450160
12,450370,450350,450355,450353,450355
6,450740,450739,450738,450737,450743
4,450970,450934,450933,450931,450938
8,451180,451128,451127,451126,451132
2,451310,451322,451322,451320,451326
11,451530,451517,451517,451515,451521
3,451680,451711,451712,451709,451715
10,451890,451905,451907,451904,451909
1,452090,452100,452101,452098,452104
9,452290,452294,452296,452293,452298
5,452470,452488,452491,452487,452492
7,452630,452683,452686,452682,452687
12,452850,452877,452881,452876,452881
6,453030,453071,453075,453071,453075
8,453240,453265,453270,453265,453270
4,453500,453460,453465,453460,453464
11,453660,453654,453660,453654,453659
2,453880,453848,453855,453848,453853
10,454070,454043,454049,454043,454047
3,454220,454237,454244,454237,454242
9,454410,454431,454439,454432,454436
1,454640,454626,454634,454626,454630
7,454820,454820,454829,454821,454825
5,455060,455014,455023,455015,455019
12,455200,455209,455218,455210,455213
8,455600,455600,455605,455605,455602
6,455790,455795,455799,455799,455796
11,455990,455990,455994,455994,455991
4,456200,456185,456189,456188,456185
10,456390,456380,456383,456383,456379
2,456590,456575,456578,456577,456574
9,456780,456770,456773,456772,456768
3,456960,456964,456968,456966,456962
7,457130,457159,457162,457161,457157
1,457390,457354,457357,457355,457351
5,457540,457549,457552,457550,457545
12,457710,457744,457746,457744,457740
8,457880,457939,457941,457938,457934
11,458130,458134,458136,458133,458129
6,458300,458328,458331,458327,458323
10,458540,458523,458525,458522,458517
4,458720,458718,458720,458716,458712
9,458960,458913,458915,458911,458906
2,459140,459108,459109,459105,459100
7,459290,459303,459304,459300,459295
3,459480,459498,459499,459494,459489
5,459680,459692,459694,459689,459683
1,459930,459887,459888,459883,459878
12,460070,460082,460083,460077,460072
11,460440,460467,460466,460471,460461
8,460650,460661,460660,460665,460655
10,460860,460855,460855,460858,460849
6,461100,461049,461049,461052,461044
9,461260,461243,461244,461246,461238
4,461440,461438,461438,461439,461432
7,461640,461632,461633,461633,461627
2,461830,461826,461827,461827,461821
5,461990,462020,462022,462020,462015
3,462190,462214,462216,462214,462210
1,462410,462408,462411,462407,462404
12,462580,462602,462605,462601,462599
11,462740,462797,462800,462795,462793
10,463000,462991,462994,462988,462987
8,463180,463185,463189,463182,463182
9,463380,463379,463383,463376,463376
6,463540,463573,463578,463569,463570
7,463780,463767,463772,463763,463765
4,463950,463961,463967,463957,463959
5,464190,464156,464162,464150,464153
2,464370,464350,464356,464344,464348
1,464570,464544,464551,464537,464542
3,464730,464738,464745,464731,464736
12,464930,464932,464940,464925,464931
10,465290,465307,465308,465302,465319
11,465500,465500,465502,465496,465514
9,465670,465693,465696,465689,465708
8,465910,465887,465890,465882,465902
7,466050,466080,466084,466075,466097
6,466280,466273,466278,466269,466291
5,466460,466466,466472,466462,466485
4,466660,466659,466666,466655,466680
1,466840,466853,466860,466848,466874
2,467020,467046,467054,467041,467069
3,467230,467239,467248,467235,467263
12,467400,467432,467442,467428,467457
10,467630,467625,467636,467621,467652
9,467830,467819,467830,467814,467846
11,468010,468012,468024,468008,468040
7,468170,468205,468218,468201,468235
8,468360,468398,468412,468394,468429
5,468590,468591,468606,468587,468623
6,468780,468785,468800,468781,468818
1,469000,468978,468993,468974,469012
4,469210,469171,469187,469167,469206
3,469360,469364,469381,469360,469401
2,469580,469557,469575,469554,469595
12,469760,469751,469769,469747,469789
9,470140,470137,470144,470133,470178
10,470340,470330,470338,470326,470372
7,470490,470524,470532,470520,470567
11,470720,470717,470725,470714,470761
5,470910,470911,470919,470908,470955
8,471120,471104,471112,471102,471150
1,471280,471298,471306,471296,471344
6,471490,471491,471500,471489,471539
3,471680,471685,471693,471683,471733
4,471880,471878,471887,471877,471927
2,472070,472072,472080,472071,472122
12,472260,472265,472274,472265,472316
9,472450,472459,472467,472459,472510
7,472640,472652,472661,472652,472705
10,472850,472846,472855,472846,472899
5,473060,473039,473048,473040,473093
11,473250,473233,473242,473234,473288
1,473440,473426,473435,473428,473482
8,473620,473620,473629,473622,473676
3,473820,473813,473823,473815,473871
6,474020,474007,474016,474009,474065
2,474210,474200,474210,474203,474259
4,474380,474394,474403,474397,474454
12,474560,474587,474597,474591,474648
7,474980,474984,474988,474986,475037
9,475190,475178,475182,475180,475231
5,475380,475372,475375,475374,475425
10,475580,475566,475569,475569,475620
1,475770,475760,475763,475763,475814
11,475990,475954,475956,475957,476009
3,476150,476148,476150,476151,476203
8,476370,476342,476344,476345,476397
2,476530,476536,476537,476539,476592
6,476770,476730,476731,476733,476786
4,476910,476924,476925,476927,476980
12,477060,477118,477119,477121,477175
7,477270,477312,477312,477315,477369
5,477530,477506,477506,477509,477563
9,477690,477700,477700,477704,477758
1,477900,477894,477893,477898,477952
10,478110,478088,478087,478092,478146
3,478300,478282,478281,478286,478341
11,478480,478476,478474,478480,478535
2,478690,478670,478668,478674,478729
8,478870,478865,478862,478868,478924
4,479080,479059,479055,479062,479118
6,479240,479253,479249,479256,479312
12,479400,479447,479443,479450,479507
5,479870,479841,479835,479846,479895
7,480030,480034,480029,480039,480090
1,480260,480228,480223,480232,480284
9,480420,480421,480417,480426,480479
3,480610,480615,480611,480619,480673
10,480810,480808,480804,480812,480867
2,481000,481002,480998,481005,481062
11,481200,481196,481192,481199,481256
4,481380,481389,481386,481392,481450
8,481610,481583,481580,481585,481645
6,481790,481776,481773,481778,481839
12,481940,481970,481967,481972,482033
5,482130,482163,482161,482165,482228
1,482390,482357,482355,482358,482422
7,482570,482550,482549,482552,482616
3,482760,482744,482742,482745,482811
9,482920,482937,482936,482938,483005
2,483130,483131,483130,483131,483199
10,483310,483324,483324,483325,483394
4,483500,483518,483518,483518,483588
11,483690,483711,483711,483711,483782
6,483910,483905,483905,483904,483977
8,484120,484099,484099,484098,484171
12,484290,484292,484293,484291,484365
1,484680,484677,484668,484664,484754
5,484850,484869,484861,484857,484949
7,485070,485061,485054,485050,485143
9,485280,485253,485248,485243,485337
3,485460,485445,485441,485436,485532
10,485660,485637,485634,485629,485726
2,485790,485829,485828,485822,485920
11,486010,486021,486021,486015,486115
4,486210,486213,486215,486208,486309
8,486370,486405,486408,486401,486503
6,486560,486597,486601,486594,486698
12,486770,486789,486795,486787,486892
1,487000,486981,486988,486980,487086
7,487170,487173,487182,487173,487281
5,487390,487365,487375,487366,487475
3,487610,487557,487568,487559,487669
9,487760,487749,487762,487752,487864
2,487920,487941,487955,487945,488058
10,488150,488133,488149,488138,488252
4,488320,488325,488342,488331,488447
11,488520,488517,488535,488524,488641
6,488670,488709,488729,488717,488835
8,488880,488901,488922,488910,489030
12,489110,489093,489115,489103,489224
7,489460,489489,489499,489495,489613
1,489700,489683,489693,489688,489807
5,489850,489877,489886,489882,490002
9,490050,490071,490079,490075,490196
3,490260,490264,490273,490269,490390
10,490490,490458,490466,490462,490585
2,490690,490652,490659,490656,490779
11,490850,490846,490853,490849,490973
4,491050,491040,491046,491043,491168
8,491270,491234,491239,491236,491362
6,491440,491428,491433,491430,491556
12,491580,491622,491626,491623,491751
7,491780,491816,491819,491817,491945
5,492000,492010,492013,492010,492139
1,492230,492204,492206,492204,492334
3,492430,492398,492399,492397,492528
9,492580,492592,492593,492591,492722
2,492800,492785,492786,492784,492917
10,492950,492979,492979,492978,493111
4,493190,493173,493173,493171,493305
11,493360,493367,493366,493365,493500
6,493550,493561,493559,493558,493694
8,493760,493755,493753,493752,493889
12,493960,493949,493946,493945,494083
5,494360,494338,494334,494331,494472
7,494530,494532,494528,494524,494666
3,494740,494725,494721,494718,494860
1,494930,494918,494914,494912,495055
2,495110,495111,495108,495106,495249
9,495320,495304,495301,495300,495443
4,495470,495497,495495,495494,495638
10,495640,495690,495688,495687,495832
6,495900,495884,495881,495881,496026
11,496070,496077,496075,496075,496221
8,496240,496270,496268,496269,496415
12,496440,496463,496461,496463,496609
5,496640,496656,496655,496656,496804
3,496880,496849,496848,496850,496998
7,497060,497042,497041,497044,497192
2,497270,497235,497235,497238,497387
1,497460,497429,497428,497432,497581
4,497640,497622,497622,497626,497775
9,497820,497815,497815,497819,497970
6,497990,498008,498008,498013,498164
10,498210,498201,498202,498207,498359
8,498320,498394,498395,498401,498553
11,498600,498587,498588,498595,498747
12,498790,498781,498782,498789,498942
3,499220,499177,499179,499179,499330
5,499350,499371,499373,499373,499525
2,499580,499566,499566,499567,499719
7,499720,499760,499760,499761,499913
4,499960,499954,499954,499956,500108
1,500170,500149,500147,500150,500302
6,500350,500343,500341,500344,500496
9,500520,500537,500535,500539,500691
8,500720,500732,500728,500733,500885
10,500900,500926,500922,500927,501079
11,501140,501120,501116,501121,501274
12,501330,501314,501309,501316,501468
3,501500,501509,501503,501510,501662
2,501710,501703,501697,501704,501857
5,501920,501897,501890,501899,502051
4,502110,502092,502084,502093,502245
7,502310,502286,502278,502287,502440
6,502480,502480,502471,502481,502634
1,502690,502675,502665,502676,502829
8,502800,502869,502859,502870,503023
9,503020,503063,503052,503064,503217
11,503280,503258,503246,503259,503412
10,503440,503452,503440,503453,503606
12,503690,503646,503633,503647,503800
2,504040,504039,504035,504034,504189
3,504240,504233,504229,504229,504383
4,504450,504428,504423,504424,504578
5,504620,504622,504617,504619,504772
6,504820,504817,504811,504814,504966
7,505000,505011,505005,505009,505161
8,505220,505206,505199,505204,505355
1,505390,505400,505393,505399,505549
11,505580,505595,505587,505594,505744
9,505760,505789,505781,505789,505938
10,505950,505984,505975,505983,506132
12,506200,506178,506169,506178,506327
2,506370,506373,506364,506373,506521
4,506600,506567,506558,506568,506715
3,506750,506762,506752,506763,506910
6,506980,506956,506946,506958,507104
5,507170,507151,507140,507153,507299
8,507350,507345,507334,507348,507493
7,507530,507540,507528,507543,507687
11,507750,507734,507722,507738,507882
1,507910,507929,507916,507933,508076
10,508100,508123,508110,508128,508270
9,508310,508318,508304,508323,508465
12,508530,508512,508498,508517,508659
4,508940,508912,508908,508918,509048
2,509140,509107,509102,509113,509242
6,509310,509302,509297,509308,509436
3,509500,509498,509492,509503,509631
8,509690,509693,509686,509698,509825
5,509880,509889,509881,509893,510019
11,510110,510084,510076,510088,510214
7,510260,510279,510270,510283,510408
10,510460,510475,510465,510478,510602
1,510650,510670,510660,510673,510797
9,510830,510866,510854,510868,510991
12,511080,511061,511049,511063,511185
4,511250,511256,511244,511258,511380
6,511460,511452,511439,511453,511574
2,511680,511647,511633,511648,511769
8,511840,511843,511828,511843,511963
3,512030,512038,512023,512039,512157
11,512220,512233,512217,512234,512352
5,512460,512429,512412,512429,512546
10,512610,512624,512607,512624,512740
7,512820,512820,512801,512819,512935
9,513010,513015,512996,513014,513129
1,513210,513210,513191,513209,513323
12,513420,513406,513385,513404,513518
6,513850,513798,513782,513793,513906
4,514010,513992,513977,513988,514101
8,514220,514186,514172,514182,514295
2,514350,514380,514367,514377,514489
11,514590,514574,514562,514571,514684
3,514740,514768,514757,514765,514878
10,514940,514962,514952,514960,515072
5,515160,515156,515146,515154,515267
9,515320,515350,515341,515349,515461
7,515500,515544,515536,515543,515655
1,515750,515738,515731,515738,515850
12,515970,515932,515926,515932,516044
6,516100,516126,516121,516127,516239
8,516320,516320,516316,516321,516433
4,516500,516514,516510,516516,516627
11,516750,516708,516705,516710,516822
2,516930,516902,516900,516905,517016
10,517100,517096,517095,517099,517210
3,517270,517291,517290,517294,517405
9,517440,517485,517485,517488,517599
5,517650,517679,517680,517683,517793
1,517900,517873,517874,517877,517988
7,518060,518067,518069,518072,518182
12,518290,518261,518264,518266,518376
8,518690,518654,518650,518654,518765
6,518890,518848,518844,518848,518959
11,519070,519042,519039,519043,519154
4,519240,519236,519234,519237,519348
10,519420,519431,519429,519431,519542
2,519610,519625,519623,519625,519737
9,519800,519819,519818,519819,519931
3,519970,520013,520013,520013,520126
1,520200,520207,520208,520207,520320
5,520380,520401,520402,520401,520514
7,520560,520596,520597,520595,520709
12,520770,520790,520792,520790,520903
8,520940,520984,520986,520984,521097
11,521180,521178,521181,521178,521292
6,521390,521372,521376,521372,521486
10,521610,521566,521571,521566,521680
4,521740,521760,521765,521760,521875
9,521950,521955,521960,521954,522069
2,522180,522149,522155,522148,522263
1,522370,522343,522350,522343,522458
3,522510,522537,522544,522537,522652
7,522730,522731,522739,522731,522846
5,522980,522925,522934,522925,523041
12,523100,523119,523128,523119,523235
11,523530,523512,523508,523513,523624
8,523700,523705,523702,523707,523818
10,523910,523899,523897,523900,524012
6,524110,524092,524091,524093,524207
9,524300,524286,524286,524287,524401
4,524470,524480,524480,524480,524596
1,524660,524673,524674,524674,524790
2,524880,524867,524869,524867,524984
7,525080,525060,525063,525061,525179
3,525250,525254,525258,525254,525373
5,525380,525447,525452,525447,525567
12,525580,525641,525646,525641,525762
11,525830,525834,525841,525834,525956
10,526060,526028,526035,526028,526150
8,526240,526221,526230,526221,526345
9,526450,526415,526424,526414,526539
6,526600,526608,526618,526608,526733
1,526800,526802,526813,526801,526928
4,526960,526996,527007,526995,527122
7,527180,527189,527202,527188,527316
2,527420,527383,527396,527382,527511
5,527570,527576,527590,527575,527705
3,527770,527770,527785,527768,527899
12,527970,527963,527979,527962,528094
10,528300,528341,528346,528342,528482
11,528550,528534,528540,528535,528677
9,528710,528727,528734,528728,528871
8,528930,528921,528928,528921,529066
1,529110,529114,529121,529113,529260
6,529340,529307,529315,529306,529454
7,529460,529501,529509,529499,529649
4,529680,529694,529703,529692,529843
5,529860,529887,529897,529884,530037
2,530060,530081,530090,530077,530232
3,530270,530274,530284,530270,530426
12,530440,530467,530478,530463,530620
10,530640,530661,530672,530656,530815
9,530840,530854,530866,530848,531009
11,531030,531047,531060,531041,531203
1,531220,531241,531253,531234,531398
8,531450,531434,531447,531427,531592
7,531600,531627,531641,531619,531786
6,531830,531820,531835,531812,531981
5,532040,532014,532029,532005,532175
4,532240,532207,532222,532198,532369
3,532400,532400,532416,532390,532564
2,532610,532594,532610,532583,532758
12,532810,532787,532804,532776,532952
9,533170,533167,533170,533163,533341
10,533390,533359,533364,533355,533536
1,533560,533552,533557,533548,533730
11,533770,533744,533750,533741,533924
7,533870,533937,533943,533933,534119
8,534130,534129,534137,534126,534313
5,534300,534322,534330,534319,534507
6,534470,534514,534523,534511,534702
3,534710,534707,534716,534704,534896
4,534890,534899,534909,534896,535090
2,535090,535092,535103,535089,535285
12,535260,535284,535296,535282,535479
9,535480,535477,535489,535474,535673
1,535660,535670,535682,535667,535868
10,535830,535862,535876,535859,536062
7,536030,536055,536069,536052,536256
11,536260,536247,536262,536245,536451
5,536470,536440,536455,536437,536645
8,536650,536632,536648,536630,536839
3,536860,536825,536842,536823,537034
6,536980,537017,537035,537015,537228
2,537210,537210,537228,537208,537422
4,537410,537402,537421,537400,537617
12,537620,537595,537614,537593,537811
1,538000,537975,537986,537977,538200
9,538140,538168,538179,538170,538394
10,538330,538361,538371,538362,538589
11,538570,538554,538564,538555,538783
7,538720,538747,538757,538747,538977
8,538960,538940,538950,538940,539172
5,539140,539133,539143,539133,539366
6,539330,539326,539336,539325,539560
3,539490,539519,539528,539518,539755
4,539740,539712,539721,539711,539949
2,539920,539905,539914,539903,540143
12,540050,540098,540107,540096,540338
1,540280,540291,540300,540288,540532
10,540440,540484,540493,540481,540726
9,540660,540677,540685,540674,540921
7,540840,540870,540878,540866,541115
11,541070,541063,541071,541059,541309
5,541260,541256,541264,541251,541504
8,541460,541449,541457,541444,541698
3,541650,541642,541649,541637,541892
6,541820,541835,541842,541829,542087
2,542040,542028,542035,542022,542281
4,542280,542221,542228,542215,542476
12,542420,542414,542421,542407,542670
10,542740,542789,542800,542787,543059
1,542970,542983,542993,542980,543253
9,543190,543176,543186,543173,543447
11,543400,543370,543378,543367,543642
7,543540,543563,543571,543560,543836
8,543770,543756,543764,543754,544030
5,543910,543950,543956,543947,544225
6,544140,544143,544149,544140,544419
3,544310,544337,544342,544334,544613
4,544510,544530,544534,544527,544808
2,544750,544724,544727,544720,545002
12,544910,544917,544920,544914,545196
10,545120,545110,545113,545107,545391
9,545320,545304,545305,545300,545585
1,545500,545497,545498,545494,545779
7,545690,545691,545691,545687,545974
11,545840,545884,545883,545881,546168
5,546080,546077,546076,546074,546362
8,546220,546271,546269,546267,546557
3,546470,546464,546461,546461,546751
6,546670,546658,546654,546654,546946
2,546870,546851,546847,546847,547140
4,547050,547045,547040,547041,547334
12,547280,547238,547232,547234,547529
9,547630,547626,547632,547633,547917
10,547840,547820,547825,547827,548112
7,548010,548015,548018,548020,548306
1,548260,548209,548212,548214,548500
5,548440,548403,548405,548408,548695
11,548590,548598,548598,548602,548889
3,548760,548792,548791,548796,549083
8,548960,548987,548984,548990,549278
2,549150,549181,549177,549184,549472
6,549400,549375,549371,549378,549666
4,549550,549570,549564,549572,549861
12,549730,549764,549757,549766,550055
9,549950,549959,549950,549959,550249
7,550140,550153,550143,550153,550444
10,550350,550348,550336,550347,550638
5,550570,550542,550529,550541,550832
1,550740,550736,550723,550735,551027
3,550940,550931,550916,550929,551221
11,551100,551125,551109,551123,551416
2,551300,551320,551302,551317,551610
8,551550,551514,551495,551511,551804
4,551740,551708,551688,551705,551999
6,551910,551903,551882,551898,552193
12,552090,552097,552075,552092,552387
7,552450,552477,552473,552476,552776
9,552690,552671,552667,552670,552970
5,552870,552865,552860,552864,553165
10,553080,553059,553054,553058,553359
3,553270,553253,553247,553252,553553
1,553440,553447,553441,553446,553748
2,553620,553641,553635,553640,553942
11,553790,553835,553828,553834,554136
4,554030,554029,554022,554028,554331
8,554240,554223,554215,554222,554525
6,554410,554417,554409,554416,554719
12,554600,554611,554602,554610,554914
7,554760,554805,554796,554804,555108
5,555000,554999,554989,554998,555302
9,555230,555193,555183,555192,555497
3,555430,555387,555376,555386,555691
10,555580,555581,555570,555580,555886
2,555760,555775,555763,555774,556080
1,555990,555969,555957,555968,556274
4,556180,556163,556150,556162,556469
11,556350,556357,556344,556356,556663
6,556510,556551,556537,556550,556857
8,556740,556745,556731,556744,557052
12,556950,556939,556924,556938,557246
5,557350,557327,557325,557325,557635
7,557510,557521,557519,557520,557829
3,557730,557716,557713,557714,558023
9,557920,557910,557906,557909,558218
2,558100,558104,558100,558104,558412
10,558330,558299,558294,558298,558606
4,558490,558493,558488,558493,558801
1,558660,558688,558682,558688,558995
6,558890,558882,558876,558882,559189
11,559070,559076,559070,559077,559384
8,559290,559271,559264,559272,559578
12,559410,559465,559458,559466,559772
5,559620,559659,559652,559661,559967
3,559890,559854,559846,559856,560161
7,560070,560048,560039,560050,560356
2,560260,560243,560233,560245,560550
9,560480,560437,560427,560440,560744
4,560630,560631,560621,560634,560939
10,560820,560826,560815,560829,561133
6,560990,561020,561009,561024,561327
1,561210,561214,561203,561218,561522
8,561390,561409,561397,561413,561716
11,561620,561603,561591,561608,561910
12,561800,561798,561785,561802,562105
3,562240,562189,562192,562197,562493
5,562420,562385,562387,562393,562688
2,562610,562580,562581,562588,562882
7,562750,562776,562776,562783,563076
4,562940,562972,562970,562978,563271
9,563170,563168,563165,563173,563465
6,563320,563364,563359,563369,563659
10,563510,563559,563554,563564,563854
8,563730,563755,563748,563759,564048
1,563930,563951,563943,563954,564242
11,564140,564147,564137,564149,564437
12,564350,564343,564332,564344,564631
3,564560,564538,564526,564540,564826
2,564760,564734,564721,564735,565020
5,564990,564930,564915,564930,565214
4,565160,565126,565110,565125,565409
7,565350,565322,565304,565320,565603
6,565500,565517,565499,565516,565797
9,565730,565713,565693,565711,565992
8,565880,565909,565888,565906,566186
10,566090,566105,566082,566101,566380
11,566280,566300,566277,566296,566575
1,566500,566496,566471,566492,566769
12,566700,566692,566666,566687,566963
2,567090,567080,567072,567074,567352
3,567280,567275,567267,567270,567546
4,567490,567470,567462,567466,567741
5,567680,567665,567657,567662,567935
6,567880,567860,567851,567857,568129
7,568040,568056,568046,568053,568324
8,568240,568251,568241,568249,568518
9,568450,568446,568436,568445,568712
11,568650,568641,568631,568640,568907
10,568840,568836,568826,568836,569101
1,568980,569032,569021,569032,569296
12,569240,569227,569216,569228,569490
2,569400,569422,569411,569423,569684
4,569640,569617,569606,569619,569879
3,569810,569812,569801,569815,570073
6,570000,570008,569996,570011,570267
5,570210,570203,570191,570206,570462
8,570410,570398,570386,570402,570656
7,570570,570593,570581,570598,570850
11,570810,570788,570776,570794,571045
9,571020,570984,570971,570989,571239
1,571160,571179,571166,571185,571433
10,571340,571374,571361,571381,571628
12,571580,571569,571556,571577,571822
4,572010,571971,571967,571981,572211
2,572210,572167,572163,572177,572405
6,572390,572364,572359,572373,572599
3,572560,572560,572554,572568,572794
8,572780,572756,572750,572764,572988
5,572920,572952,572945,572960,573182
11,573180,573148,573141,573155,573377
7,573290,573344,573336,573351,573571
1,573580,573541,573532,573547,573766
9,573740,573737,573727,573742,573960
10,573910,573933,573923,573938,574154
12,574110,574129,574119,574134,574349
4,574330,574325,574314,574330,574543
6,574550,574521,574510,574525,574737
2,574750,574718,574705,574721,574932
8,574900,574914,574901,574917,575126
3,575100,575110,575096,575112,575320
11,575310,575306,575292,575308,575515
5,575480,575502,575488,575504,575709
1,575690,575698,575683,575699,575903
7,575890,575895,575879,575895,576098
10,576090,576091,576074,576091,576292
9,576300,576287,576270,576286,576486
12,576490,576483,576465,576482,576681
6,576860,576868,576859,576866,577069
4,577110,577063,577055,577061,577264
8,577290,577258,577251,577256,577458
2,577450,577453,577446,577452,577652
11,577640,577649,577642,577647,577847
3,577800,577844,577837,577842,578041
1,578020,578039,578033,578037,578236
5,578240,578234,578229,578233,578430
10,578410,578429,578424,578428,578624
7,578600,578624,578620,578623,578819
9,578820,578819,578816,578818,579013
12,579020,579015,579011,579014,579207
6,579160,579210,579207,579209,579402
8,579430,579405,579402,579404,579596
4,579630,579600,579598,579599,579790
11,579800,579795,579794,579795,579985
2,579980,579990,579989,579990,580179
1,580190,580185,580185,580185,580373
3,580380,580381,580381,580380,580568
10,580580,580576,580576,580576,580762
5,580790,580771,580772,580771,580956
9,580990,580966,580967,580966,581151
7,581100,581161,581163,581161,581345
12,581380,581356,581359,581356,581539
8,581810,581756,581747,581758,581928
6,582020,581951,581943,581952,582122
11,582200,582145,582138,582147,582317
4,582360,582339,582334,582341,582511
1,582550,582534,582529,582536,582706
2,582730,582728,582725,582731,582900
10,582890,582923,582920,582925,583094
3,583080,583117,583116,583120,583289
9,583280,583311,583311,583314,583483
5,583470,583506,583507,583509,583677
7,583650,583700,583702,583704,583872
12,583830,583895,583898,583898,584066
8,584080,584089,584093,584093,584260
11,584340,584283,584289,584287,584455
6,584510,584478,584484,584482,584649
1,584690,584672,584680,584677,584843
4,584880,584867,584875,584871,585038
10,585060,585061,585071,585066,585232
2,585300,585255,585266,585260,585426
9,585460,585450,585461,585455,585621
3,585640,585644,585657,585649,585815
7,585800,585839,585852,585844,586009
5,586060,586033,586048,586039,586204
12,586200,586227,586243,586233,586398
11,586630,586614,586615,586615,586787
8,586810,586808,586810,586809,586981
1,587020,587002,587004,587003,587176
6,587220,587196,587199,587196,587370
10,587380,587390,587394,587390,587564
4,587550,587584,587589,587584,587759
9,587790,587778,587784,587777,587953
2,587980,587972,587979,587971,588147
7,588140,588166,588174,588165,588342
3,588360,588359,588369,588359,588536
5,588530,588553,588564,588552,588730
12,588680,588747,588759,588746,588925
11,588940,588941,588953,588940,589119
1,589140,589135,589148,589133,589313
8,589320,589329,589343,589327,589508
10,589510,589523,589538,589521,589702
6,589680,589717,589733,589715,589896
9,589970,589911,589928,589908,590091
4,590090,590105,590123,590102,590285
7,590290,590299,590318,590296,590479
2,590500,590493,590513,590490,590674
5,590710,590687,590708,590683,590868
3,590910,590881,590902,590877,591063
12,591080,591075,591097,591071,591257
1,591460,591462,591465,591465,591646
11,591700,591655,591659,591658,591840
10,591860,591848,591853,591851,592034
8,592090,592042,592047,592044,592229
9,592230,592235,592242,592237,592423
6,592440,592428,592436,592429,592617
7,592570,592621,592630,592622,592812
4,592780,592815,592824,592815,593006
5,592980,593008,593018,593008,593200
2,593170,593201,593213,593201,593395
3,593410,593394,593407,593394,593589
12,593570,593588,593601,593587,593783
1,593770,593781,593795,593780,593978
10,593960,593974,593990,593973,594172
11,594160,594167,594184,594166,594366
9,594350,594361,594378,594358,594561
8,594570,594554,594572,594551,594755
7,594710,594747,594767,594744,594949
6,594930,594940,594961,594937,595144
5,595170,595134,595155,595130,595338
4,595360,595327,595349,595323,595533
3,595520,595520,595543,595516,595727
2,595720,595713,595738,595709,595921
12,595920,595907,595932,595902,596116
10,596260,596278,596289,596275,596504
1,596470,596471,596482,596467,596699
11,596660,596664,596676,596660,596893
8,596840,596857,596869,596853,597087
9,597030,597049,597062,597045,597282
6,597230,597242,597256,597238,597476
7,597410,597435,597449,597431,597670
4,597620,597628,597642,597623,597865
5,597800,597821,597836,597816,598059
2,598010,598013,598029,598008,598253
3,598190,598206,598223,598201,598448
12,598390,598399,598416,598394,598642
10,598570,598592,598609,598586,598836
11,598750,598785,598803,598779,599031
1,599010,598977,598996,598972,599225
9,599150,599170,599189,599164,599419
8,599350,599363,599383,599357,599614
7,599530,599556,599576,599549,599808
6,599730,599749,599769,599742,600003
5,599980,599941,599963,599935,600197
4,600230,600134,600156,600127,600391
3,600310,600327,600350,600320,600586
2,600520,600520,600543,600513,600780
12,600720,600713,600736,600705,600974
11,601100,601097,601108,601092,601363
10,601310,601290,601301,601285,601557
9,601510,601483,601494,601478,601752
1,601690,601676,601687,601672,601946
7,601820,601869,601880,601865,602140
8,602050,602062,602073,602059,602335
5,602250,602255,602266,602252,602529
6,602450,602448,602459,602446,602723
3,602630,602641,602652,602639,602918
4,602820,602834,602845,602833,603112
2,603000,603027,603038,603026,603306
12,603200,603220,603231,603220,603501
11,603410,603414,603424,603413,603695
9,603630,603607,603616,603606,603889
10,603820,603800,603809,603800,604084
7,603970,603993,604002,603993,604278
1,604180,604186,604195,604187,604473
5,604420,604379,604388,604380,604667
8,604550,604572,604581,604574,604861
3,604740,604765,604774,604767,605056
6,604960,604958,604967,604961,605250
2,605190,605151,605160,605154,605444
4,605340,605344,605353,605348,605639
12,605550,605537,605546,605541,605833
9,605920,605927,605939,605932,606222
11,606160,606122,606132,606126,606416
7,606290,606316,606325,606320,606610
10,606520,606511,606519,606515,606805
5,606720,606705,606712,606709,606999
1,606900,606900,606905,606903,607193
3,607100,607094,607098,607097,607388
8,607280,607289,607291,607291,607582
2,607470,607483,607485,607485,607776
6,607700,607678,607678,607679,607971
4,607850,607872,607871,607873,608165
12,608010,608067,608064,608068,608359
9,608250,608261,608257,608262,608554
7,608460,608456,608451,608456,608748
11,608640,608650,608644,608650,608943
5,608860,608845,608837,608844,609137
10,609070,609039,609030,609038,609331
3,609240,609234,609223,609232,609526
1,609430,609428,609417,609426,609720
2,609630,609623,609610,609620,609914
8,609850,609817,609803,609815,610109
4,610010,610012,609996,610009,610303
6,610200,610206,610189,610203,610497
12,610390,610400,610383,610397,610692
7,610790,610788,610786,610790,611080
9,611000,610983,610979,610984,611275
5,611160,611177,611173,611179,611469
11,611370,611371,611367,611373,611663
3,611600,611566,611560,611567,611858
10,611760,611760,611754,611762,612052
2,611940,611954,611948,611956,612246
1,612120,612149,612141,612150,612441
4,612360,612343,612335,612344,612635
8,612570,612538,612529,612539,612829
6,612720,612732,612723,612733,613024
12,612890,612926,612916,612927,613218
7,613090,613121,613110,613121,613413
5,613320,613315,613304,613316,613607
9,613540,613509,613497,613510,613801
3,613750,613704,613691,613704,613996
11,613900,613898,613885,613898,614190
2,614090,614093,614078,614093,614384
10,614290,614287,614272,614287,614579
4,614500,614481,614466,614481,614773
1,614670,614676,614659,614675,614967
6,614820,614870,614853,614870,615162
8,615060,615064,615047,615064,615356
12,615270,615259,615240,615258,615550
5,615630,615648,615640,615647,615939
7,615810,615842,615834,615841,616133
3,616040,616036,616028,616035,616328
9,616260,616230,616222,616229,616522
2,616410,616424,616416,616423,616716
11,616640,616618,616610,616617,616911
4,616870,616811,616804,616811,617105
10,616990,617005,616998,617006,617299
6,617210,617199,617192,617200,617494
1,617430,617393,617386,617394,617688
8,617600,617587,617580,617588,617883
12,617720,617781,617774,617782,618077
5,617940,617975,617968,617976,618271
3,618200,618169,618162,618170,618466
7,618330,618363,618356,618364,618660
2,618570,618557,618550,618559,618854
9,618780,618751,618744,618753,619049
4,618970,618945,618938,618947,619243
11,619150,619139,619132,619141,619437
6,619330,619333,619326,619335,619632
10,619560,619527,619520,619529,619826
8,619690,619721,619714,619723,620020
1,619880,619914,619908,619918,620215
12,620090,620108,620102,620112,620409
3,620510,620495,620496,620498,620798
5,620690,620689,620690,620692,620992
2,620880,620884,620884,620886,621186
7,621050,621079,621078,621081,621381
4,621280,621273,621272,621275,621575
9,621490,621468,621467,621469,621769
6,621680,621663,621661,621664,621964
11,621850,621857,621855,621858,622158
8,622020,622052,622049,622052,622353
10,622230,622246,622243,622247,622547
1,622410,622441,622438,622441,622741
12,622640,622636,622632,622635,622936
3,622830,622830,622826,622830,623130
2,623030,623025,623020,623024,623324
5,623220,623220,623214,623218,623519
4,623410,623414,623409,623413,623713
7,623620,623609,623603,623607,623907
6,623830,623804,623797,623801,624102
9,624020,623998,623991,623996,624296
8,624150,624193,624185,624190,624490
11,624370,624388,624380,624384,624685
1,624570,624582,624574,624579,624879
10,624790,624777,624768,624773,625073
12,625010,624971,624962,624967,625268
2,625380,625361,625358,625352,625656
3,625590,625555,625552,625548,625851
4,625740,625750,625746,625743,626045
5,625930,625944,625941,625938,626239
6,626110,626139,626135,626134,626434
7,626320,626333,626329,626329,626628
8,626530,626528,626524,626524,626823
9,626740,626722,626718,626719,627017
1,626940,626916,626913,626915,627211
11,627100,627111,627107,627110,627406
10,627290,627305,627301,627305,627600
12,627520,627500,627496,627500,627794
2,627690,627694,627690,627696,627989
4,627900,627889,627884,627891,628183
3,628100,628083,628079,628086,628377
6,628290,628277,628273,628281,628572
5,628490,628472,628468,628477,628766
8,628650,628666,628662,628672,628960
7,628830,628861,628856,628867,629155
1,629030,629055,629051,629062,629349
9,629260,629250,629245,629258,629543
10,629460,629444,629440,629453,629738
11,629620,629638,629634,629648,629932
12,629840,629833,629828,629843,630126
4,630260,630239,630239,630252,630515
2,630460,630435,630434,630448,630709
6,630650,630631,630629,630643,630904
3,630870,630827,630824,630838,631098
8,631070,631023,631019,631033,631293
5,631200,631219,631214,631228,631487
1,631410,631414,631409,631424,631681
7,631560,631610,631604,631619,631876
10,631820,631806,631799,631814,632070
9,632040,632002,631994,632009,632264
11,632170,632198,632189,632204,632459
12,632400,632394,632384,632399,632653
4,632580,632590,632579,632595,632847
6,632800,632786,632774,632790,633042
2,633000,632982,632969,632985,633236
8,633170,633178,633164,633180,633430
3,633390,633374,633359,633375,633625
1,633580,633570,633554,633571,633819
5,633770,633766,633749,633766,634013
10,633950,633961,633944,633961,634208
7,634110,634157,634139,634156,634402
11,634330,634353,634334,634351,634596
9,634580,634549,634529,634547,634791
12,634760,634745,634724,634742,634985
6,635140,635125,635115,635125,635374
4,635340,635319,635310,635319,635568
8,635550,635514,635505,635513,635763
2,635690,635708,635701,635708,635957
1,635890,635903,635896,635902,636151
3,636080,636097,636091,636096,636346
10,636270,636292,636286,636290,636540
5,636450,636487,636481,636485,636734
11,636680,636681,636676,636679,636929
7,636810,636876,636871,636873,637123
9,637060,637070,637066,637068,637317
12,637260,637265,637261,637262,637512
6,637460,637459,637456,637456,637706
8,637660,637654,637651,637651,637900
4,637880,637848,637846,637845,638095
1,638030,638043,638041,638039,638289
2,638230,638237,638236,638234,638483
10,638420,638432,638431,638428,638678
3,638610,638627,638626,638622,638872
11,638790,638821,638821,638816,639066
5,639090,639016,639016,639011,639261
9,639220,639210,639211,639205,639455
7,639390,639405,639406,639399,639649
12,639620,639599,639601,639594,639844
8,639980,639984,639981,639985,640233
6,640190,640178,640176,640179,640427
1,640380,640372,640371,640373,640621
4,640540,640566,640565,640567,640816
10,640790,640760,640760,640760,641010
2,640960,640954,640955,640954,641204
11,641170,641148,641150,641148,641399
3,641320,641342,641344,641342,641593
9,641500,641536,641539,641536,641787
5,641700,641730,641734,641730,641982
7,641900,641924,641929,641923,642176
12,642100,642118,642123,642117,642370
8,642280,642312,642318,642311,642565
1,642510,642507,642513,642505,642759
6,642730,642701,642708,642699,642953
10,642900,642895,642902,642893,643148
4,643100,643089,643097,643086,643342
11,643320,643283,643292,643280,643536
2,643510,643477,643487,643474,643731
9,643670,643671,643681,643668,643925
3,643880,643865,643876,643862,644119
7,643990,644059,644071,644056,644314
5,644260,644253,644265,644249,644508
12,644460,644447,644460,644443,644703
1,644840,644828,644832,644826,645091
8,644990,645022,645026,645020,645286
6,645250,645216,645220,645213,645480
4,645420,645409,645414,645407,645674
10,645590,645603,645609,645601,645869
2,645800,645796,645803,645794,646063
11,646060,645990,645997,645988,646257
3,646160,646184,646191,646181,646452
9,646360,646377,646386,646375,646646
5,646540,646571,646580,646569,646840
7,646720,646764,646774,646762,647035
12,646930,646958,646968,646956,647229
1,647120,647152,647162,647150,647423
6,647320,647345,647357,647343,647618
8,647470,647539,647551,647537,647812
10,647730,647733,647745,647731,648006
4,647940,647926,647939,647924,648201
11,648170,648120,648134,648118,648395
2,648350,648313,648328,648312,648589
9,648520,648507,648522,648505,648784
3,648710,648701,648716,648699,648978
7,648890,648894,648910,648893,649173
5,649110,649088,649105,649086,649367
12,649280,649281,649299,649280,649561
6,649710,649667,649676,649667,649950
1,649890,649861,649870,649861,650144
8,650070,650055,650064,650055,650339
4,650250,650249,650258,650249,650533
10,650410,650443,650452,650443,650727
2,650600,650638,650646,650638,650922
11,650810,650832,650840,650832,651116
3,650990,651026,651034,651026,651310
9,651200,651220,651228,651220,651505
5,651430,651414,651422,651414,651699
7,651600,651608,651616,651608,651893
12,651830,651802,651810,651802,652088
6,651960,651996,652004,651996,652282
8,652200,652191,652198,652190,652476
1,652400,652385,652391,652384,652671
10,652570,652579,652585,652578,652865
4,652770,652773,652779,652772,653059
11,652930,652967,652973,652966,653254
2,653160,653161,653167,653160,653448
9,653370,653355,653361,653354,653643
3,653590,653549,653555,653548,653837
7,653730,653743,653749,653742,654031
5,653950,653938,653943,653936,654226
12,654150,654132,654137,654130,654420
8,654570,654521,654526,654526,654809
6,654760,654715,654720,654720,655003
10,654910,654910,654914,654914,655197
1,655100,655104,655108,655108,655392
11,655280,655298,655301,655302,655586
4,655520,655493,655495,655496,655780
9,655670,655687,655689,655690,655975
2,655830,655881,655883,655884,656169
7,656020,656076,656077,656078,656363
3,656290,656270,656271,656272,656558
5,656460,656464,656465,656466,656752
12,656630,656659,656659,656660,656946
8,656830,656853,656853,656854,657141
10,657060,657047,657047,657048,657335
6,657230,657242,657241,657242,657529
11,657460,657436,657435,657436,657724
1,657670,657630,657629,657630,657918
9,657840,657825,657823,657824,658113
4,658050,658019,658017,658018,658307
7,658170,658213,658211,658212,658501
2,658390,658408,658405,658406,658696
5,658630,658602,658599,658600,658890
3,658810,658796,658793,658794,659084
12,658980,658991,658987,658988,659279
10,659370,659371,659373,659371,659667
8,659580,659565,659567,659565,659862
11,659770,659760,659761,659759,660056
6,659990,659954,659955,659952,660250
9,660170,660148,660149,660146,660445
1,660400,660342,660342,660340,660639
7,660480,660536,660536,660534,660833
4,660700,660730,660730,660728,661028
5,660880,660924,660924,660922,661222
2,661070,661118,661118,661116,661416
3,661300,661312,661312,661310,661611
12,661470,661506,661506,661504,661805
10,661660,661700,661700,661698,662000
11,661900,661894,661894,661892,662194
8,662070,662088,662088,662086,662388
9,662280,662282,662282,662280,662583
6,662460,662476,662476,662474,662777
7,662650,662670,662670,662668,662971
1,662910,662864,662864,662862,663166
5,663110,663058,663057,663056,663360
4,663250,663252,663251,663250,663554
3,663470,663446,663445,663444,663749
2,663670,663640,663639,663638,663943
12,663820,663834,663833,663832,664137
11,664230,664218,664224,664227,664526
10,664410,664413,664418,664421,664720
9,664600,664608,664612,664615,664915
8,664830,664802,664806,664809,665109
7,664960,664997,665000,665003,665303
6,665200,665192,665194,665197,665498
5,665380,665387,665388,665391,665692
1,665570,665581,665583,665585,665886
3,665800,665776,665777,665778,666081
4,665990,665971,665971,665972,666275
2,666180,666166,666165,666166,666470
12,666340,666361,666359,666360,666664
11,666530,666555,666553,666554,666858
9,666760,666750,666747,666748,667053
10,666930,666945,666941,666942,667247
7,667090,667140,667135,667136,667441
8,667280,667334,667329,667330,667636
5,667520,667529,667523,667524,667830
6,667720,667724,667717,667717,668024
3,667950,667919,667911,667911,668219
1,668110,668114,668105,668105,668413
2,668320,668308,668299,668299,668607
4,668520,668503,668493,668493,668802
12,668750,668698,668687,668687,668996
9,669090,669071,669071,669071,669385
11,669250,669265,669265,669264,669579
7,669440,669459,669459,669458,669773
10,669640,669653,669653,669652,669968
5,669830,669847,669847,669845,670162
8,670060,670041,670041,670039,670356
3,670240,670234,670235,670233,670551
6,670410,670428,670429,670426,670745
2,670590,670622,670623,670620,670940
1,670810,670816,670817,670814,671134
4,670950,671010,671011,671007,671328
12,671190,671204,671205,671201,671523
9,671420,671398,671399,671395,671717
7,671580,671592,671592,671588,671911
11,671760,671786,671786,671782,672106
5,672020,671980,671980,671976,672300
10,672210,672174,672174,672170,672494
3,672400,672368,672368,672363,672689
8,672560,672562,672562,672557,672883
2,672770,672756,672756,672751,673077
6,672900,672949,672950,672944,673272
4,673160,673143,673144,673138,673466
1,673340,673337,673338,673332,673660
12,673530,673531,673532,673525,673855
7,673860,673910,673917,673910,674243
9,674100,674104,674111,674105,674438
5,674290,674298,674304,674299,674632
11,674510,674493,674498,674493,674826
3,674710,674687,674692,674687,675021
10,674890,674881,674886,674881,675215
2,675090,675076,675080,675075,675410
8,675280,675270,675274,675270,675604
4,675430,675464,675468,675464,675798
6,675630,675659,675662,675658,675993
1,675870,675853,675856,675852,676187
12,676040,676048,676049,676046,676381
7,676170,676242,676243,676240,676576
5,676460,676436,676437,676435,676770
9,676640,676631,676631,676629,676964
3,676860,676825,676825,676823,677159
11,677030,677019,677019,677017,677353
2,677240,677214,677213,677211,677547
10,677410,677408,677407,677405,677742
4,677570,677602,677601,677600,677936
8,677800,677797,677794,677794,678130
1,677990,677991,677988,677988,678325
6,678170,678186,678182,678182,678519
12,678400,678380,678376,678376,678713
5,678760,678768,678771,678768,679102
7,678980,678962,678965,678963,679296
3,679180,679157,679159,679157,679491
9,679340,679352,679353,679352,679685
2,679560,679546,679547,679547,679880
11,679770,679741,679741,679742,680074
4,679920,679936,679936,679937,680268
10,680100,680130,680130,680131,680463
1,680310,680325,680324,680326,680657
8,680560,680519,680518,680521,680851
6,680740,680714,680712,680716,681046
12,680890,680909,680906,680911,681240
5,681090,681103,681100,681105,681434
3,681320,681298,681294,681300,681629
7,681520,681493,681488,681495,681823
2,681710,681687,681682,681690,682017
9,681890,681882,681877,681884,682212
4,682040,682077,682071,682079,682406
11,682260,682271,682265,682274,682600
1,682440,682466,682459,682469,682795
10,682620,682660,682653,682664,682989
6,682860,682855,682847,682858,683183
8,683060,683050,683041,683053,683378
12,683270,683244,683235,683248,683572
3,683670,683639,683638,683641,683961
5,683850,683834,683832,683836,684155
2,684050,684029,684027,684031,684350
7,684230,684224,684221,684226,684544
4,684430,684419,684416,684421,684738
9,684610,684614,684610,684617,684933
1,684810,684809,684805,684812,685127
11,685010,685004,684999,685007,685321
6,685210,685199,685194,685202,685516
10,685370,685394,685388,685397,685710
8,685580,685589,685583,685592,685904
12,685740,685784,685777,685787,686099
3,686000,685979,685972,685983,686293
2,686190,686174,686166,686178,686487
5,686410,686369,686361,686373,686682
4,686550,686564,686555,686568,686876
7,686790,686759,686750,686763,687070
1,686980,686954,686944,686958,687265
9,687160,687149,687139,687153,687459
6,687340,687344,687333,687349,687653
11,687530,687539,687528,687544,687848
8,687720,687733,687722,687739,688042
10,687910,687928,687917,687934,688236
12,688100,688123,688111,688129,688431
2,688530,688521,688515,688522,688820
3,688750,688716,688710,688717,689014
4,688940,688911,688905,688912,689208
5,689110,689106,689100,689108,689403
1,689330,689301,689294,689303,689597
7,689510,689496,689489,689498,689791
6,689710,689691,689684,689693,689986
9,689900,689886,689879,689889,690180
8,690060,690081,690074,690084,690374
11,690260,690276,690269,690279,690569
10,690430,690471,690464,690474,690763
12,690650,690666,690659,690669,690957
2,690820,690861,690853,690865,691152
4,691130,691056,691048,691060,691346
3,691260,691251,691243,691255,691540
1,691460,691446,691438,691450,691735
5,691650,691641,691633,691646,691929
6,691840,691836,691828,691841,692123
7,692050,692030,692023,692036,692318
8,692190,692225,692218,692231,692512
9,692420,692420,692412,692426,692706
10,692610,692615,692607,692622,692901
11,692790,692810,692802,692817,693095
12,693010,693005,692997,693012,693290
4,693440,693399,693397,693408,693678
2,693630,693594,693592,693603,693873
1,693820,693790,693787,693798,694067
3,693990,693985,693982,693992,694261
6,694160,694181,694177,694187,694456
5,694370,694376,694373,694382,694650
8,694570,694572,694568,694577,694844
7,694720,694767,694763,694771,695039
10,694940,694962,694958,694966,695233
9,695170,695158,695153,695161,695427
11,695330,695353,695348,695356,695622
12,695560,695549,695543,695551,695816
4,695740,695744,695739,695745,696010
1,695930,695940,695934,695940,696205
2,696120,696135,696129,696135,696399
6,696340,696331,696324,696330,696593
3,696530,696526,696519,696524,696788
8,696710,696722,696714,696719,696982
5,696940,696917,696910,696914,697176
10,697100,697112,697105,697109,697371
7,697310,697308,697300,697303,697565
11,697500,697503,697495,697498,697760
9,697710,697699,697690,697693,697954
12,697920,697894,697885,697888,698148
1,698250,698273,698270,698269,698537
4,698490,698468,698464,698464,698731
2,698680,698662,698659,698658,698926
3,698880,698857,698854,698853,699120
6,699040,699051,699049,699048,699314
5,699220,699246,699244,699242,699509
8,699430,699440,699439,699437,699703
7,699580,699635,699634,699632,699897
10,699790,699829,699829,699826,700092
9,700000,700024,700024,700021,700286
11,700220,700218,700219,700216,700480
12,700400,700413,700414,700410,700675
1,700590,700607,700609,700605,700869
2,700820,700802,700804,700799,701063
4,701040,700996,700999,700994,701258
6,701220,701191,701194,701189,701452
3,701420,701385,701389,701383,701646
8,701550,701580,701584,701578,701841
5,701780,701774,701779,701773,702035
10,701980,701969,701974,701967,702230
7,702180,702163,702169,702162,702424
11,702320,702358,702364,702357,702618
9,702540,702552,702559,702551,702813
12,702760,702747,702754,702746,703007
2,703150,703137,703142,703140,703396
1,703360,703332,703337,703335,703590
4,703550,703527,703532,703530,703784
3,703740,703723,703727,703725,703979
6,703900,703918,703922,703920,704173
5,704100,704113,704117,704115,704367
8,704280,704308,704312,704310,704562
7,704510,704503,704507,704505,704756
10,704690,704699,704702,704700,704950
9,704870,704894,704897,704895,705145
11,705060,705089,705092,705090,705339
12,705280,705284,705287,705285,705533
2,705440,705480,705482,705480,705728
4,705700,705675,705676,705675,705922
1,705890,705870,705871,705870,706116
6,706060,706065,706066,706065,706311
3,706270,706261,706261,706260,706505
8,706440,706456,706456,706455,706700
5,706670,706651,706651,706650,706894
10,706860,706846,706846,706845,707088
7,707070,707042,707041,707040,707283
11,707240,707237,707236,707235,707477
9,707440,707432,707431,707430,707671
12,707610,707627,707626,707625,707866
4,708040,708019,708017,708019,708254
2,708220,708214,708212,708214,708449
6,708400,708409,708407,708409,708643
1,708660,708604,708602,708604,708837
8,708810,708799,708797,708799,709032
3,708990,708993,708992,708994,709226
10,709180,709188,709187,709189,709420
5,709350,709383,709382,709384,709615
11,709560,709578,709577,709579,709809
7,709760,709773,709772,709774,710003
9,709960,709968,709967,709969,710198
12,710170,710162,710162,710164,710392
4,710420,710357,710357,710359,710586
6,710580,710552,710552,710554,710781
2,710750,710747,710747,710749,710975
8,710890,710942,710942,710944,711170
1,711140,711136,711137,711139,711364
10,711330,711331,711332,711334,711558
3,711510,711526,711527,711529,711753
11,711700,711721,711722,711724,711947
5,711920,711916,711917,711919,712141
9,712100,712111,712112,712114,712336
7,712290,712305,712307,712309,712530
12,712540,712500,712502,712504,712724
6,712920,712897,712891,712894,713113
4,713130,713091,713086,713089,713307
8,713350,713285,713281,713284,713502
2,713500,713479,713476,713478,713696
10,713680,713674,713671,713673,713890
1,713860,713868,713866,713868,714085
11,714070,714062,714061,714062,714279
3,714230,714257,714255,714257,714473
9,714400,714451,714450,714452,714668
5,714590,714645,714645,714647,714862
7,714800,714839,714840,714841,715056
12,715000,715034,715035,715036,715251
6,715190,715228,715230,715231,715445
8,715480,715422,715425,715425,715640
4,715690,715617,715620,715620,715834
10,715850,715811,715815,715815,716028
2,716040,716005,716010,716010,716223
11,716180,716199,716204,716204,716417
1,716400,716394,716399,716399,716611
9,716590,716588,716594,716594,716806
3,716770,716782,716789,716788,717000
7,716950,716977,716984,716983,717194
5,717160,717171,717179,717178,717389
12,717370,717365,717374,717373,717583
8,717770,717760,717760,717764,717972
6,717980,717955,717955,717958,718166
10,718170,718149,718150,718153,718360
4,718360,718344,718345,718347,718555
11,718540,718538,718540,718541,718749
2,718740,718733,718734,718736,718943
9,718950,718927,718929,718930,719138
1,719120,719122,719124,719124,719332
7,719280,719317,719319,719319,719526
3,719480,719511,719514,719513,719721
5,719650,719706,719708,719707,719915
12,719890,719900,719903,719902,720110
8,720050,720095,720098,720096,720304
10,720290,720290,720293,720290,720498
6,720480,720484,720488,720485,720693
11,720690,720679,720682,720679,720887
4,720920,720873,720877,720873,721081
9,721100,721068,721072,721068,721276
2,721290,721262,721267,721262,721470
7,721460,721457,721462,721456,721664
1,721690,721652,721656,721651,721859
5,721860,721846,721851,721845,722053
3,721980,722041,722046,722039,722247
12,722230,722235,722241,722234,722442
10,722620,722620,722621,722621,722830
8,722810,722815,722816,722815,723025
11,723010,723009,723010,723009,723219
6,723200,723203,723205,723203,723413
9,723400,723397,723399,723397,723608
4,723620,723592,723594,723591,723802
7,723790,723786,723789,723785,723996
2,723970,723980,723983,723979,724191
5,724160,724174,724178,724173,724385
1,724370,724368,724372,724367,724580
3,724560,724563,724567,724561,724774
12,724720,724757,724761,724755,724968
10,724930,724951,724956,724949,725163
11,725140,725145,725150,725143,725357
8,725300,725340,725345,725337,725551
9,725530,725534,725539,725531,725746
6,725710,725728,725734,725725,725940
7,725920,725922,725929,725919,726134
4,726120,726116,726123,726113,726329
5,726330,726311,726318,726307,726523
2,726510,726505,726512,726501,726717
3,726710,726699,726707,726695,726912
1,726910,726893,726901,726889,727106
12,727110,727087,727096,727083,727300
11,727460,727473,727475,727473,727689
10,727660,727667,727669,727667,727883
9,727850,727861,727863,727861,728078
8,728070,728055,728058,728055,728272
7,728240,728249,728252,728248,728466
6,728460,728443,728446,728442,728661
5,728640,728637,728641,728636,728855
4,728860,728831,728835,728830,729050
3,728990,729025,729029,729024,729244
2,729190,729219,729223,729218,729438
1,729410,729413,729418,729411,729633
12,729600,729607,729612,729605,729827
11,729780,729801,729806,729799,730021
9,730010,729995,730000,729993,730216
10,730180,730189,730195,730187,730410
7,730380,730383,730389,730380,730604
8,730570,730577,730583,730574,730799
5,730780,730771,730777,730768,730993
6,730970,730965,730972,730962,731187
3,731160,731159,731166,731156,731382
4,731360,731353,731360,731349,731576
1,731550,731547,731555,731543,731770
2,731730,731741,731749,731737,731965
12,731950,731935,731943,731931,732159
9,732320,732320,732321,732312,732548
11,732520,732513,732515,732506,732742
7,732700,732707,732709,732700,732937
10,732920,732900,732903,732894,733131
5,733080,733094,733097,733088,733325
8,733310,733287,733291,733282,733520
3,733480,733481,733485,733477,733714
6,733630,733675,733679,733671,733908
1,733890,733868,733873,733865,734103
4,734020,734062,734067,734059,734297
2,734230,734255,734261,734253,734491
12,734410,734449,734455,734447,734686
9,734640,734643,734649,734642,734880
7,734830,734836,734843,734836,735074
11,735030,735030,735037,735030,735269
5,735270,735223,735231,735224,735463
10,735450,735417,735425,735418,735657
3,735650,735610,735619,735613,735852
8,735820,735804,735812,735807,736046
1,735990,735998,736006,736001,736240
6,736170,736191,736200,736195,736435
2,736360,736385,736394,736389,736629
4,736560,736578,736588,736583,736823
12,736790,736772,736782,736778,737018
7,737140,737166,737176,737174,737407
9,737380,737362,737371,737368,737601
5,737560,737557,737565,737563,737795
11,737760,737752,737759,737758,737990
3,737990,737947,737953,737952,738184
10,738150,738143,738147,738147,738378
1,738340,738338,738342,738342,738573
8,738550,738533,738536,738537,738767
2,738730,738728,738730,738731,738961
6,738940,738924,738924,738926,739156
4,739110,739119,739118,739121,739350
12,739270,739314,739312,739316,739544
7,739450,739509,739507,739510,739739
5,739700,739705,739701,739705,739933
9,739890,739900,739895,739900,740127
3,740130,740095,740089,740094,740322
11,740280,740290,740283,740289,740516
1,740480,740486,740478,740484,740710
10,740650,740681,740672,740679,740905
2,740870,740876,740866,740873,741099
8,741090,741071,741060,741068,741293
4,741310,741267,741254,741263,741488
6,741480,741462,741448,741458,741682
12,741660,741657,741643,741652,741877
5,742040,742044,742040,742037,742265
7,742230,742238,742235,742233,742460
3,742440,742433,742429,742428,742654
9,742620,742628,742624,742623,742848
1,742830,742823,742818,742819,743043
11,743040,743017,743013,743014,743237
2,743200,743212,743207,743209,743431
10,743380,743407,743402,743404,743626
4,743650,743602,743596,743600,743820
8,743830,743797,743790,743795,744014
6,743950,743991,743985,743990,744209
12,744160,744186,744179,744185,744403
5,744370,744381,744374,744381,744597
3,744550,744576,744568,744576,744792
7,744760,744770,744763,744771,744986
1,744960,744965,744957,744966,745180
9,745180,745160,745152,745162,745375
2,745370,745355,745346,745357,745569
11,745550,745549,745541,745552,745763
4,745790,745744,745735,745747,745958
10,745960,745939,745929,745943,746152
6,746090,746134,746124,746138,746347
8,746320,746328,746318,746333,746541
12,746520,746523,746513,746528,746735
3,746950,746925,746921,746926,747124
5,747170,747120,747116,747122,747318
1,747350,747316,747311,747318,747513
7,747480,747512,747506,747513,747707
2,747720,747707,747701,747709,747901
9,747910,747903,747896,747905,748096
4,748090,748098,748091,748101,748290
11,748290,748294,748286,748296,748484
6,748500,748489,748481,748492,748679
10,748640,748685,748676,748688,748873
8,748900,748881,748871,748884,749067
12,749020,749076,749066,749080,749262
3,749280,749272,749261,749275,749456
1,749480,749467,749456,749471,749650
5,749710,749663,749651,749667,749845
2,749850,749858,749846,749863,750039
7,750050,750054,750041,750059,750233
4,750300,750250,750236,750254,750428
9,750470,750445,750431,750450,750622
6,750620,750641,750626,750646,750817
11,750840,750836,750821,750842,751011
8,751000,751032,751016,751037,751205
10,751230,751227,751211,751233,751400
12,751410,751423,751406,751429,751594
1,751850,751824,751813,751827,751983
3,752060,752019,752009,752022,752177
2,752240,752215,752204,752218,752371
5,752430,752410,752400,752413,752566
4,752620,752606,752595,752608,752760
7,752790,752801,752791,752804,752954
6,752960,752996,752986,752999,753149
9,753180,753192,753182,753195,753343
8,753400,753387,753377,753390,753537
11,753590,753582,753572,753585,753732
10,753760,753778,753768,753781,753926
12,753970,753973,753963,753976,754120
1,754150,754168,754159,754171,754315
2,754360,754364,754354,754367,754509
3,754570,754559,754550,754562,754703
4,754790,754754,754745,754758,754898
5,754960,754950,754941,754953,755092
6,755160,755145,755136,755148,755287
7,755320,755340,755331,755344,755481
8,755530,755536,755527,755539,755675
9,755730,755731,755722,755734,755870
10,755910,755927,755918,755930,756064
11,756110,756122,756113,756125,756258
12,756330,756317,756309,756321,756453
1,756740,756711,756700,756704,756841
2,756960,756906,756895,756899,757036
3,757120,757100,757090,757095,757230
4,757280,757295,757286,757290,757424
5,757480,757489,757481,757485,757619
6,757660,757683,757677,757680,757813
7,757840,757878,757872,757875,758007
8,758070,758072,758068,758070,758202
9,758270,758267,758263,758265,758396
10,758440,758461,758458,758460,758590
11,758630,758656,758654,758655,758785
12,758880,758850,758849,758850,758979
1,759040,759045,759045,759045,759173
2,759250,759239,759240,759241,759368
3,759450,759434,759435,759436,759562
4,759620,759628,759631,759631,759757
5,759830,759823,759826,759826,759951
6,760000,760017,760022,760021,760145
7,760210,760212,760217,760216,760340
8,760380,760406,760412,760411,760534
9,760610,760601,760608,760606,760728
10,760790,760795,760803,760801,760923
11,760980,760989,760999,760996,761117
12,761220,761184,761194,761192,761311
1,761590,761579,761584,761587,761700
2,761830,761775,761780,761782,761894
3,761990,761971,761975,761977,762089
4,762170,762167,762170,762172,762283
5,762350,762362,762366,762367,762477
6,762540,762558,762561,762562,762672
7,762710,762754,762757,762757,762866
8,762940,762950,762952,762952,763060
9,763120,763145,763148,763148,763255
10,763310,763341,763343,763343,763449
11,763520,763537,763538,763538,763643
12,763750,763733,763734,763733,763838
1,763910,763929,763929,763928,764032
2,764130,764124,764125,764123,764227
3,764330,764320,764320,764318,764421
4,764540,764516,764515,764513,764615
5,764720,764712,764711,764708,764810
6,764900,764907,764906,764903,765004
7,765080,765103,765102,765099,765198
8,765250,765299,765297,765294,765393
9,765500,765495,765493,765489,765587
10,765700,765691,765688,765684,765781
11,765880,765886,765883,765879,765976
12,766170,766082,766079,766074,766170
