Bell No,Actual Time,Contest Model,HawkEar Model,RWP Model,Metronomic Model
1,22920,22920,22920,23110.6,22920
2,23150,23127.4,23127.4,23308.8,23113
3,23370,23334.8,23334.8,23506.9,23306
4,23610,23542.2,23542.2,23705.1,23499
5,23810,23749.6,23749.6,23903.3,23692
6,24030,23957,23957,24101.5,23885
7,24280,24164.3,24164.3,24299.6,24078
8,24520,24371.7,24371.7,24497.8,24270.9
9,24680,24579.1,24579.1,24696,24463.9
10,24950,24786.5,24786.5,24894.2,24656.9
11,25070,24993.9,24993.9,25092.3,24849.9
12,25250,25201.3,25201.3,25290.5,25042.9
1,25560,25408.7,25408.7,25488.7,25235.9
2,25730,25616.1,25616.1,25686.8,25428.9
3,25980,25823.5,25823.5,25885,25621.9
4,26190,26030.9,26030.9,26083.2,25814.9
5,26370,26238.3,26238.3,26281.4,26007.9
6,26560,26445.7,26445.7,26479.5,26200.9
7,26690,26653,26653,26677.7,26393.9
8,26950,26860.4,26860.4,26875.9,26586.8
9,27160,27067.8,27067.8,27074,26779.8
10,27330,27275.2,27275.2,27272.2,26972.8
11,27500,27482.6,27482.6,27470.4,27165.8
12,27690,27690,27690,27668.6,27358.8
1,28190,28162.1,28142.5,28130.2,27744.8
2,28410,28357.2,28338.8,28328.4,27937.8
3,28570,28552.2,28535.1,28526.5,28130.8
4,28760,28747.3,28731.4,28724.7,28323.8
5,28960,28942.3,28927.7,28922.9,28516.8
6,29130,29137.4,29124,29121,28709.8
7,29330,29332.4,29320.3,29319.2,28902.8
8,29530,29527.5,29516.7,29517.4,29095.7
9,29710,29722.5,29713,29715.6,29288.7
10,29940,29917.6,29909.3,29913.7,29481.7
11,30070,30112.6,30105.6,30111.9,29674.7
12,30280,30307.7,30301.9,30310.1,29867.7
1,30520,30502.7,30498.2,30508.3,30060.7
2,30710,30697.8,30694.5,30706.4,30253.7
3,30910,30892.8,30890.8,30904.6,30446.7
4,31110,31087.9,31087.1,31102.8,30639.7
5,31290,31282.9,31283.4,31300.9,30832.7
6,31470,31478,31479.7,31499.1,31025.7
7,31660,31673,31676,31697.3,31218.7
8,31830,31868.1,31872.3,31895.5,31411.6
9,32060,32063.2,32068.6,32093.6,31604.6
10,32240,32258.2,32264.9,32291.8,31797.6
11,32420,32453.3,32461.2,32490,31990.6
12,32720,32648.3,32657.5,32688.1,32183.6
1,33090,33065,33051.6,33032.2,32569.6
2,33280,33256.9,33244.3,33226.6,32762.6
3,33450,33448.7,33437,33421,32955.6
4,33630,33640.5,33629.7,33615.4,33148.6
5,33810,33832.4,33822.4,33809.8,33341.6
6,33990,34024.2,34015,34004.2,33534.6
7,34180,34216,34207.7,34198.7,33727.6
8,34410,34407.9,34400.4,34393.1,33920.5
9,34570,34599.7,34593.1,34587.5,34113.5
10,34780,34791.5,34785.8,34781.9,34306.5
11,34950,34983.3,34978.5,34976.3,34499.5
12,35170,35175.2,35171.2,35170.7,34692.5
1,35380,35367,35363.9,35365.1,34885.5
2,35570,35558.8,35556.6,35559.5,35078.5
3,35750,35750.7,35749.3,35753.9,35271.5
4,35920,35942.5,35941.9,35948.4,35464.5
5,36130,36134.3,36134.6,36142.8,35657.5
6,36330,36326.2,36327.3,36337.2,35850.5
7,36500,36518,36520,36531.6,36043.5
8,36730,36709.8,36712.7,36726,36236.4
9,36930,36901.7,36905.4,36920.4,36429.4
10,37080,37093.5,37098.1,37114.8,36622.4
11,37250,37285.3,37290.8,37309.2,36815.4
12,37550,37477.2,37483.5,37503.6,37008.4
1,37920,37896,37882.3,37872.3,37394.4
2,38130,38087.7,38074.9,38066,37587.4
3,38270,38279.4,38267.5,38259.7,37780.4
4,38480,38471.1,38460,38453.4,37973.4
5,38680,38662.8,38652.6,38647.1,38166.4
6,38840,38854.5,38845.1,38840.8,38359.4
7,39030,39046.1,39037.7,39034.6,38552.4
8,39200,39237.8,39230.2,39228.3,38745.3
9,39360,39429.5,39422.8,39422,38938.3
10,39580,39621.2,39615.4,39615.7,39131.3
11,39800,39812.9,39807.9,39809.4,39324.3
12,40010,40004.5,40000.5,40003.1,39517.3
1,40230,40196.2,40193,40196.9,39710.3
2,40410,40387.9,40385.6,40390.6,39903.3
3,40590,40579.6,40578.1,40584.3,40096.3
4,40780,40771.3,40770.7,40778,40289.3
5,40980,40963,40963.3,40971.7,40482.3
6,41180,41154.6,41155.8,41165.4,40675.3
7,41340,41346.3,41348.4,41359.2,40868.3
8,41530,41538,41540.9,41552.9,41061.2
9,41700,41729.7,41733.5,41746.6,41254.2
10,41910,41921.4,41926,41940.3,41447.2
11,42120,42113,42118.6,42134,41640.2
12,42330,42304.7,42311.1,42327.7,41833.2
1,42750,42722.5,42702.7,42702.1,42219.2
2,42970,42914,42895.4,42895.3,42412.2
3,43110,43105.5,43088.1,43088.5,42605.2
4,43300,43297,43280.8,43281.8,42798.2
5,43500,43488.5,43473.5,43475,42991.2
6,43680,43680,43666.2,43668.2,43184.2
7,43840,43871.5,43858.9,43861.4,43377.2
8,44010,44063,44051.6,44054.7,43570.1
9,44200,44254.5,44244.3,44247.9,43763.1
10,44420,44446,44437,44441.1,43956.1
11,44600,44637.5,44629.7,44634.3,44149.1
12,44820,44829,44822.4,44827.6,44342.1
1,45040,45020.4,45015.1,45020.8,44535.1
2,45200,45211.9,45207.8,45214,44728.1
3,45420,45403.4,45400.5,45407.2,44921.1
4,45620,45594.9,45593.2,45600.5,45114.1
5,45810,45786.4,45785.9,45793.7,45307.1
6,46020,45977.9,45978.6,45986.9,45500.1
7,46180,46169.4,46171.3,46180.1,45693.1
8,46320,46360.9,46364,46373.3,45886
9,46540,46552.4,46556.7,46566.6,46079
10,46710,46743.9,46749.4,46759.8,46272
11,46950,46935.4,46942.1,46953,46465
12,47170,47126.9,47134.8,47146.2,46658
1,47550,47536.2,47517.8,47510,47044
2,47750,47727.4,47710.4,47703.2,47237
3,47910,47918.5,47903,47896.4,47430
4,48070,48109.7,48095.6,48089.5,47623
5,48290,48300.9,48288.2,48282.7,47816
6,48480,48492,48480.8,48475.9,48009
7,48650,48683.2,48673.4,48669.1,48202
8,48860,48874.4,48866,48862.3,48394.9
9,49050,49065.5,49058.6,49055.5,48587.9
10,49220,49256.7,49251.3,49248.7,48780.9
11,49450,49447.9,49443.9,49441.9,48973.9
12,49650,49639,49636.5,49635.1,49166.9
1,49830,49830.2,49829.1,49828.3,49359.9
2,50030,50021.4,50021.7,50021.5,49552.9
3,50220,50212.5,50214.3,50214.6,49745.9
4,50440,50403.7,50406.9,50407.8,49938.9
5,50620,50594.9,50599.5,50601,50131.9
6,50800,50786,50792.1,50794.2,50324.9
7,50960,50977.2,50984.7,50987.4,50517.9
8,51120,51168.3,51177.3,51180.6,50710.8
9,51350,51359.5,51369.9,51373.8,50903.8
10,51520,51550.7,51562.5,51567,51096.8
11,51740,51741.8,51755.1,51760.2,51289.8
12,52000,51933,51947.7,51953.4,51482.8
1,52380,52354.4,52335.7,52332.4,51868.8
2,52570,52545.5,52528.3,52525.6,52061.8
3,52730,52736.7,52720.9,52718.8,52254.8
4,52920,52927.9,52913.5,52912,52447.8
5,53150,53119.1,53106.2,53105.2,52640.8
6,53350,53310.3,53298.8,53298.4,52833.8
7,53490,53501.4,53491.4,53491.6,53026.8
8,53690,53692.6,53684,53684.8,53219.7
9,53870,53883.8,53876.7,53878,53412.7
10,54020,54075,54069.3,54071.2,53605.7
11,54250,54266.2,54261.9,54264.4,53798.7
12,54440,54457.3,54454.5,54457.6,53991.7
1,54660,54648.5,54647.1,54650.8,54184.7
2,54850,54839.7,54839.8,54844,54377.7
3,55050,55030.9,55032.4,55037.2,54570.7
4,55230,55222.1,55225,55230.4,54763.7
5,55430,55413.2,55417.6,55423.6,54956.7
6,55620,55604.4,55610.3,55616.8,55149.7
7,55790,55795.6,55802.9,55810,55342.7
8,55910,55986.8,55995.5,56003.2,55535.6
9,56160,56178,56188.1,56196.4,55728.6
10,56330,56369.1,56380.7,56389.6,55921.6
11,56570,56560.3,56573.4,56582.8,56114.6
12,56840,56751.5,56766,56776,56307.6
1,57180,57165.4,57148.9,57145.7,56693.6
2,57380,57356.5,57341.4,57338.4,56886.6
3,57550,57547.7,57533.9,57531.1,57079.6
4,57740,57738.8,57726.4,57723.9,57272.6
5,57950,57929.9,57919,57916.6,57465.6
6,58130,58121,58111.5,58109.3,57658.6
7,58290,58312.2,58304,58302.1,57851.6
8,58440,58503.3,58496.5,58494.8,58044.5
9,58630,58694.4,58689,58687.5,58237.5
10,58830,58885.6,58881.6,58880.3,58430.5
11,59070,59076.7,59074.1,59073,58623.5
12,59260,59267.8,59266.6,59265.7,58816.5
1,59460,59458.9,59459.1,59458.4,59009.5
2,59670,59650.1,59651.6,59651.2,59202.5
3,59880,59841.2,59844.2,59843.9,59395.5
4,60080,60032.3,60036.7,60036.6,59588.5
5,60270,60223.4,60229.2,60229.4,59781.5
6,60440,60414.6,60421.7,60422.1,59974.5
7,60620,60605.7,60614.2,60614.8,60167.5
8,60750,60796.8,60806.7,60807.6,60360.4
9,60960,60987.9,60999.3,61000.3,60553.4
10,61140,61179.1,61191.8,61193,60746.4
11,61340,61370.2,61384.3,61385.8,60939.4
12,61630,61561.3,61576.8,61578.5,61132.4
1,61970,61970,61954.4,61943,61518.4
2,62180,62160.8,62146.7,62135.9,61711.4
3,62350,62351.5,62339,62328.8,61904.4
4,62540,62542.3,62531.3,62521.7,62097.4
5,62750,62733,62723.6,62714.6,62290.4
6,62940,62923.8,62915.8,62907.5,62483.4
7,63090,63114.5,63108.1,63100.4,62676.4
8,63260,63305.3,63300.4,63293.2,62869.3
9,63470,63496,63492.7,63486.1,63062.3
10,63650,63686.8,63684.9,63679,63255.3
11,63870,63877.5,63877.2,63871.9,63448.3
12,64060,64068.3,64069.5,64064.8,63641.3
1,64250,64259.1,64261.8,64257.7,63834.3
2,64440,64449.8,64454,64450.6,64027.3
3,64620,64640.6,64646.3,64643.5,64220.3
4,64870,64831.3,64838.6,64836.4,64413.3
5,65030,65022.1,65030.9,65029.3,64606.3
6,65220,65212.8,65223.1,65222.1,64799.3
7,65410,65403.6,65415.4,65415,64992.3
8,65580,65594.3,65607.7,65607.9,65185.2
9,65780,65785.1,65800,65800.8,65378.2
10,65980,65975.8,65992.3,65993.7,65571.2
11,66140,66166.6,66184.5,66186.6,65764.2
12,66420,66357.3,66376.8,66379.5,65957.2
1,66820,66777.1,66763.3,66760.8,66343.2
2,67020,66968.3,66955.6,66953.5,66536.2
3,67190,67159.5,67147.9,67146.2,66729.2
4,67350,67350.7,67340.2,67338.9,66922.2
5,67550,67541.9,67532.5,67531.7,67115.2
6,67720,67733.1,67724.8,67724.4,67308.2
7,67920,67924.3,67917.1,67917.1,67501.2
8,68030,68115.5,68109.4,68109.8,67694.1
9,68280,68306.7,68301.7,68302.6,67887.1
10,68460,68497.9,68493.9,68495.3,68080.1
11,68650,68689.2,68686.2,68688,68273.1
12,68880,68880.4,68878.5,68880.7,68466.1
1,69070,69071.6,69070.8,69073.4,68659.1
2,69250,69262.8,69263.1,69266.2,68852.1
3,69480,69454,69455.4,69458.9,69045.1
4,69720,69645.2,69647.7,69651.6,69238.1
5,69870,69836.4,69840,69844.3,69431.1
6,70040,70027.6,70032.3,70037.1,69624.1
7,70210,70218.8,70224.5,70229.8,69817.1
8,70370,70410,70416.8,70422.5,70010
9,70610,70601.2,70609.1,70615.2,70203
10,70760,70792.4,70801.4,70807.9,70396
11,70980,70983.6,70993.7,71000.7,70589
12,71220,71174.9,71186,71193.4,70782
1,71560,71579.1,71563.5,71544,71168
2,71760,71769.8,71755.6,71737.4,71361
3,71950,71960.4,71947.6,71930.8,71554
4,72160,72151,72139.7,72124.2,71747
5,72360,72341.6,72331.8,72317.5,71940
6,72540,72532.2,72523.8,72510.9,72133
7,72690,72722.9,72715.9,72704.3,72326
8,72890,72913.5,72908,72897.7,72518.9
9,73090,73104.1,73100,73091.1,72711.9
10,73300,73294.7,73292.1,73284.5,72904.9
11,73460,73485.4,73484.2,73477.8,73097.9
12,73640,73676,73676.2,73671.2,73290.9
1,73870,73866.6,73868.3,73864.6,73483.9
2,74060,74057.2,74060.4,74058,73676.9
3,74230,74247.8,74252.4,74251.4,73869.9
4,74470,74438.5,74444.5,74444.8,74062.9
5,74650,74629.1,74636.6,74638.1,74255.9
6,74840,74819.7,74828.6,74831.5,74448.9
7,75020,75010.3,75020.7,75024.9,74641.9
8,75150,75200.9,75212.8,75218.3,74834.8
9,75380,75391.6,75404.8,75411.7,75027.8
10,75590,75582.2,75596.9,75605.1,75220.8
11,75750,75772.8,75789,75798.4,75413.8
12,76020,75963.4,75981,75991.8,75606.8
2,76440,76395,76386.2,76386.5,75992.8
1,76630,76587.8,76578.8,76580.4,76185.8
3,76780,76780.6,76771.5,76774.4,76378.8
5,77020,76973.4,76964.1,76968.3,76571.8
4,77210,77166.2,77156.8,77162.2,76764.8
7,77330,77359,77349.4,77356.1,76957.8
6,77510,77551.8,77542,77550.1,77150.8
9,77740,77744.6,77734.7,77744,77343.7
8,77900,77937.4,77927.3,77937.9,77536.7
11,78090,78130.1,78120,78131.9,77729.7
10,78330,78322.9,78312.6,78325.8,77922.7
12,78520,78515.7,78505.3,78519.7,78115.7
2,78700,78708.5,78697.9,78713.6,78308.7
3,78930,78901.3,78890.5,78907.6,78501.7
1,79100,79094.1,79083.2,79101.5,78694.7
4,79310,79286.9,79275.8,79295.4,78887.7
5,79540,79479.7,79468.5,79489.3,79080.7
6,79700,79672.5,79661.1,79683.3,79273.7
7,79830,79865.3,79853.7,79877.2,79466.7
8,80040,80058.1,80046.4,80071.1,79659.6
9,80220,80250.9,80239,80265,79852.6
10,80420,80443.7,80431.7,80459,80045.6
11,80640,80636.5,80624.3,80652.9,80238.6
12,80870,80829.3,80816.9,80846.8,80431.6
3,81270,81233.5,81210.5,81214,80817.6
2,81430,81425.2,81403.4,81407.1,81010.6
4,81640,81616.8,81596.2,81600.2,81203.6
1,81800,81808.5,81789.1,81793.3,81396.6
6,81970,82000.2,81982,81986.4,81589.6
5,82190,82191.9,82174.8,82179.5,81782.6
8,82370,82383.6,82367.7,82372.6,81975.6
7,82500,82575.3,82560.5,82565.7,82168.5
10,82740,82767,82753.4,82758.8,82361.5
9,82960,82958.7,82946.2,82951.9,82554.5
11,83140,83150.4,83139.1,83144.9,82747.5
12,83330,83342.1,83332,83338,82940.5
3,83500,83533.8,83524.8,83531.1,83133.5
4,83760,83725.4,83717.7,83724.2,83326.5
2,83900,83917.1,83910.5,83917.3,83519.5
6,84090,84108.8,84103.4,84110.4,83712.5
1,84300,84300.5,84296.2,84303.5,83905.5
8,84500,84492.2,84489.1,84496.6,84098.5
5,84700,84683.9,84682,84689.7,84291.5
10,84890,84875.6,84874.8,84882.8,84484.4
7,85030,85067.3,85067.7,85075.8,84677.4
11,85280,85259,85260.5,85268.9,84870.4
9,85470,85450.7,85453.4,85462,85063.4
12,85670,85642.4,85646.2,85655.1,85256.4
4,86050,86043.5,86027.9,86022.1,85642.4
3,86250,86234.9,86220.6,86215.1,85835.4
6,86400,86426.4,86413.3,86408.1,86028.4
2,86610,86617.9,86606.1,86601.1,86221.4
8,86780,86809.4,86798.8,86794.1,86414.4
1,86950,87000.9,86991.5,86987.1,86607.4
10,87220,87192.4,87184.3,87180.1,86800.4
5,87400,87383.9,87377,87373.1,86993.3
11,87570,87575.4,87569.7,87566.1,87186.3
7,87750,87766.9,87762.5,87759.2,87379.3
9,87960,87958.4,87955.2,87952.2,87572.3
12,88140,88149.8,88147.9,88145.2,87765.3
4,88350,88341.3,88340.7,88338.2,87958.3
6,88500,88532.8,88533.4,88531.2,88151.3
3,88720,88724.3,88726.1,88724.2,88344.3
8,88870,88915.8,88918.9,88917.2,88537.3
2,89080,89107.3,89111.6,89110.2,88730.3
10,89280,89298.8,89304.3,89303.2,88923.3
1,89450,89490.3,89497.1,89496.2,89116.3
11,89700,89681.8,89689.8,89689.2,89309.2
5,89930,89873.3,89882.5,89882.2,89502.2
9,90090,90064.7,90075.3,90075.2,89695.2
7,90260,90256.2,90268,90268.2,89888.2
12,90490,90447.7,90460.7,90461.2,90081.2
6,90830,90848.9,90842.7,90832.8,90467.2
4,91030,91041.1,91035.4,91026,90660.2
8,91250,91233.3,91228.1,91219.3,90853.2
3,91400,91425.4,91420.7,91412.6,91046.2
10,91590,91617.6,91613.4,91605.9,91239.2
2,91780,91809.7,91806,91799.1,91432.2
11,92010,92001.9,91998.7,91992.4,91625.2
1,92180,92194,92191.3,92185.7,91818.1
9,92390,92386.2,92384,92379,92011.1
5,92610,92578.4,92576.6,92572.2,92204.1
7,92740,92770.5,92769.3,92765.5,92397.1
12,92940,92962.7,92961.9,92958.8,92590.1
6,93170,93154.8,93154.6,93152.1,92783.1
8,93300,93347,93347.3,93345.3,92976.1
4,93550,93539.1,93539.9,93538.6,93169.1
10,93740,93731.3,93732.6,93731.9,93362.1
3,93950,93923.5,93925.2,93925.2,93555.1
11,94120,94115.6,94117.9,94118.4,93748.1
2,94310,94307.8,94310.5,94311.7,93941.1
9,94490,94499.9,94503.2,94505,94134
1,94700,94692.1,94695.8,94698.2,94327
7,94850,94884.2,94888.5,94891.5,94520
5,95100,95076.4,95081.1,95084.8,94713
12,95300,95268.6,95273.8,95278.1,94906
8,95600,95662.9,95660,95650.5,95292
6,95800,95855.7,95852.7,95844,95485
10,96050,96048.5,96045.5,96037.5,95678
4,96260,96241.4,96238.2,96231,95871
11,96460,96434.2,96430.9,96424.5,96064
3,96660,96627,96623.7,96618,96257
9,96820,96819.8,96816.4,96811.5,96450
2,96990,97012.7,97009.1,97005,96642.9
7,97180,97205.5,97201.9,97198.6,96835.9
1,97400,97398.3,97394.6,97392.1,97028.9
5,97600,97591.2,97587.3,97585.6,97221.9
12,97750,97784,97780,97779.1,97414.9
8,97910,97976.8,97972.8,97972.6,97607.9
10,98160,98169.6,98165.5,98166.1,97800.9
6,98360,98362.5,98358.2,98359.6,97993.9
11,98570,98555.3,98551,98553.1,98186.9
4,98750,98748.1,98743.7,98746.6,98379.9
9,98960,98941,98936.4,98940.1,98572.9
3,99140,99133.8,99129.2,99133.6,98765.9
7,99300,99326.6,99321.9,99327.1,98958.8
2,99500,99519.4,99514.6,99520.7,99151.8
5,99740,99712.3,99707.4,99714.2,99344.8
1,99940,99905.1,99900.1,99907.7,99537.8
12,100120,100098,100093,100101,99730.8
10,100520,100493,100482,100479,100117
8,100700,100685,100674,100672,100310
11,100870,100878,100867,100865,100503
6,101060,101070,101060,101058,100696
9,101240,101262,101253,101252,100889
4,101460,101454,101446,101445,101082
7,101640,101647,101638,101638,101275
3,101830,101839,101831,101832,101468
5,102000,102031,102024,102025,101661
2,102210,102223,102217,102218,101854
1,102400,102416,102410,102411,102047
12,102600,102608,102603,102605,102240
10,102810,102800,102795,102798,102433
11,102960,102992,102988,102991,102626
8,103190,103184,103181,103184,102819
9,103370,103377,103374,103378,103012
6,103560,103569,103567,103571,103205
7,103750,103761,103759,103764,103398
4,103930,103953,103952,103957,103591
5,104140,104146,104145,104151,103784
3,104340,104338,104338,104344,103977
1,104540,104530,104531,104537,104170
2,104740,104722,104724,104731,104363
12,104970,104915,104916,104924,104556
11,105300,105305,105297,105293,104942
10,105500,105497,105490,105486,105135
9,105680,105689,105683,105679,105328
8,105890,105881,105875,105872,105521
7,106050,106073,106068,106064,105714
6,106250,106265,106261,106257,105907
5,106440,106457,106453,106450,106100
4,106640,106649,106646,106642,106293
1,106830,106841,106839,106835,106486
3,107010,107033,107031,107028,106679
2,107210,107225,107224,107221,106872
12,107380,107417,107417,107413,107065
11,107600,107609,107609,107606,107258
9,107800,107801,107802,107799,107450
10,108030,107993,107995,107991,107643
7,108150,108185,108188,108184,107836
8,108400,108377,108380,108377,108029
5,108590,108569,108573,108570,108222
6,108790,108761,108766,108762,108415
1,108970,108953,108958,108955,108608
4,109140,109145,109151,109148,108801
2,109300,109337,109344,109340,108994
3,109560,109529,109536,109533,109187
12,109720,109721,109729,109726,109380
9,110080,110104,110103,110092,109766
11,110270,110296,110296,110285,109959
7,110430,110488,110488,110477,110152
10,110700,110680,110681,110670,110345
5,110890,110872,110873,110863,110538
8,111070,111064,111065,111055,110731
1,111240,111256,111258,111248,110924
6,111460,111448,111450,111441,111117
2,111640,111640,111643,111633,111310
4,111810,111832,111835,111826,111503
3,111990,112025,112027,112019,111696
12,112180,112217,112220,112211,111889
9,112430,112409,112412,112404,112082
7,112540,112601,112605,112596,112275
11,112780,112793,112797,112789,112468
5,113010,112985,112989,112982,112661
10,113190,113177,113182,113174,112854
1,113380,113369,113374,113367,113047
8,113560,113561,113567,113560,113240
2,113750,113753,113759,113752,113433
6,113960,113945,113951,113945,113626
3,114140,114137,114144,114138,113819
4,114320,114329,114336,114330,114012
12,114560,114521,114529,114523,114205
7,114900,114910,114907,114894,114591
9,115110,115101,115099,115087,114784
5,115290,115293,115292,115280,114977
11,115480,115485,115484,115473,115170
1,115680,115677,115676,115666,115363
10,115860,115869,115868,115859,115556
2,116090,116060,116061,116052,115749
8,116220,116252,116253,116245,115942
3,116410,116444,116445,116438,116135
6,116610,116636,116637,116631,116328
4,116840,116828,116829,116824,116521
12,117010,117019,117022,117017,116714
7,117180,117211,117214,117210,116907
5,117400,117403,117406,117403,117100
9,117610,117595,117598,117596,117293
1,117780,117787,117791,117789,117486
11,117990,117978,117983,117982,117679
2,118200,118170,118175,118175,117872
10,118360,118362,118367,118368,118065
3,118580,118554,118560,118561,118258
8,118710,118746,118752,118754,118451
4,118970,118937,118944,118947,118644
6,119110,119129,119136,119140,118837
12,119330,119321,119328,119333,119030
5,119750,119721,119715,119708,119416
7,119920,119913,119907,119901,119609
1,120130,120104,120100,120094,119802
9,120300,120296,120292,120287,119995
2,120510,120488,120484,120481,120188
11,120710,120680,120676,120674,120381
3,120880,120872,120869,120867,120574
10,121090,121064,121061,121060,120767
4,121270,121255,121253,121253,120960
8,121370,121447,121445,121446,121153
6,121540,121639,121638,121639,121346
12,121760,121831,121830,121832,121539
5,121990,122023,122022,122025,121732
1,122250,122215,122215,122218,121925
7,122420,122406,122407,122411,122118
2,122610,122598,122599,122604,122311
9,122830,122790,122791,122797,122504
3,123010,122982,122984,122990,122697
11,123190,123174,123176,123183,122890
4,123430,123366,123368,123376,123083
10,123550,123557,123560,123569,123276
6,123720,123749,123753,123762,123469
8,123930,123941,123945,123955,123662
12,124120,124133,124137,124148,123855
1,124540,124530,124523,124518,124241
5,124730,124722,124715,124711,124434
7,124920,124914,124908,124904,124627
9,125150,125105,125100,125096,124820
2,125320,125297,125292,125289,125013
11,125490,125489,125485,125482,125206
3,125680,125681,125677,125675,125399
10,125890,125872,125869,125868,125592
4,126030,126064,126061,126061,125785
8,126220,126256,126254,126254,125978
6,126410,126448,126446,126447,126171
12,126600,126640,126638,126639,126364
1,126820,126831,126830,126832,126557
7,127000,127023,127023,127025,126750
5,127210,127215,127215,127218,126943
2,127410,127407,127407,127411,127136
9,127630,127598,127600,127604,127329
3,127820,127790,127792,127797,127522
11,127990,127982,127984,127989,127715
4,128200,128174,128176,128182,127908
10,128360,128365,128369,128375,128101
6,128530,128557,128561,128568,128294
8,128730,128749,128753,128761,128487
12,128980,128941,128946,128954,128680
7,129320,129330,129331,129324,129066
1,129510,129523,129523,129517,129259
5,129700,129715,129715,129710,129452
9,129940,129908,129908,129903,129645
2,130110,130100,130100,130095,129838
11,130280,130293,130292,130288,130031
3,130480,130486,130485,130481,130224
10,130680,130678,130677,130674,130417
4,130880,130871,130869,130867,130610
8,131040,131063,131062,131060,130803
6,131230,131256,131254,131253,130996
12,131410,131448,131446,131446,131189
7,131610,131641,131639,131639,131382
5,131800,131833,131831,131831,131574
1,132040,132026,132023,132024,131767
2,132220,132218,132216,132217,131960
9,132420,132411,132408,132410,132153
3,132620,132603,132600,132603,132346
11,132780,132796,132793,132796,132539
4,133020,132988,132985,132989,132732
10,133190,133181,133177,133182,132925
6,133400,133373,133370,133374,133118
8,133560,133566,133562,133567,133311
12,133770,133758,133754,133760,133504
5,134130,134146,134139,134132,133890
7,134320,134337,134331,134324,134083
2,134530,134529,134523,134517,134276
1,134740,134721,134716,134710,134469
3,134910,134913,134908,134903,134662
9,135120,135105,135100,135096,134855
4,135280,135297,135293,135289,135048
11,135470,135489,135485,135482,135241
6,135690,135681,135677,135675,135434
10,135890,135873,135870,135868,135627
8,136030,136064,136062,136061,135820
12,136230,136256,136254,136254,136013
5,136410,136448,136447,136447,136206
2,136650,136640,136639,136640,136399
7,136850,136832,136831,136833,136592
3,137040,137024,137024,137026,136785
1,137230,137216,137216,137219,136978
4,137420,137408,137408,137412,137171
9,137630,137600,137601,137605,137364
6,137780,137791,137793,137798,137557
11,137990,137983,137985,137990,137750
8,138150,138175,138178,138183,137943
10,138350,138367,138370,138376,138136
12,138570,138559,138562,138569,138329
2,139010,138953,138947,138940,138715
5,139170,139145,139140,139133,138908
3,139350,139337,139332,139326,139101
7,139510,139529,139524,139519,139294
4,139700,139721,139717,139712,139487
1,139920,139912,139909,139905,139680
6,140060,140104,140101,140098,139873
9,140310,140296,140294,140291,140066
8,140470,140488,140486,140484,140259
11,140700,140680,140678,140677,140452
10,140840,140872,140871,140870,140645
12,141050,141064,141063,141063,140838
2,141220,141255,141255,141257,141031
3,141440,141447,141448,141450,141224
5,141660,141639,141640,141643,141417
4,141840,141831,141832,141836,141610
7,142040,142023,142025,142029,141803
6,142220,142215,142217,142222,141996
1,142410,142407,142409,142415,142189
8,142590,142598,142601,142608,142382
9,142790,142790,142794,142801,142575
10,142950,142982,142986,142994,142768
11,143180,143174,143178,143187,142961
12,143410,143366,143371,143380,143154
3,143800,143761,143759,143747,143540
2,143960,143954,143952,143940,143733
4,144180,144146,144144,144134,143926
5,144360,144339,144337,144328,144119
6,144500,144531,144529,144522,144312
7,144680,144724,144722,144715,144505
8,144930,144916,144914,144909,144698
1,145080,145108,145106,145103,144891
10,145300,145301,145299,145297,145084
9,145500,145493,145491,145491,145277
11,145650,145686,145684,145684,145470
12,145900,145878,145876,145878,145663
3,146100,146071,146069,146072,145856
4,146270,146263,146261,146266,146049
2,146430,146456,146453,146459,146242
6,146630,146648,146646,146653,146435
5,146840,146841,146838,146847,146628
8,146980,147033,147031,147041,146821
7,147180,147226,147223,147235,147014
10,147440,147418,147416,147428,147207
1,147610,147611,147608,147622,147400
11,147810,147803,147800,147816,147593
9,148020,147996,147993,148010,147786
12,148250,148188,148185,148203,147979
4,148660,148592,148588,148583,148365
3,148840,148785,148781,148777,148558
6,149000,148978,148974,148972,148751
2,149170,149172,149167,149166,148944
8,149300,149365,149360,149361,149137
5,149540,149559,149553,149555,149330
10,149750,149752,149746,149750,149523
7,149920,149946,149939,149944,149716
11,150120,150139,150132,150139,149909
1,150350,150333,150324,150333,150102
9,150520,150526,150517,150527,150295
12,150730,150720,150710,150722,150488
4,150940,150913,150903,150916,150681
6,151120,151107,151096,151111,150874
3,151320,151300,151289,151305,151067
8,151480,151494,151482,151500,151260
2,151650,151687,151675,151694,151453
10,151860,151881,151868,151889,151646
5,152070,152074,152061,152083,151839
11,152280,152268,152254,152278,152032
7,152440,152461,152447,152472,152225
9,152670,152655,152640,152666,152418
1,152860,152848,152833,152861,152611
12,153070,153042,153026,153055,152804
6,153520,153441,153430,153432,153190
4,153650,153635,153624,153626,153383
8,153840,153828,153817,153821,153576
3,154000,154022,154010,154015,153769
10,154200,154215,154204,154210,153962
2,154370,154409,154397,154404,154155
11,154610,154602,154591,154599,154348
5,154830,154796,154784,154793,154541
9,154970,154989,154978,154987,154734
7,155120,155183,155171,155182,154927
1,155380,155376,155365,155376,155120
12,155590,155570,155558,155571,155313
6,155760,155763,155751,155765,155506
8,155990,155957,155945,155960,155698
4,156160,156150,156138,156154,155891
10,156330,156344,156332,156348,156084
3,156510,156537,156525,156543,156277
11,156740,156731,156719,156737,156470
2,156920,156924,156912,156932,156663
9,157100,157118,157106,157126,156856
5,157300,157311,157299,157321,157049
1,157510,157505,157493,157515,157242
7,157690,157698,157686,157709,157435
12,157940,157892,157879,157904,157628
8,158320,158288,158276,158279,158014
6,158500,158482,158470,158473,158207
10,158680,158675,158663,158667,158400
4,158880,158868,158857,158861,158593
11,159060,159061,159051,159055,158786
3,159260,159255,159245,159249,158979
9,159430,159448,159438,159444,159172
2,159600,159641,159632,159638,159365
1,159830,159834,159826,159832,159558
5,160020,160028,160019,160026,159751
7,160200,160221,160213,160220,159944
12,160390,160414,160407,160414,160137
8,160590,160607,160600,160608,160330
10,160810,160800,160794,160802,160523
6,160980,160994,160988,160996,160716
11,161240,161187,161182,161190,160909
4,161380,161380,161375,161384,161102
9,161610,161573,161569,161578,161295
3,161770,161767,161763,161772,161488
1,161940,161960,161956,161966,161681
2,162140,162153,162150,162160,161874
7,162330,162346,162344,162354,162067
5,162580,162540,162538,162548,162260
12,162720,162733,162731,162742,162453
10,163140,163127,163116,163112,162839
8,163310,163319,163309,163306,163032
11,163530,163512,163503,163500,163225
6,163720,163704,163697,163694,163418
9,163900,163897,163890,163887,163611
4,164070,164090,164084,164081,163804
1,164290,164282,164277,164275,163997
3,164460,164475,164471,164469,164190
7,164640,164667,164664,164663,164383
2,164840,164860,164858,164856,164576
5,165040,165052,165052,165050,164769
12,165240,165245,165245,165244,164962
10,165420,165438,165439,165438,165155
11,165650,165630,165632,165632,165348
8,165830,165823,165826,165825,165541
9,166020,166015,166020,166019,165734
6,166220,166208,166213,166213,165927
1,166440,166401,166407,166407,166120
4,166620,166593,166600,166601,166313
7,166780,166786,166794,166794,166506
3,166950,166978,166988,166988,166699
5,167140,167171,167181,167182,166892
2,167330,167364,167375,167376,167085
12,167600,167556,167568,167570,167278
11,167970,167951,167950,167950,167664
10,168150,168144,168144,168143,167857
9,168340,168337,168337,168336,168050
8,168560,168530,168531,168529,168243
1,168710,168724,168724,168722,168436
6,168940,168917,168917,168916,168629
7,169110,169110,169111,169109,168822
4,169300,169303,169304,169302,169015
5,169460,169496,169498,169495,169208
3,169650,169689,169691,169688,169401
2,169840,169882,169885,169881,169594
12,170010,170075,170078,170075,169787
11,170270,170268,170272,170268,169980
9,170490,170462,170465,170461,170173
10,170660,170655,170658,170654,170366
1,170830,170848,170852,170847,170559
8,171060,171041,171045,171041,170752
7,171230,171234,171239,171234,170945
6,171440,171427,171432,171427,171138
5,171650,171620,171626,171620,171331
4,171860,171813,171819,171813,171524
2,171980,172006,172013,172007,171717
3,172210,172199,172206,172200,171910
12,172390,172393,172399,172393,172103
9,172780,172776,172766,172761,172489
11,172960,172967,172959,172953,172682
1,173180,173158,173152,173145,172875
10,173370,173349,173345,173337,173068
7,173510,173540,173537,173530,173261
8,173730,173731,173730,173722,173454
5,173900,173923,173923,173914,173647
6,174080,174114,174116,174106,173840
2,174300,174305,174309,174298,174033
4,174510,174496,174502,174490,174226
3,174670,174687,174694,174683,174419
12,174830,174878,174887,174875,174612
9,175090,175069,175080,175067,174805
1,175240,175260,175273,175259,174998
11,175480,175452,175466,175451,175191
7,175660,175643,175659,175643,175384
10,175810,175834,175851,175836,175577
5,176030,176025,176044,176028,175770
8,176220,176216,176237,176220,175963
2,176390,176407,176430,176412,176156
6,176580,176598,176623,176604,176349
3,176810,176789,176816,176796,176542
4,176990,176980,177008,176989,176735
12,177180,177172,177201,177181,176928
1,177560,177557,177560,177544,177314
9,177750,177748,177752,177736,177507
11,177940,177939,177944,177928,177700
10,178140,178129,178136,178120,177893
7,178280,178320,178328,178312,178086
8,178500,178511,178520,178503,178279
5,178700,178702,178712,178695,178472
6,178890,178893,178904,178887,178665
2,179080,179084,179096,179079,178858
4,179300,179275,179288,179271,179051
3,179460,179466,179480,179462,179244
12,179620,179657,179672,179654,179437
1,179830,179848,179864,179846,179630
11,180030,180039,180056,180038,179822
9,180240,180230,180249,180229,180015
7,180400,180421,180441,180421,180208
10,180610,180612,180633,180613,180401
5,180790,180803,180825,180805,180594
8,181000,180994,181017,180997,180787
2,181160,181185,181209,181188,180980
6,181360,181376,181401,181380,181173
3,181570,181567,181593,181572,181366
4,181790,181758,181785,181764,181559
12,182000,181949,181977,181956,181752
11,182310,182330,182342,182319,182138
1,182540,182522,182534,182512,182331
9,182710,182714,182725,182704,182524
10,182930,182905,182917,182896,182717
7,183060,183097,183108,183089,182910
8,183290,183289,183300,183281,183103
5,183450,183480,183491,183473,183296
6,183660,183672,183683,183666,183489
2,183860,183863,183874,183858,183682
4,184070,184055,184066,184050,183875
3,184240,184247,184258,184242,184068
12,184390,184438,184449,184435,184261
11,184600,184630,184641,184627,184454
9,184830,184822,184832,184819,184647
1,184990,185013,185024,185012,184840
7,185180,185205,185215,185204,185033
10,185410,185396,185407,185396,185226
5,185610,185588,185598,185588,185419
8,185760,185780,185790,185781,185612
2,185960,185971,185982,185973,185805
6,186130,186163,186173,186165,185998
3,186370,186355,186365,186358,186191
4,186630,186546,186556,186550,186384
12,186760,186738,186748,186742,186577
9,187110,187123,187132,187116,186963
11,187290,187316,187324,187309,187156
7,187470,187508,187515,187502,187349
1,187710,187701,187707,187695,187542
5,187950,187893,187899,187888,187735
10,188140,188086,188090,188081,187928
2,188300,188278,188282,188274,188121
8,188420,188471,188473,188467,188314
3,188640,188663,188665,188660,188507
6,188800,188856,188857,188853,188700
4,189050,189048,189048,189046,188893
12,189200,189241,189240,189239,189086
9,189450,189433,189432,189432,189279
7,189570,189626,189623,189625,189472
11,189830,189818,189815,189818,189665
5,190040,190010,190006,190011,189858
1,190240,190203,190198,190204,190051
2,190430,190395,190390,190397,190244
10,190610,190588,190581,190590,190437
3,190780,190780,190773,190783,190630
8,190930,190973,190965,190976,190823
4,191170,191165,191156,191169,191016
6,191350,191358,191348,191362,191209
12,191570,191550,191540,191555,191402
7,191960,191941,191936,191930,191788
9,192150,192133,192128,192123,191981
5,192340,192325,192320,192317,192174
11,192510,192518,192512,192510,192367
2,192710,192710,192704,192703,192560
1,192910,192902,192896,192896,192753
3,193090,193094,193088,193090,192946
10,193300,193287,193280,193283,193139
4,193530,193479,193472,193476,193332
8,193650,193671,193664,193670,193525
6,193810,193864,193856,193863,193718
12,194020,194056,194048,194056,193911
7,194210,194248,194240,194250,194104
5,194440,194440,194432,194443,194297
9,194650,194633,194624,194636,194490
2,194800,194825,194816,194829,194683
11,195020,195017,195008,195023,194876
3,195240,195209,195200,195216,195069
1,195420,195402,195392,195409,195262
4,195640,195594,195584,195603,195455
10,195810,195786,195776,195796,195648
6,195980,195979,195968,195989,195841
8,196100,196171,196160,196183,196034
12,196380,196363,196352,196376,196227
5,196780,196755,196749,196748,196613
7,196950,196947,196942,196942,196806
2,197120,197140,197134,197135,196999
9,197330,197333,197326,197328,197192
3,197530,197525,197519,197521,197385
11,197720,197718,197711,197715,197578
4,197910,197911,197904,197908,197771
1,198120,198103,198096,198101,197964
6,198310,198296,198288,198294,198157
10,198500,198488,198481,198488,198350
8,198660,198681,198673,198681,198543
12,198830,198874,198865,198874,198736
5,199050,199066,199058,199067,198929
2,199260,199259,199250,199261,199122
7,199480,199452,199443,199454,199315
3,199670,199644,199635,199647,199508
9,199840,199837,199827,199840,199701
4,200030,200029,200020,200034,199894
11,200220,200222,200212,200227,200087
6,200420,200415,200404,200420,200280
1,200610,200607,200597,200613,200473
8,200770,200800,200789,200807,200666
10,200980,200993,200982,201000,200859
12,201210,201185,201174,201193,201052
2,201590,201574,201566,201563,201438
5,201810,201767,201759,201756,201631
3,202000,201959,201951,201949,201824
7,202130,202151,202144,202143,202017
4,202370,202343,202336,202336,202210
9,202510,202536,202529,202529,202403
6,202690,202728,202721,202723,202596
11,202910,202920,202914,202916,202789
8,203080,203113,203107,203109,202982
1,203270,203305,203299,203303,203175
10,203470,203497,203492,203496,203368
12,203670,203690,203684,203689,203561
2,203870,203882,203877,203882,203753
3,204090,204074,204069,204076,203946
5,204300,204266,204262,204269,204139
4,204500,204459,204455,204462,204332
7,204670,204651,204647,204656,204525
6,204840,204843,204840,204849,204718
9,205050,205036,205032,205042,204911
8,205190,205228,205225,205236,205104
11,205440,205420,205417,205429,205297
10,205610,205613,205610,205622,205490
1,205790,205805,205803,205816,205683
12,206010,205997,205995,206009,205876
3,206420,206393,206386,206379,206262
2,206600,206585,206579,206573,206455
4,206820,206778,206772,206766,206648
5,207010,206970,206964,206960,206841
6,207150,207162,207157,207154,207034
7,207330,207355,207350,207348,207227
8,207550,207547,207542,207541,207420
9,207720,207739,207735,207735,207613
10,207920,207932,207928,207929,207806
11,208100,208124,208121,208123,207999
1,208330,208317,208313,208316,208192
12,208520,208509,208506,208510,208385
3,208730,208701,208699,208704,208578
4,208910,208894,208891,208898,208771
2,209060,209086,209084,209091,208964
6,209250,209279,209277,209285,209157
5,209460,209471,209470,209479,209350
8,209640,209663,209662,209673,209543
7,209830,209856,209855,209867,209736
10,210030,210048,210048,210060,209929
9,210240,210240,210240,210254,210122
1,210420,210433,210433,210448,210315
11,210640,210625,210626,210642,210508
12,210890,210818,210818,210835,210701
4,211280,211215,211216,211204,211087
3,211430,211409,211409,211399,211280
6,211600,211602,211602,211594,211473
2,211800,211796,211795,211789,211666
8,211970,211990,211988,211983,211859
5,212170,212184,212181,212178,212052
10,212340,212377,212374,212373,212245
7,212540,212571,212567,212568,212438
1,212770,212765,212761,212762,212631
9,212950,212958,212954,212957,212824
11,213150,213152,213147,213152,213017
12,213380,213346,213340,213347,213210
4,213550,213540,213533,213542,213403
6,213750,213733,213726,213736,213596
3,213940,213927,213919,213931,213789
8,214110,214121,214112,214126,213982
2,214290,214314,214305,214321,214175
10,214500,214508,214498,214515,214368
5,214680,214702,214691,214710,214561
1,214890,214896,214884,214905,214754
7,215070,215089,215077,215100,214947
11,215290,215283,215270,215294,215140
9,215480,215477,215463,215489,215333
12,215730,215670,215657,215684,215526
6,216130,216071,216069,216071,215912
4,216280,216266,216263,216266,216105
8,216480,216461,216456,216461,216298
3,216650,216656,216650,216657,216491
10,216860,216851,216844,216852,216684
2,217030,217046,217038,217047,216877
1,217250,217241,217232,217242,217070
5,217430,217436,217426,217437,217263
11,217630,217631,217619,217632,217456
7,217780,217826,217813,217828,217649
9,218000,218021,218007,218023,217842
12,218200,218216,218201,218218,218035
6,218420,218411,218395,218413,218228
8,218590,218606,218589,218608,218421
4,218790,218801,218783,218803,218614
10,219010,218996,218976,218998,218807
3,219190,219191,219170,219194,219000
1,219400,219386,219364,219389,219193
2,219580,219581,219558,219584,219386
11,219780,219776,219752,219779,219579
5,220010,219971,219946,219974,219772
9,220170,220165,220139,220169,219965
7,220340,220360,220333,220365,220158
12,220570,220555,220527,220560,220351
8,220910,220944,220929,220939,220737
6,221140,221138,221123,221133,220930
10,221350,221332,221317,221327,221123
4,221550,221526,221511,221521,221316
1,221730,221719,221706,221716,221509
3,221920,221913,221900,221910,221702
11,222130,222107,222094,222104,221895
2,222280,222301,222288,222298,222088
9,222490,222495,222483,222493,222281
5,222680,222689,222677,222687,222474
7,222860,222883,222871,222881,222667
12,223050,223076,223065,223075,222860
8,223230,223270,223259,223270,223053
10,223470,223464,223454,223464,223246
6,223680,223658,223648,223658,223439
1,223880,223852,223842,223852,223632
4,224030,224046,224036,224047,223825
11,224260,224240,224231,224241,224018
3,224440,224433,224425,224435,224211
9,224650,224627,224619,224629,224404
2,224810,224821,224813,224824,224597
7,224990,225015,225007,225018,224790
5,225200,225209,225202,225212,224983
12,225410,225403,225396,225406,225176
10,225790,225782,225774,225770,225562
8,225940,225975,225968,225963,225755
1,226180,226168,226162,226157,225948
6,226390,226361,226356,226351,226141
4,226610,226554,226550,226544,226334
11,226610,226747,226744,226738,226527
9,226990,226940,226938,226932,226720
3,227120,227133,227132,227126,226913
7,227300,227326,227326,227319,227106
2,227490,227519,227520,227513,227299
5,227680,227712,227714,227707,227492
12,227870,227905,227907,227901,227685
10,228090,228098,228101,228094,227877
1,228280,228291,228295,228288,228070
8,228470,228484,228489,228482,228263
11,228680,228677,228683,228676,228456
6,228890,228870,228877,228869,228649
9,229130,229063,229071,229063,228842
4,229240,229256,229265,229257,229035
7,229460,229449,229459,229451,229228
3,229640,229642,229653,229644,229421
5,229820,229835,229847,229838,229614
2,230010,230028,230041,230032,229807
12,230260,230221,230235,230225,230000
1,230610,230608,230611,230603,230386
10,230820,230801,230805,230797,230579
11,231000,230995,230998,230991,230772
8,231190,231188,231192,231184,230965
9,231390,231381,231385,231378,231158
6,231590,231574,231579,231571,231351
7,231730,231768,231773,231765,231544
4,231960,231961,231966,231958,231737
5,232130,232154,232160,232152,231930
3,232340,232347,232353,232346,232123
2,232510,232541,232547,232539,232316
12,232710,232734,232741,232733,232509
1,232920,232927,232934,232926,232702
11,233150,233120,233128,233120,232895
10,233310,233314,233321,233314,233088
9,233500,233507,233515,233507,233281
8,233720,233700,233709,233701,233474
7,233860,233893,233902,233894,233667
6,234080,234087,234096,234088,233860
5,234290,234280,234290,234281,234053
4,234490,234473,234483,234475,234246
2,234680,234666,234677,234669,234439
3,234870,234860,234870,234862,234632
12,235060,235053,235064,235056,234825
11,235460,235431,235436,235432,235211
1,235630,235624,235629,235624,235404
10,235810,235817,235822,235817,235597
8,235970,236010,236016,236010,235790
9,236180,236203,236209,236202,235983
6,236380,236396,236402,236395,236176
7,236580,236589,236595,236587,236369
4,236790,236782,236788,236780,236562
5,236980,236975,236982,236973,236755
3,237160,237168,237175,237165,236948
2,237370,237360,237368,237358,237141
12,237520,237553,237561,237550,237334
11,237740,237746,237754,237743,237527
10,237950,237939,237947,237936,237720
1,238140,238132,238141,238128,237913
9,238310,238325,238334,238321,238106
8,238460,238518,238527,238513,238299
7,238650,238711,238720,238706,238492
6,238880,238904,238913,238898,238685
5,239110,239097,239107,239091,238878
4,239330,239290,239300,239284,239071
2,239500,239483,239493,239476,239264
3,239720,239676,239686,239669,239457
12,239900,239869,239879,239861,239650
10,240220,240238,240237,240219,240036
11,240420,240429,240429,240411,240229
9,240630,240620,240622,240603,240422
1,240830,240811,240814,240795,240615
7,240960,241002,241006,240988,240808
8,241150,241193,241199,241180,241001
5,241370,241384,241391,241372,241194
6,241520,241575,241584,241564,241387
2,241790,241766,241776,241757,241580
4,241990,241957,241968,241949,241773
3,242140,242148,242161,242141,241966
12,242310,242339,242353,242333,242159
10,242500,242530,242545,242526,242352
9,242730,242721,242738,242718,242545
11,242980,242912,242930,242910,242738
7,243060,243103,243122,243102,242931
1,243290,243294,243315,243295,243124
5,243530,243485,243507,243487,243317
8,243650,243676,243700,243679,243510
2,243860,243867,243892,243871,243703
6,244060,244058,244084,244064,243896
3,244240,244249,244277,244256,244089
4,244430,244440,244469,244448,244282
12,244650,244631,244661,244641,244475
9,245000,245023,245032,245014,244861
10,245210,245215,245224,245207,245054
7,245400,245406,245416,245399,245247
11,245660,245598,245608,245592,245440
5,245810,245790,245800,245785,245633
1,246010,245982,245992,245978,245826
2,246240,246173,246184,246170,246019
8,246370,246365,246376,246363,246212
3,246530,246557,246567,246556,246405
6,246720,246748,246759,246748,246598
4,246920,246940,246951,246941,246791
12,247070,247132,247143,247134,246984
9,247330,247323,247335,247326,247177
7,247500,247515,247527,247519,247370
10,247720,247707,247719,247712,247563
5,247880,247899,247911,247904,247756
11,248120,248090,248103,248097,247949
2,248300,248282,248295,248290,248142
1,248520,248474,248487,248482,248335
3,248700,248665,248679,248675,248528
8,248810,248857,248871,248868,248721
4,249050,249049,249063,249061,248914
6,249240,249240,249255,249253,249107
12,249410,249432,249447,249446,249300
7,249820,249818,249829,249817,249686
9,250040,250011,250021,250010,249879
5,250180,250204,250213,250203,250072
10,250420,250396,250405,250396,250265
2,250610,250589,250597,250588,250458
11,250800,250782,250789,250781,250651
3,250990,250975,250981,250974,250844
1,251190,251167,251173,251167,251037
4,251380,251360,251365,251360,251230
8,251510,251553,251557,251553,251423
6,251670,251746,251748,251745,251616
12,251910,251938,251940,251938,251809
7,252040,252131,252132,252131,252001
5,252290,252324,252324,252324,252194
9,252510,252517,252516,252517,252387
2,252700,252709,252708,252709,252580
10,252940,252902,252900,252902,252773
3,253120,253095,253092,253095,252966
11,253300,253288,253284,253288,253159
4,253530,253481,253476,253481,253352
1,253700,253673,253668,253674,253545
6,253830,253866,253860,253866,253738
8,254050,254059,254052,254059,253931
12,254300,254252,254244,254252,254124
5,254630,254630,254631,254618,254510
7,254790,254822,254823,254811,254703
2,254980,255015,255016,255005,254896
9,255190,255207,255208,255198,255089
3,255390,255400,255400,255392,255282
10,255610,255592,255592,255585,255475
4,255770,255785,255784,255778,255668
11,256000,255978,255976,255972,255861
6,256190,256170,256168,256165,256054
1,256380,256363,256360,256359,256247
8,256610,256555,256552,256552,256440
12,256760,256748,256744,256745,256633
5,256930,256940,256936,256939,256826
2,257110,257133,257128,257132,257019
7,257310,257325,257320,257326,257212
3,257520,257518,257513,257519,257405
9,257720,257711,257705,257712,257598
4,257850,257903,257897,257906,257791
10,258060,258096,258089,258099,257984
6,258260,258288,258281,258293,258177
11,258500,258481,258473,258486,258370
8,258670,258673,258665,258679,258563
1,258880,258866,258857,258873,258756
12,259100,259058,259049,259066,258949
2,259480,259450,259450,259446,259335
5,259670,259643,259642,259640,259528
3,259870,259836,259835,259833,259721
7,260010,260030,260028,260027,259914
4,260220,260223,260220,260221,260107
9,260410,260416,260413,260415,260300
6,260590,260610,260605,260609,260493
10,260770,260803,260798,260803,260686
8,260950,260997,260990,260997,260879
11,261190,261190,261183,261191,261072
1,261380,261383,261375,261385,261265
12,261580,261577,261568,261578,261458
2,261790,261770,261761,261772,261651
3,262000,261963,261953,261966,261844
5,262210,262157,262146,262160,262037
4,262380,262350,262338,262354,262230
7,262550,262543,262531,262548,262423
6,262750,262737,262723,262742,262616
9,262930,262930,262916,262936,262809
8,263100,263124,263108,263130,263002
10,263280,263317,263301,263324,263195
1,263470,263510,263494,263517,263388
11,263710,263704,263686,263711,263581
12,263920,263897,263879,263905,263774
3,264350,264289,264278,264280,264160
2,264520,264482,264471,264474,264353
4,264690,264675,264664,264667,264546
5,264890,264867,264857,264861,264739
6,265080,265060,265050,265055,264932
7,265250,265252,265242,265248,265125
8,265390,265445,265435,265442,265318
9,265630,265638,265628,265636,265511
1,265820,265830,265821,265829,265704
10,266020,266023,266014,266023,265897
11,266190,266216,266207,266217,266090
12,266410,266408,266400,266410,266283
3,266640,266601,266593,266604,266476
4,266770,266793,266786,266798,266669
2,266980,266986,266979,266991,266862
6,267170,267179,267172,267185,267055
5,267370,267371,267365,267379,267248
8,267560,267564,267557,267572,267441
7,267740,267757,267750,267766,267634
1,267940,267949,267943,267959,267827
9,268130,268142,268136,268153,268020
11,268340,268334,268329,268347,268213
10,268550,268527,268522,268540,268406
12,268740,268720,268715,268734,268599
4,269120,269108,269105,269101,268985
3,269330,269301,269298,269294,269178
6,269490,269494,269491,269488,269371
2,269680,269687,269684,269682,269564
8,269890,269880,269877,269875,269757
5,270090,270073,270070,270069,269950
1,270280,270266,270264,270263,270143
7,270410,270459,270457,270457,270336
11,270650,270652,270650,270650,270529
9,270850,270845,270843,270844,270722
10,271010,271039,271036,271038,270915
12,271230,271232,271229,271231,271108
4,271440,271425,271422,271425,271301
6,271590,271618,271615,271619,271494
3,271800,271811,271808,271813,271687
8,271970,272004,272001,272006,271880
2,272170,272197,272194,272200,272073
1,272410,272390,272387,272394,272266
5,272600,272583,272580,272587,272459
11,272820,272776,272773,272781,272652
7,272950,272969,272966,272975,272845
10,273170,273163,273159,273169,273038
9,273370,273356,273352,273362,273231
12,273560,273549,273545,273556,273424
6,273930,273939,273937,273932,273810
4,274210,274132,274131,274126,274003
8,274330,274326,274324,274320,274196
3,274510,274519,274517,274514,274389
1,274690,274712,274710,274708,274582
2,274880,274906,274903,274902,274775
11,275130,275099,275097,275096,274968
5,275290,275292,275290,275290,275161
10,275470,275486,275483,275484,275354
7,275640,275679,275676,275678,275547
9,275870,275872,275869,275872,275740
12,276080,276066,276063,276066,275933
6,276260,276259,276256,276260,276125
8,276460,276452,276449,276454,276318
4,276650,276646,276642,276648,276511
1,276840,276839,276835,276842,276704
3,277020,277032,277029,277036,276897
11,277230,277226,277222,277230,277090
2,277430,277419,277415,277424,277283
10,277620,277613,277608,277618,277476
5,277800,277806,277802,277812,277669
9,278000,277999,277995,278006,277862
7,278140,278193,278188,278200,278055
12,278440,278386,278381,278394,278248
8,278810,278778,278772,278772,278634
6,278990,278971,278965,278966,278827
1,279190,279164,279159,279159,279020
4,279350,279357,279352,279353,279213
11,279580,279550,279545,279547,279406
3,279730,279743,279739,279740,279599
10,279950,279936,279932,279934,279792
2,280100,280129,280125,280128,279985
9,280330,280322,280319,280321,280178
5,280460,280515,280512,280515,280371
7,280630,280708,280705,280709,280564
12,280870,280901,280899,280902,280757
8,281090,281094,281092,281096,280950
1,281320,281287,281285,281290,281143
6,281550,281480,281479,281483,281336
11,281700,281673,281672,281677,281529
4,281890,281866,281865,281871,281722
10,282070,282059,282058,282064,281915
3,282270,282252,282252,282258,282108
9,282480,282445,282445,282452,282301
2,282620,282638,282638,282645,282494
7,282780,282831,282832,282839,282687
5,283010,283024,283025,283033,282880
12,283210,283217,283218,283226,283073
1,283620,283605,283599,283597,283459
8,283810,283797,283792,283790,283652
6,284020,283989,283986,283983,283845
4,284200,284182,284179,284176,284038
11,284420,284374,284372,284369,284231
3,284530,284567,284565,284562,284424
10,284770,284759,284758,284755,284617
2,284950,284951,284951,284948,284810
9,285170,285144,285144,285141,285003
5,285290,285336,285337,285334,285196
7,285460,285529,285531,285527,285389
12,285670,285721,285724,285721,285582
1,285910,285913,285917,285914,285775
6,286090,286106,286110,286107,285968
8,286270,286298,286303,286300,286161
11,286510,286491,286496,286493,286354
4,286690,286683,286689,286686,286547
10,286870,286875,286882,286879,286740
3,287080,287068,287076,287072,286933
9,287280,287260,287269,287265,287126
2,287430,287453,287462,287458,287319
7,287650,287645,287655,287651,287512
5,287870,287837,287848,287844,287705
12,288050,288030,288041,288037,287898
6,288490,288421,288415,288403,288284
1,288670,288612,288607,288596,288477
8,288850,288803,288800,288789,288670
4,289000,288995,288993,288982,288863
11,289180,289186,289185,289175,289056
3,289380,289378,289378,289368,289249
10,289530,289569,289571,289561,289442
2,289710,289761,289763,289754,289635
9,289940,289952,289956,289947,289828
5,290120,290143,290149,290140,290021
7,290280,290335,290341,290333,290214
12,290490,290526,290534,290526,290407
6,290710,290718,290727,290719,290600
8,290860,290909,290920,290912,290793
1,291110,291101,291112,291106,290986
11,291330,291292,291305,291299,291179
4,291510,291483,291498,291492,291372
10,291690,291675,291690,291685,291565
3,291880,291866,291883,291878,291758
9,292060,292058,292076,292071,291951
2,292220,292249,292268,292264,292144
7,292420,292441,292461,292457,292337
5,292650,292632,292654,292650,292530
12,292870,292823,292847,292843,292723
8,293220,293219,293228,293217,293109
6,293410,293412,293421,293410,293302
11,293620,293605,293613,293604,293495
1,293810,293798,293806,293797,293688
10,294000,293991,293999,293990,293881
4,294200,294184,294191,294184,294074
9,294390,294377,294384,294377,294267
3,294580,294570,294576,294570,294460
7,294770,294763,294769,294763,294653
2,294930,294956,294962,294957,294846
5,295130,295149,295154,295150,295039
12,295320,295343,295347,295343,295232
8,295470,295536,295539,295537,295425
11,295700,295729,295732,295730,295618
6,295910,295922,295925,295923,295811
10,296130,296115,296117,296117,296004
1,296330,296308,296310,296310,296197
9,296530,296501,296503,296503,296390
4,296730,296694,296695,296696,296583
7,296890,296887,296888,296890,296776
3,297070,297080,297080,297083,296969
5,297270,297273,297273,297276,297162
2,297460,297467,297466,297470,297355
12,297690,297660,297658,297663,297548
11,298000,298040,298043,298038,297934
8,298250,298233,298236,298231,298127
10,298430,298426,298429,298424,298320
6,298640,298619,298621,298617,298513
9,298820,298812,298814,298810,298706
1,299030,299006,299007,299003,298899
7,299200,299199,299199,299196,299092
4,299380,299392,299392,299389,299285
5,299570,299585,299585,299582,299478
3,299730,299778,299777,299775,299671
2,299930,299971,299970,299968,299864
12,300120,300164,300163,300161,300057
11,300320,300358,300355,300354,300249
10,300520,300551,300548,300548,300442
8,300750,300744,300741,300741,300635
9,300940,300937,300933,300934,300828
6,301130,301130,301126,301127,301021
7,301320,301323,301319,301320,301214
1,301540,301516,301511,301513,301407
5,301760,301710,301704,301706,301600
4,301940,301903,301897,301899,301793
2,302100,302096,302089,302092,301986
3,302290,302289,302282,302285,302179
12,302480,302482,302475,302478,302372
10,302830,302854,302855,302849,302758
11,303030,303047,303047,303041,302951
9,303210,303239,303240,303234,303144
8,303450,303432,303432,303427,303337
7,303600,303624,303625,303619,303530
6,303820,303817,303817,303812,303723
5,304010,304010,304010,304005,303916
1,304200,304202,304202,304197,304109
2,304430,304395,304395,304390,304302
4,304600,304587,304587,304583,304495
3,304780,304780,304780,304775,304688
12,304930,304973,304973,304968,304881
10,305120,305165,305165,305160,305074
9,305330,305358,305358,305353,305267
11,305510,305550,305550,305546,305460
7,305700,305743,305743,305738,305653
8,305960,305936,305935,305931,305846
5,306120,306128,306128,306124,306039
6,306330,306321,306320,306316,306232
2,306520,306513,306513,306509,306425
1,306730,306706,306705,306702,306618
3,306910,306899,306898,306894,306811
4,307100,307091,307091,307087,307004
12,307320,307284,307283,307280,307197
9,307620,307653,307658,307644,307583
10,307820,307846,307850,307837,307776
7,308030,308038,308043,308030,307969
11,308230,308230,308235,308223,308162
5,308430,308423,308427,308415,308355
8,308600,308615,308620,308608,308548
2,308810,308808,308812,308801,308741
6,308990,309000,309004,308994,308934
3,309200,309193,309197,309187,309127
1,309400,309385,309389,309380,309320
4,309510,309577,309581,309572,309513
12,309720,309770,309774,309765,309706
9,309970,309962,309966,309958,309899
7,310160,310155,310158,310151,310092
10,310340,310347,310350,310344,310285
5,310570,310540,310543,310537,310478
11,310710,310732,310735,310729,310671
2,310920,310924,310927,310922,310864
8,311140,311117,311120,311115,311057
3,311330,311309,311312,311308,311250
6,311500,311502,311504,311501,311443
4,311710,311694,311697,311693,311636
1,311900,311887,311889,311886,311829
12,312070,312079,312081,312079,312022
7,312470,312462,312465,312455,312408
9,312680,312654,312657,312648,312601
5,312860,312847,312850,312841,312794
10,313060,313039,313042,313034,312987
2,313260,313232,313234,313228,313180
11,313400,313424,313427,313421,313373
3,313610,313617,313619,313614,313566
8,313770,313809,313811,313807,313759
4,313990,314002,314003,314000,313952
6,314160,314194,314196,314193,314145
1,314410,314387,314388,314386,314338
12,314600,314579,314580,314579,314531
7,314720,314771,314773,314772,314724
5,314970,314964,314965,314965,314917
9,315170,315156,315157,315159,315110
2,315360,315349,315349,315352,315303
10,315560,315541,315542,315545,315496
3,315760,315734,315734,315738,315689
11,315880,315926,315926,315931,315882
4,316120,316119,316119,316124,316075
8,316300,316311,316311,316317,316268
1,316480,316503,316503,316510,316461
6,316670,316696,316695,316703,316654
12,316960,316888,316888,316897,316847
5,317280,317271,317274,317264,317233
7,317460,317464,317467,317457,317426
2,317680,317657,317659,317651,317619
9,317870,317849,317851,317844,317812
3,318050,318042,318044,318037,318005
10,318260,318235,318236,318231,318198
4,318420,318427,318428,318424,318391
11,318600,318620,318621,318617,318584
1,318820,318813,318813,318811,318777
8,318990,319005,319005,319004,318970
6,319180,319198,319198,319197,319163
12,319340,319391,319390,319391,319356
5,319550,319583,319583,319584,319549
2,319790,319776,319775,319778,319742
7,319970,319969,319967,319971,319935
3,320190,320162,320160,320164,320128
9,320380,320354,320352,320358,320321
4,320530,320547,320544,320551,320514
10,320720,320740,320737,320744,320707
1,320920,320932,320929,320938,320900
11,321110,321125,321121,321131,321093
6,321310,321318,321314,321324,321286
8,321540,321510,321506,321518,321479
12,321740,321703,321698,321711,321672
2,322120,322092,322093,322086,322058
5,322290,322285,322285,322280,322251
3,322510,322478,322478,322474,322444
7,322630,322671,322671,322668,322637
4,322850,322864,322863,322861,322830
9,323060,323058,323056,323055,323023
1,323270,323251,323248,323249,323216
10,323440,323444,323441,323443,323409
6,323670,323637,323634,323636,323602
11,323790,323830,323826,323830,323795
8,324040,324023,324019,324024,323988
12,324190,324216,324212,324218,324181
2,324400,324409,324404,324411,324373
3,324610,324602,324597,324605,324566
5,324820,324795,324789,324799,324759
4,325040,324988,324982,324993,324952
7,325210,325181,325175,325186,325145
1,325380,325374,325367,325380,325338
9,325570,325567,325560,325574,325531
6,325750,325760,325753,325768,325724
10,325930,325953,325945,325961,325917
8,326130,326146,326138,326155,326110
11,326310,326340,326330,326349,326303
12,326540,326533,326523,326543,326496
3,326950,326925,326919,326918,326882
2,327140,327117,327112,327111,327075
4,327330,327310,327305,327305,327268
5,327530,327503,327498,327499,327461
1,327710,327696,327691,327692,327654
7,327890,327889,327883,327886,327847
6,328110,328082,328076,328080,328040
9,328280,328275,328269,328274,328233
8,328460,328468,328462,328467,328426
10,328610,328660,328655,328661,328619
11,328860,328853,328848,328855,328812
12,329040,329046,329041,329049,329005
3,329210,329239,329234,329242,329198
4,329460,329432,329427,329436,329391
2,329600,329625,329620,329630,329584
1,329820,329818,329812,329823,329777
5,330000,330011,330005,330017,329970
6,330220,330204,330198,330211,330163
7,330400,330396,330391,330405,330356
8,330530,330589,330584,330598,330549
9,330780,330782,330777,330792,330742
11,330980,330975,330970,330986,330935
10,331180,331168,331163,331180,331128
12,331400,331361,331356,331373,331321
4,331800,331754,331747,331749,331707
3,331980,331946,331940,331942,331900
1,332160,332139,332133,332135,332093
2,332350,332332,332326,332328,332286
6,332520,332524,332519,332522,332479
5,332690,332717,332712,332715,332672
8,332880,332909,332905,332908,332865
7,333080,333102,333098,333102,333058
11,333310,333295,333291,333295,333251
9,333500,333487,333484,333488,333444
10,333690,333680,333677,333681,333637
12,333860,333873,333870,333875,333830
4,334070,334065,334063,334068,334023
1,334260,334258,334256,334261,334216
3,334450,334450,334449,334454,334409
6,334620,334643,334642,334648,334602
2,334850,334836,334835,334841,334795
8,335030,335028,335028,335034,334988
5,335200,335221,335221,335227,335181
11,335430,335414,335414,335421,335374
7,335580,335606,335607,335614,335567
10,335790,335799,335800,335807,335760
9,336000,335991,335993,336001,335953
12,336210,336184,336186,336194,336146
1,336580,336564,336566,336557,336532
4,336750,336757,336759,336750,336725
3,336960,336950,336952,336944,336918
2,337150,337142,337145,337137,337111
6,337340,337335,337338,337330,337304
5,337480,337528,337530,337523,337497
8,337690,337721,337723,337717,337690
7,337870,337914,337916,337910,337883
11,338130,338107,338109,338103,338076
9,338310,338299,338302,338296,338269
10,338500,338492,338495,338489,338462
12,338690,338685,338688,338683,338655
1,338880,338878,338880,338876,338848
3,339050,339071,339073,339069,339041
4,339250,339264,339266,339262,339234
6,339420,339456,339459,339455,339427
2,339630,339649,339652,339649,339620
8,339830,339842,339845,339842,339813
5,340060,340035,340038,340035,340006
11,340220,340228,340230,340228,340199
7,340400,340421,340423,340421,340392
10,340640,340614,340616,340615,340585
9,340830,340806,340809,340808,340778
12,341040,340999,341002,341001,340971
3,341410,341379,341386,341373,341357
1,341590,341573,341579,341567,341550
4,341760,341766,341772,341760,341743
2,341960,341960,341965,341954,341936
6,342140,342153,342158,342148,342129
5,342350,342347,342350,342342,342322
8,342500,342540,342543,342536,342515
7,342680,342733,342736,342730,342708
11,342920,342927,342929,342924,342901
9,343110,343120,343122,343117,343094
10,343340,343314,343315,343311,343287
12,343510,343507,343508,343505,343480
3,343680,343701,343701,343699,343673
4,343890,343894,343893,343893,343866
1,344090,344088,344086,344087,344059
6,344280,344281,344279,344281,344252
2,344470,344474,344472,344474,344445
8,344620,344668,344665,344668,344638
5,344880,344861,344858,344862,344831
11,345030,345055,345051,345056,345024
7,345220,345248,345243,345250,345217
10,345450,345442,345436,345444,345410
9,345660,345635,345629,345638,345603
12,345910,345829,345822,345831,345796
4,346260,346213,346216,346208,346182
3,346450,346407,346409,346402,346375
6,346600,346601,346602,346597,346568
1,346790,346795,346796,346791,346761
8,346950,346989,346989,346985,346954
2,347140,347183,347182,347180,347147
11,347350,347376,347375,347374,347340
5,347580,347570,347568,347568,347533
10,347760,347764,347761,347762,347726
7,347920,347958,347954,347957,347919
9,348140,348152,348148,348151,348112
12,348340,348345,348341,348345,348305
4,348570,348539,348534,348540,348497
6,348740,348733,348727,348734,348690
3,348930,348927,348920,348928,348883
8,349140,349121,349113,349123,349076
1,349310,349315,349306,349317,349269
11,349510,349508,349499,349511,349462
2,349690,349702,349693,349705,349655
10,349930,349896,349886,349900,349848
5,350120,350090,350079,350094,350041
9,350300,350284,350272,350288,350234
7,350410,350477,350465,350483,350427
12,350690,350671,350658,350677,350620
6,351080,351062,351055,351054,351006
4,351290,351255,351248,351248,351199
8,351470,351448,351442,351442,351392
3,351660,351642,351635,351636,351585
11,351860,351835,351829,351831,351778
1,352020,352028,352022,352025,351971
10,352230,352222,352215,352219,352164
2,352390,352415,352409,352413,352357
9,352600,352608,352602,352607,352550
5,352810,352802,352796,352802,352743
7,352960,352995,352989,352996,352936
12,353170,353188,353182,353190,353129
6,353340,353381,353376,353384,353322
8,353560,353575,353569,353578,353515
4,353830,353768,353763,353773,353708
11,353950,353961,353956,353967,353901
3,354190,354155,354149,354161,354094
10,354350,354348,354343,354355,354287
1,354540,354541,354536,354549,354480
9,354740,354735,354730,354744,354673
2,354920,354928,354923,354938,354866
7,355100,355121,355116,355132,355059
5,355300,355315,355310,355326,355252
12,355530,355508,355503,355521,355445
8,355900,355896,355895,355900,355831
6,356080,356089,356088,356093,356024
11,356320,356283,356282,356287,356217
4,356530,356477,356475,356480,356410
10,356650,356670,356669,356673,356603
3,356890,356864,356862,356867,356796
9,357060,357058,357056,357060,356989
1,357250,357251,357249,357253,357182
7,357430,357445,357443,357447,357375
2,357630,357639,357636,357640,357568
5,357800,357832,357830,357833,357761
12,357990,358026,358023,358027,357954
8,358160,358220,358217,358220,358147
11,358420,358413,358410,358413,358340
6,358640,358607,358604,358607,358533
10,358800,358801,358798,358800,358726
4,358970,358994,358991,358993,358919
9,359200,359188,359185,359187,359112
3,359370,359382,359378,359380,359305
7,359580,359575,359572,359573,359498
1,359770,359769,359765,359767,359691
5,359980,359962,359959,359960,359884
2,360150,360156,360152,360153,360077
12,360390,360350,360346,360347,360270
11,360690,360715,360716,360710,360656
8,360890,360908,360909,360902,360849
10,361100,361100,361102,361095,361042
6,361290,361293,361295,361287,361235
9,361490,361486,361488,361480,361428
4,361650,361678,361681,361672,361621
7,361840,361871,361875,361865,361814
3,362050,362063,362068,362058,362007
5,362220,362256,362261,362250,362200
1,362440,362448,362454,362443,362393
2,362680,362641,362647,362635,362586
12,362820,362834,362840,362828,362779
11,363010,363026,363033,363020,362972
10,363220,363219,363226,363213,363165
8,363400,363411,363419,363406,363358
9,363620,363604,363612,363598,363551
6,363750,363797,363805,363791,363744
7,363970,363989,363998,363983,363937
4,364170,364182,364192,364176,364130
5,364400,364374,364385,364368,364323
3,364570,364567,364578,364561,364516
2,364740,364759,364771,364754,364709
1,364960,364952,364964,364946,364902
12,365210,365145,365157,365139,365095
10,365490,365512,365523,365505,365481
11,365680,365705,365716,365698,365674
9,365880,365897,365908,365891,365867
8,366110,366090,366101,366083,366060
7,366250,366282,366293,366276,366253
6,366460,366475,366486,366469,366446
5,366650,366668,366678,366662,366639
4,366890,366860,366871,366855,366832
2,367060,367053,367063,367048,367025
3,367230,367245,367256,367240,367218
1,367430,367438,367449,367433,367411
12,367610,367631,367641,367626,367604
10,367790,367823,367834,367819,367797
9,368020,368016,368026,368012,367990
11,368200,368208,368219,368205,368183
7,368360,368401,368411,368397,368376
8,368590,368593,368604,368590,368569
5,368810,368786,368796,368783,368762
6,369010,368979,368989,368976,368955
2,369180,369171,369182,369169,369148
4,369390,369364,369374,369362,369341
1,369560,369556,369567,369554,369534
3,369740,369749,369759,369747,369727
12,369950,369941,369952,369940,369920
9,370340,370318,370330,370317,370306
10,370510,370511,370522,370510,370499
7,370690,370704,370715,370703,370692
11,370900,370897,370907,370896,370885
5,371110,371090,371099,371089,371078
8,371270,371283,371292,371282,371271
2,371460,371476,371484,371475,371464
6,371670,371669,371677,371668,371657
1,371870,371862,371869,371861,371850
4,372060,372055,372061,372054,372043
3,372240,372248,372254,372247,372236
12,372410,372441,372446,372440,372429
9,372640,372634,372638,372633,372621
7,372800,372827,372831,372826,372814
10,373000,373020,373023,373019,373007
5,373210,373213,373216,373212,373200
11,373410,373406,373408,373405,373393
2,373610,373599,373600,373598,373586
8,373800,373792,373793,373791,373779
1,373960,373984,373985,373984,373972
6,374180,374177,374178,374178,374165
3,374370,374370,374370,374371,374358
4,374600,374563,374562,374564,374551
12,374770,374756,374755,374757,374744
7,375120,375131,375136,375126,375130
9,375320,375323,375328,375319,375323
5,375490,375516,375521,375512,375516
10,375730,375709,375713,375705,375709
2,375910,375901,375905,375898,375902
11,376130,376094,376098,376091,376095
1,376300,376286,376290,376284,376288
8,376480,376479,376482,376477,376481
3,376670,376672,376675,376670,376674
6,376850,376864,376867,376863,376867
4,377060,377057,377059,377056,377060
12,377210,377250,377252,377249,377253
7,377400,377442,377444,377441,377446
5,377630,377635,377636,377634,377639
9,377840,377827,377828,377827,377832
2,378010,378020,378021,378020,378025
10,378240,378213,378213,378213,378218
1,378380,378405,378405,378406,378411
11,378600,378598,378598,378599,378604
3,378810,378791,378790,378792,378797
8,378950,378983,378982,378985,378990
4,379200,379176,379175,379178,379183
6,379380,379368,379367,379371,379376
12,379570,379561,379559,379564,379569
5,379960,379941,379944,379938,379955
7,380120,380133,380136,380130,380148
2,380330,380326,380328,380323,380341
9,380530,380518,380521,380516,380534
1,380720,380711,380713,380709,380727
10,380930,380903,380905,380902,380920
3,381100,381096,381098,381095,381113
11,381280,381288,381290,381288,381306
4,381480,381481,381482,381480,381499
8,381650,381673,381675,381673,381692
6,381860,381866,381867,381866,381885
12,382030,382058,382059,382059,382078
5,382240,382251,382252,382252,382271
2,382450,382443,382444,382445,382464
7,382660,382636,382636,382638,382657
1,382850,382828,382828,382830,382850
9,383040,383021,383021,383023,383043
3,383220,383213,383213,383216,383236
10,383380,383406,383405,383409,383429
4,383560,383598,383598,383602,383622
11,383780,383791,383790,383795,383815
6,384010,383983,383982,383988,384008
8,384170,384176,384175,384180,384201
12,384380,384368,384367,384373,384394
2,384760,384752,384749,384741,384780
5,385000,384943,384941,384934,384973
1,385190,385135,385133,385127,385166
7,385320,385327,385326,385320,385359
3,385530,385518,385518,385512,385552
9,385710,385710,385710,385705,385745
4,385910,385902,385902,385898,385938
10,386080,386094,386094,386091,386131
6,386240,386285,386286,386284,386324
11,386450,386477,386479,386476,386517
8,386680,386669,386671,386669,386710
12,386830,386860,386863,386862,386903
2,387020,387052,387055,387055,387096
1,387250,387244,387247,387248,387289
5,387470,387436,387440,387440,387482
3,387640,387627,387632,387633,387675
7,387800,387819,387824,387826,387868
4,388040,388011,388016,388019,388061
9,388220,388202,388208,388211,388254
6,388360,388394,388401,388404,388447
10,388590,388586,388593,388597,388640
8,388750,388778,388785,388790,388833
11,388960,388969,388977,388983,389026
12,389200,389161,389169,389175,389219
1,389570,389550,389554,389542,389605
2,389780,389742,389747,389736,389798
3,389950,389935,389939,389929,389991
5,390130,390127,390131,390122,390184
4,390350,390320,390323,390316,390377
7,390500,390512,390515,390509,390570
6,390670,390705,390708,390702,390763
9,390870,390897,390900,390896,390956
8,391090,391089,391092,391089,391149
10,391250,391282,391284,391282,391342
11,391490,391474,391476,391475,391535
12,391690,391667,391669,391669,391728
1,391890,391859,391861,391862,391921
3,392060,392052,392053,392055,392114
2,392250,392244,392245,392249,392307
4,392440,392437,392437,392442,392500
5,392640,392629,392630,392635,392693
6,392820,392821,392822,392829,392886
7,392980,393014,393014,393022,393079
8,393160,393206,393206,393215,393272
9,393380,393399,393398,393408,393465
11,393600,393591,393591,393602,393658
10,393780,393784,393783,393795,393851
12,394030,393976,393975,393988,394044
3,394380,394370,394371,394366,394430
1,394570,394563,394564,394560,394623
2,394790,394756,394756,394754,394816
5,394980,394949,394949,394947,395009
4,395220,395142,395141,395141,395202
7,395340,395335,395334,395335,395395
6,395550,395528,395526,395528,395588
9,395720,395721,395719,395722,395781
8,395870,395914,395912,395916,395974
10,396070,396108,396104,396109,396167
11,396290,396301,396297,396303,396360
12,396490,396494,396489,396497,396553
3,396690,396687,396682,396691,396745
2,396870,396880,396874,396884,396938
1,397050,397073,397067,397078,397131
4,397250,397266,397259,397272,397324
5,397470,397459,397452,397465,397517
6,397670,397652,397644,397659,397710
7,397850,397845,397837,397853,397903
8,397990,398038,398029,398047,398096
9,398220,398231,398222,398240,398289
11,398440,398425,398414,398434,398482
10,398620,398618,398607,398628,398675
12,398860,398811,398799,398821,398868
2,399210,399199,399195,399193,399254
3,399430,399392,399388,399386,399447
4,399600,399585,399581,399580,399640
1,399790,399778,399774,399774,399833
6,399980,399971,399967,399968,400026
5,400160,400165,400160,400161,400219
8,400340,400358,400352,400355,400412
7,400500,400551,400545,400549,400605
11,400750,400744,400738,400743,400798
9,400950,400937,400931,400936,400991
10,401120,401130,401124,401130,401184
12,401330,401323,401317,401324,401377
2,401490,401516,401509,401518,401570
4,401730,401709,401702,401711,401763
3,401890,401902,401895,401905,401956
6,402110,402095,402088,402099,402149
1,402300,402288,402281,402293,402342
8,402480,402481,402474,402487,402535
5,402700,402674,402666,402680,402728
11,402870,402868,402859,402874,402921
7,403000,403061,403052,403068,403114
10,403250,403254,403245,403262,403307
9,403460,403447,403438,403455,403500
12,403660,403640,403631,403649,403693
4,404060,404030,404025,404026,404079
2,404250,404223,404219,404220,404272
6,404440,404416,404412,404413,404465
3,404650,404610,404605,404607,404658
8,404780,404803,404798,404800,404851
1,404980,404996,404991,404994,405044
11,405190,405189,405184,405188,405237
5,405380,405382,405377,405381,405430
10,405560,405575,405570,405575,405623
7,405730,405768,405763,405768,405816
9,405940,405961,405956,405962,406009
12,406160,406154,406149,406156,406202
4,406360,406347,406342,406349,406395
6,406540,406541,406535,406543,406588
2,406740,406734,406729,406737,406781
8,406900,406927,406922,406930,406974
3,407120,407120,407115,407124,407167
11,407310,407313,407308,407317,407360
1,407500,407506,407501,407511,407553
10,407710,407699,407694,407705,407746
5,407920,407892,407887,407898,407939
9,408100,408085,408080,408092,408132
7,408250,408278,408273,408285,408325
12,408490,408472,408466,408479,408518
6,408890,408856,408852,408845,408904
4,409070,409049,409045,409039,409097
8,409240,409241,409238,409232,409290
2,409420,409434,409431,409426,409483
11,409590,409627,409624,409619,409676
3,409830,409819,409817,409813,409869
10,410020,410012,410010,410007,410062
1,410190,410205,410203,410200,410255
9,410380,410397,410396,410394,410448
5,410570,410590,410589,410587,410641
7,410770,410783,410782,410781,410834
12,410980,410975,410975,410974,411027
6,411220,411168,411168,411168,411220
8,411330,411361,411361,411362,411413
4,411560,411553,411554,411555,411606
11,411740,411746,411747,411749,411799
2,411960,411939,411940,411942,411992
10,412130,412131,412133,412136,412185
3,412310,412324,412326,412330,412378
9,412500,412516,412519,412523,412571
1,412690,412709,412712,412717,412764
7,412890,412902,412905,412910,412957
5,413120,413094,413098,413104,413150
12,413310,413287,413291,413297,413343
8,413700,413677,413680,413675,413729
6,413910,413871,413873,413869,413922
11,414060,414064,414066,414062,414115
4,414260,414257,414259,414256,414308
10,414450,414451,414452,414450,414501
2,414630,414644,414645,414643,414694
9,414840,414838,414839,414837,414887
3,415020,415031,415032,415031,415080
7,415200,415224,415225,415224,415273
1,415420,415418,415418,415418,415466
5,415610,415611,415611,415612,415659
12,415770,415804,415804,415805,415852
8,415930,415998,415997,415999,416045
11,416200,416191,416190,416193,416238
6,416420,416385,416383,416386,416431
10,416600,416578,416577,416580,416624
4,416820,416771,416770,416774,416817
9,417000,416965,416963,416967,417010
2,417140,417158,417156,417161,417203
7,417340,417352,417349,417355,417396
3,417510,417545,417542,417548,417589
5,417740,417738,417735,417742,417782
1,417940,417932,417928,417936,417975
12,418140,418125,418121,418129,418168
11,418500,418505,418506,418503,418554
8,418680,418698,418699,418696,418747
10,418860,418891,418892,418889,418940
6,419100,419084,419085,419082,419133
9,419290,419278,419278,419276,419326
4,419520,419471,419472,419469,419519
7,419660,419664,419665,419662,419712
2,419830,419857,419858,419855,419905
5,420030,420051,420051,420049,420098
3,420220,420244,420244,420242,420291
1,420450,420437,420437,420435,420484
12,420590,420630,420630,420628,420677
11,420810,420824,420823,420822,420869
10,421010,421017,421016,421015,421062
8,421200,421210,421209,421208,421255
9,421420,421404,421402,421401,421448
6,421590,421597,421596,421595,421641
7,421770,421790,421789,421788,421834
4,422030,421983,421982,421981,422027
5,422220,422177,422175,422174,422220
2,422350,422370,422368,422368,422413
1,422580,422563,422561,422561,422606
3,422720,422756,422754,422754,422799
12,422970,422950,422947,422947,422992
10,423310,423326,423324,423318,423378
11,423510,423518,423517,423511,423571
9,423700,423711,423710,423704,423764
8,423920,423903,423903,423896,423957
7,424060,424095,424096,424089,424150
6,424310,424288,424288,424282,424343
5,424460,424480,424481,424475,424536
4,424710,424672,424674,424668,424729
1,424880,424865,424867,424861,424922
2,425080,425057,425060,425053,425115
3,425260,425249,425252,425246,425308
12,425400,425441,425445,425439,425501
10,425620,425634,425638,425632,425694
9,425830,425826,425831,425825,425887
11,425990,426018,426024,426017,426080
7,426160,426211,426217,426210,426273
8,426390,426403,426409,426403,426466
5,426590,426595,426602,426596,426659
6,426800,426788,426795,426789,426852
1,426990,426980,426988,426982,427045
4,427170,427172,427181,427174,427238
3,427360,427365,427374,427367,427431
2,427570,427557,427566,427560,427624
12,427780,427749,427759,427753,427817
9,428100,428122,428132,428116,428203
10,428310,428315,428325,428309,428396
7,428480,428508,428517,428502,428589
11,428700,428701,428710,428695,428782
5,428910,428894,428902,428889,428975
8,429060,429086,429095,429082,429168
1,429260,429279,429287,429275,429361
6,429490,429472,429480,429468,429554
3,429680,429665,429672,429661,429747
4,429850,429858,429865,429854,429940
2,430050,430050,430057,430047,430133
12,430230,430243,430250,430240,430326
9,430420,430436,430442,430433,430519
7,430590,430629,430635,430626,430712
10,430800,430822,430827,430819,430905
5,431020,431015,431020,431012,431098
11,431190,431207,431212,431205,431291
1,431410,431400,431405,431398,431484
8,431590,431593,431598,431591,431677
3,431800,431786,431790,431784,431870
6,431990,431979,431983,431977,432063
2,432170,432171,432175,432170,432256
4,432400,432364,432368,432363,432449
12,432570,432557,432560,432556,432642
7,432950,432935,432945,432935,433028
9,433120,433128,433137,433128,433221
5,433300,433322,433330,433321,433414
10,433530,433515,433522,433515,433607
1,433710,433708,433715,433708,433800
11,433900,433902,433907,433901,433993
3,434100,434095,434100,434094,434186
8,434270,434288,434292,434288,434379
2,434460,434482,434485,434481,434572
6,434720,434675,434678,434674,434765
4,434860,434869,434870,434868,434958
12,435040,435062,435063,435061,435151
7,435200,435255,435255,435254,435344
5,435430,435449,435448,435447,435537
9,435630,435642,435640,435641,435730
1,435840,435835,435833,435834,435923
10,436070,436029,436025,436027,436116
3,436240,436222,436218,436221,436309
11,436410,436415,436410,436414,436502
2,436600,436609,436603,436607,436695
8,436790,436802,436795,436800,436888
4,437020,436996,436988,436994,437081
6,437200,437189,437181,437187,437274
12,437390,437382,437373,437380,437467
5,437760,437755,437757,437752,437853
7,437910,437947,437950,437945,438046
1,438150,438140,438142,438138,438239
9,438340,438333,438335,438331,438432
3,438520,438526,438528,438524,438625
10,438700,438719,438720,438716,438818
2,438900,438912,438913,438909,439011
11,439110,439105,439105,439102,439204
4,439330,439297,439298,439295,439397
8,439480,439490,439490,439488,439590
6,439670,439683,439683,439681,439783
12,439840,439876,439875,439874,439976
5,440050,440069,440068,440067,440169
1,440300,440262,440260,440260,440362
7,440460,440455,440453,440453,440555
3,440650,440647,440646,440646,440748
9,440840,440840,440838,440839,440941
2,441010,441033,441031,441031,441134
10,441210,441226,441223,441224,441327
4,441440,441419,441416,441417,441520
11,441610,441612,441608,441610,441713
6,441830,441805,441801,441803,441906
8,441980,441997,441993,441996,442099
12,442200,442190,442186,442189,442292
1,442570,442568,442565,442555,442678
5,442770,442760,442757,442748,442871
7,442950,442952,442950,442941,443064
9,443170,443143,443142,443134,443257
3,443370,443335,443334,443327,443450
10,443550,443527,443527,443520,443643
2,443710,443719,443719,443713,443836
11,443880,443910,443912,443906,444029
4,444070,444102,444104,444098,444222
8,444250,444294,444296,444291,444415
6,444460,444486,444489,444484,444608
12,444630,444678,444681,444677,444801
1,444880,444869,444873,444870,444993
7,445090,445061,445066,445063,445186
5,445310,445253,445258,445256,445379
3,445490,445445,445450,445449,445572
9,445670,445636,445643,445642,445765
2,445810,445828,445835,445835,445958
10,446020,446020,446027,446028,446151
4,446170,446212,446220,446221,446344
11,446420,446404,446412,446414,446537
6,446590,446595,446604,446607,446730
8,446750,446787,446797,446800,446923
12,446990,446979,446989,446993,447116
7,447390,447367,447375,447366,447502
1,447580,447560,447567,447560,447695
5,447760,447753,447760,447753,447888
9,447990,447946,447952,447946,448081
3,448160,448139,448144,448139,448274
10,448350,448332,448337,448332,448467
2,448520,448524,448529,448525,448660
11,448700,448717,448722,448719,448853
4,448910,448910,448914,448912,449046
8,449070,449103,449106,449105,449239
6,449290,449296,449299,449298,449432
12,449420,449489,449491,449491,449625
7,449630,449682,449684,449685,449818
5,449850,449875,449876,449878,450011
1,450090,450068,450068,450071,450204
3,450300,450261,450261,450264,450397
9,450490,450454,450453,450457,450590
2,450650,450647,450645,450650,450783
10,450860,450840,450838,450844,450976
4,451010,451033,451030,451037,451169
11,451230,451226,451223,451230,451362
6,451440,451419,451415,451423,451555
8,451590,451611,451607,451616,451748
12,451830,451804,451800,451810,451941
5,452180,452185,452188,452176,452327
7,452340,452378,452380,452370,452520
3,452590,452571,452573,452564,452713
1,452780,452764,452765,452757,452906
2,452990,452956,452958,452951,453099
9,453170,453149,453150,453145,453292
4,453330,453342,453343,453338,453485
10,453540,453535,453535,453532,453678
6,453770,453728,453728,453726,453871
11,453890,453921,453920,453919,454064
8,454120,454114,454113,454113,454257
12,454290,454307,454305,454307,454450
5,454460,454500,454498,454500,454643
3,454690,454693,454690,454694,454836
7,454880,454886,454883,454887,455029
2,455060,455078,455075,455081,455222
1,455270,455271,455268,455275,455415
4,455460,455464,455460,455468,455608
9,455660,455657,455653,455662,455801
6,455850,455850,455845,455856,455994
10,456050,456043,456038,456049,456187
8,456200,456236,456230,456243,456380
11,456450,456429,456423,456437,456573
12,456660,456622,456615,456630,456766
3,457060,457009,457013,457009,457152
5,457220,457203,457206,457203,457345
2,457410,457397,457399,457397,457538
7,457560,457591,457592,457591,457731
4,457800,457784,457785,457785,457924
1,457970,457978,457978,457979,458117
6,458150,458172,458171,458173,458310
9,458330,458366,458364,458367,458503
8,458540,458560,458557,458561,458696
10,458720,458754,458750,458755,458889
11,458930,458948,458942,458949,459082
12,459160,459142,459135,459143,459275
3,459340,459336,459328,459337,459468
2,459550,459530,459521,459531,459661
5,459770,459724,459714,459725,459854
4,459980,459917,459907,459919,460047
7,460130,460111,460100,460113,460240
6,460310,460305,460293,460308,460433
1,460500,460499,460486,460502,460626
8,460650,460693,460678,460696,460819
9,460870,460887,460871,460890,461012
11,461070,461081,461064,461084,461205
10,461250,461275,461257,461278,461398
12,461500,461469,461450,461472,461591
2,461870,461850,461846,461843,461977
3,462070,462044,462039,462037,462170
4,462270,462237,462232,462231,462363
5,462460,462430,462426,462425,462556
6,462620,462624,462619,462619,462749
7,462790,462817,462812,462813,462942
8,462960,463011,463005,463007,463135
1,463160,463204,463198,463201,463328
11,463390,463397,463391,463395,463521
9,463580,463591,463585,463589,463714
10,463790,463784,463778,463783,463907
12,463970,463978,463971,463978,464100
2,464150,464171,464164,464172,464293
4,464390,464365,464357,464366,464486
3,464580,464558,464551,464560,464679
6,464770,464751,464744,464754,464872
5,464980,464945,464937,464948,465065
8,465140,465138,465130,465142,465258
7,465290,465332,465323,465336,465451
11,465530,465525,465516,465530,465644
1,465680,465718,465710,465724,465837
10,465900,465912,465903,465918,466030
9,466130,466105,466096,466112,466223
12,466320,466299,466289,466307,466416
4,466720,466686,466684,466685,466802
2,466910,466879,466878,466879,466995
6,467110,467073,467071,467073,467188
3,467290,467267,467265,467267,467381
8,467450,467461,467458,467460,467574
5,467640,467654,467652,467654,467767
11,467870,467848,467845,467848,467960
7,468010,468042,468038,468042,468153
10,468230,468235,468232,468236,468346
1,468390,468429,468425,468430,468539
9,468600,468623,468619,468624,468732
12,468810,468817,468812,468818,468925
4,468990,469010,469006,469012,469117
6,469210,469204,469199,469206,469310
2,469410,469398,469392,469400,469503
8,469570,469592,469586,469594,469696
3,469770,469785,469779,469788,469889
11,469970,469979,469973,469982,470082
5,470170,470173,470166,470176,470275
10,470380,470367,470360,470370,470468
7,470560,470560,470553,470563,470661
9,470760,470754,470746,470757,470854
1,470960,470948,470940,470951,471047
12,471180,471141,471133,471145,471240
6,471540,471515,471519,471508,471626
4,471700,471709,471712,471703,471819
8,471860,471903,471906,471897,472012
2,472090,472097,472099,472091,472205
11,472310,472291,472293,472285,472398
3,472470,472484,472486,472479,472591
10,472680,472678,472680,472674,472784
5,472830,472872,472873,472868,472977
9,473050,473066,473066,473062,473170
7,473200,473260,473260,473256,473363
1,473470,473454,473453,473450,473556
12,473650,473648,473647,473645,473749
6,473860,473841,473840,473839,473942
8,474050,474035,474034,474033,474135
4,474260,474229,474227,474227,474328
11,474410,474423,474421,474421,474521
2,474610,474617,474614,474616,474714
10,474820,474811,474807,474810,474907
3,475000,475004,475001,475004,475100
9,475200,475198,475194,475198,475293
5,475340,475392,475388,475392,475486
1,475600,475586,475581,475587,475679
7,475760,475780,475775,475781,475872
12,476040,475974,475968,475975,476065
8,476380,476361,476363,476360,476451
6,476560,476555,476556,476554,476644
11,476780,476749,476750,476749,476837
4,476990,476943,476944,476943,477030
10,477130,477137,477137,477137,477223
2,477320,477331,477331,477332,477416
9,477510,477525,477525,477526,477609
3,477690,477720,477718,477720,477802
1,477940,477914,477912,477915,477995
5,478090,478108,478106,478109,478188
7,478270,478302,478299,478303,478381
12,478450,478496,478493,478498,478574
8,478640,478690,478686,478692,478767
11,478900,478884,478880,478887,478960
6,479120,479078,479074,479081,479153
10,479310,479272,479267,479275,479346
4,479520,479467,479461,479470,479539
9,479690,479661,479655,479664,479732
2,479860,479855,479848,479858,479925
1,480070,480049,480042,480053,480118
3,480220,480243,480236,480247,480311
7,480400,480437,480429,480441,480504
5,480640,480631,480623,480636,480697
12,480800,480825,480817,480830,480890
11,481210,481207,481203,481206,481276
8,481380,481400,481397,481400,481469
10,481600,481594,481590,481593,481662
6,481840,481787,481784,481786,481855
9,482010,481980,481978,481980,482048
4,482180,482173,482171,482173,482241
1,482380,482366,482365,482366,482434
2,482580,482560,482558,482560,482627
7,482760,482753,482752,482753,482820
3,482930,482946,482946,482946,483013
5,483080,483139,483139,483140,483206
12,483280,483333,483333,483333,483399
11,483500,483526,483526,483526,483592
10,483700,483719,483720,483720,483785
8,483920,483912,483914,483913,483978
9,484110,484106,484107,484106,484171
6,484310,484299,484301,484300,484364
1,484510,484492,484494,484493,484557
4,484680,484685,484688,484686,484750
7,484900,484879,484882,484880,484943
2,485090,485072,485075,485073,485136
5,485240,485265,485269,485266,485329
3,485450,485458,485463,485459,485522
12,485670,485651,485656,485653,485715
10,485990,486020,486025,486020,486101
11,486200,486213,486218,486212,486294
9,486370,486405,486411,486404,486487
8,486620,486598,486604,486597,486680
1,486790,486791,486797,486789,486873
6,487000,486983,486990,486981,487066
7,487170,487176,487183,487174,487259
4,487400,487369,487376,487366,487452
5,487560,487561,487569,487558,487645
2,487730,487754,487762,487751,487838
3,487930,487947,487956,487943,488031
12,488090,488139,488149,488135,488224
10,488300,488332,488342,488328,488417
9,488510,488525,488535,488520,488610
11,488720,488717,488728,488713,488803
1,488910,488910,488921,488905,488996
8,489100,489103,489114,489097,489189
7,489260,489295,489307,489290,489382
6,489480,489488,489500,489482,489575
5,489730,489681,489693,489674,489768
4,489920,489873,489886,489867,489961
3,490060,490066,490080,490059,490154
2,490250,490259,490273,490251,490347
12,490470,490451,490466,490444,490540
9,490810,490819,490825,490808,490926
10,491030,491010,491017,491000,491119
1,491220,491202,491209,491193,491312
11,491410,491393,491402,491385,491505
7,491530,491585,491594,491577,491698
8,491780,491776,491786,491769,491891
5,491940,491968,491979,491961,492084
6,492100,492159,492171,492153,492277
3,492350,492351,492363,492345,492470
4,492520,492542,492555,492537,492663
2,492720,492733,492748,492729,492856
12,492930,492925,492940,492921,493049
9,493150,493116,493132,493114,493241
1,493320,493308,493325,493306,493434
10,493480,493499,493517,493498,493627
7,493650,493691,493709,493690,493820
11,493920,493882,493902,493882,494013
5,494090,494074,494094,494074,494206
8,494270,494265,494286,494266,494399
3,494500,494456,494479,494458,494592
6,494600,494648,494671,494650,494785
2,494840,494839,494863,494842,494978
4,495010,495031,495056,495035,495171
12,495250,495222,495248,495227,495364
1,495620,495598,495614,495595,495750
9,495770,495790,495806,495787,495943
10,495980,495982,495998,495980,496136
11,496190,496175,496190,496172,496329
7,496330,496367,496382,496364,496522
8,496570,496559,496573,496557,496715
5,496730,496751,496765,496749,496908
6,496950,496943,496957,496941,497101
3,497130,497135,497149,497134,497294
4,497370,497327,497341,497326,497487
2,497540,497520,497533,497519,497680
12,497680,497712,497724,497711,497873
1,497880,497904,497916,497903,498066
10,498090,498096,498108,498096,498259
9,498270,498288,498300,498288,498452
7,498470,498480,498492,498480,498645
11,498650,498672,498683,498673,498838
5,498870,498865,498875,498865,499031
8,499090,499057,499067,499057,499224
3,499240,499249,499259,499250,499417
6,499410,499441,499451,499442,499610
2,499660,499633,499643,499635,499803
4,499840,499825,499834,499827,499996
12,500040,500018,500026,500019,500189
10,500400,500391,500406,500391,500575
1,500570,500584,500597,500583,500768
9,500770,500777,500789,500776,500961
11,500990,500969,500981,500969,501154
7,501160,501162,501173,501161,501347
8,501330,501355,501364,501354,501540
5,501510,501548,501556,501547,501733
6,501740,501740,501748,501740,501926
3,501930,501933,501940,501932,502119
4,502180,502126,502131,502125,502312
2,502360,502319,502323,502318,502505
12,502470,502511,502515,502510,502698
10,502700,502704,502707,502703,502891
9,502900,502897,502898,502896,503084
1,503070,503090,503090,503088,503277
7,503250,503282,503282,503281,503470
11,503480,503475,503474,503474,503663
5,503690,503668,503665,503666,503856
8,503820,503861,503857,503859,504049
3,504040,504053,504049,504052,504242
6,504220,504246,504241,504245,504435
2,504430,504439,504432,504437,504628
4,504670,504632,504624,504630,504821
12,504880,504824,504816,504823,505014
9,505210,505200,505203,505194,505400
10,505420,505392,505395,505387,505593
7,505580,505585,505587,505579,505786
1,505810,505777,505779,505772,505979
5,506020,505969,505971,505965,506172
11,506190,506162,506163,506158,506365
3,506330,506354,506354,506351,506558
8,506510,506546,506546,506544,506751
2,506710,506739,506738,506737,506944
6,506870,506931,506930,506930,507137
4,507090,507123,507122,507123,507330
12,507280,507316,507314,507316,507523
9,507510,507508,507506,507509,507716
7,507680,507700,507698,507701,507909
10,507920,507893,507889,507894,508102
5,508080,508085,508081,508087,508295
1,508290,508277,508273,508280,508488
3,508500,508470,508465,508473,508681
11,508670,508662,508657,508666,508874
2,508880,508854,508849,508859,509067
8,509080,509047,509041,509052,509260
4,509230,509239,509233,509245,509453
6,509400,509431,509424,509438,509646
12,509630,509624,509616,509631,509839
7,510000,510005,510008,510004,510225
9,510220,510198,510200,510197,510418
5,510380,510391,510392,510390,510611
10,510620,510583,510584,510583,510804
3,510800,510776,510776,510776,510997
1,510980,510969,510968,510969,511190
2,511160,511161,511161,511162,511383
11,511360,511354,511353,511355,511576
4,511540,511547,511545,511547,511769
8,511750,511739,511737,511740,511962
6,511920,511932,511929,511933,512155
12,512090,512125,512121,512126,512348
7,512290,512317,512313,512319,512541
5,512490,512510,512505,512512,512734
9,512720,512702,512697,512705,512927
3,512950,512895,512889,512898,513120
10,513070,513088,513082,513090,513313
2,513250,513280,513274,513283,513506
1,513470,513473,513466,513476,513699
4,513660,513666,513658,513669,513892
11,513880,513858,513850,513862,514085
6,514050,514051,514042,514055,514278
8,514220,514244,514234,514248,514471
12,514470,514436,514426,514441,514664
5,514820,514815,514814,514808,515050
7,514990,515007,515006,515001,515243
3,515220,515199,515198,515194,515436
9,515420,515392,515390,515387,515629
2,515590,515584,515582,515580,515822
10,515800,515776,515775,515773,516015
4,515950,515968,515967,515965,516208
1,516170,516161,516159,516158,516401
6,516340,516353,516351,516351,516594
11,516540,516545,516543,516544,516787
8,516750,516737,516736,516737,516980
12,516890,516930,516928,516930,517173
5,517100,517122,517120,517123,517365
3,517330,517314,517312,517316,517558
7,517490,517506,517504,517508,517751
2,517710,517698,517696,517701,517944
9,517930,517891,517889,517894,518137
4,518090,518083,518081,518087,518330
10,518250,518275,518273,518280,518523
6,518430,518467,518465,518473,518716
1,518670,518660,518657,518666,518909
8,518830,518852,518850,518859,519102
11,519050,519044,519042,519051,519295
12,519270,519236,519234,519244,519488
3,519660,519612,519623,519615,519874
5,519830,519805,519815,519808,520067
2,520020,519999,520008,520001,520260
7,520150,520193,520200,520195,520453
4,520340,520386,520392,520388,520646
9,520550,520580,520585,520581,520839
6,520750,520773,520777,520774,521032
10,520950,520967,520969,520967,521225
8,521100,521160,521162,521161,521418
1,521330,521354,521354,521354,521611
11,521570,521548,521547,521547,521804
12,521770,521741,521739,521740,521997
3,521940,521935,521931,521933,522190
2,522110,522128,522124,522126,522383
5,522340,522322,522316,522320,522576
4,522550,522515,522508,522513,522769
7,522730,522709,522701,522706,522962
6,522890,522903,522893,522899,523155
9,523130,523096,523086,523092,523348
8,523240,523290,523278,523286,523541
10,523480,523483,523470,523479,523734
11,523680,523677,523663,523672,523927
1,523880,523870,523855,523865,524120
12,524090,524064,524047,524058,524313
2,524430,524439,524438,524427,524699
3,524640,524631,524630,524621,524892
4,524870,524824,524823,524814,525085
5,525020,525017,525015,525008,525278
6,525190,525210,525208,525202,525471
7,525370,525403,525401,525396,525664
8,525560,525595,525593,525590,525857
9,525780,525788,525786,525784,526050
11,525990,525981,525978,525977,526243
10,526200,526174,526171,526171,526436
1,526410,526367,526363,526365,526629
12,526580,526560,526556,526559,526822
2,526720,526752,526748,526753,527015
4,526980,526945,526941,526947,527208
3,527150,527138,527133,527140,527401
6,527320,527331,527326,527334,527594
5,527500,527524,527518,527528,527787
8,527680,527717,527711,527722,527980
7,527860,527909,527904,527916,528173
11,528120,528102,528096,528110,528366
9,528310,528295,528289,528303,528559
1,528470,528488,528481,528497,528752
10,528680,528681,528674,528691,528945
12,528910,528874,528866,528885,529138
4,529320,529266,529267,529267,529524
2,529500,529460,529460,529461,529717
6,529730,529654,529653,529655,529910
3,529860,529847,529846,529849,530103
8,530050,530041,530039,530043,530296
5,530190,530235,530232,530237,530489
11,530440,530428,530425,530431,530682
7,530580,530622,530618,530625,530875
1,530820,530816,530811,530819,531068
9,530980,531009,531004,531013,531261
10,531160,531203,531197,531207,531454
12,531400,531397,531390,531401,531647
4,531580,531590,531583,531595,531840
6,531810,531784,531776,531789,532033
2,532010,531978,531969,531983,532226
8,532160,532171,532162,532177,532419
3,532380,532365,532355,532371,532612
11,532580,532559,532548,532565,532805
5,532740,532753,532741,532759,532998
1,532940,532946,532934,532953,533191
7,533160,533140,533127,533147,533384
10,533340,533334,533320,533341,533577
9,533510,533527,533513,533535,533770
12,533720,533721,533706,533729,533963
6,534150,534102,534099,534102,534349
4,534270,534296,534293,534295,534542
8,534510,534489,534486,534489,534735
2,534660,534682,534679,534682,534928
11,534940,534876,534872,534875,535121
3,535070,535069,535065,535069,535314
1,535260,535262,535259,535262,535507
5,535450,535456,535452,535456,535700
10,535600,535649,535645,535649,535893
7,535830,535842,535838,535843,536086
9,536030,536036,536031,536036,536279
12,536210,536229,536224,536230,536472
6,536390,536422,536418,536423,536665
8,536630,536616,536611,536616,536858
4,536820,536809,536804,536810,537051
11,537020,537002,536997,537003,537244
2,537210,537195,537190,537197,537437
1,537410,537389,537384,537390,537630
3,537560,537582,537577,537584,537823
10,537780,537775,537770,537777,538016
5,537960,537969,537963,537971,538209
9,538150,538162,538156,538164,538402
7,538320,538355,538349,538357,538595
12,538600,538549,538543,538551,538788
8,538940,538926,538924,538917,539174
6,539130,539118,539117,539111,539367
11,539340,539311,539310,539304,539560
4,539480,539504,539503,539497,539753
1,539710,539696,539696,539691,539946
2,539890,539889,539889,539884,540139
10,540110,540082,540082,540077,540332
3,540250,540275,540275,540271,540525
9,540440,540467,540468,540464,540718
5,540610,540660,540661,540657,540911
7,540800,540853,540854,540851,541104
12,541020,541045,541047,541044,541297
8,541210,541238,541241,541238,541489
11,541430,541431,541434,541431,541682
6,541660,541623,541627,541624,541875
1,541860,541816,541820,541818,542068
4,542040,542009,542013,542011,542261
10,542220,542201,542206,542204,542454
2,542420,542394,542399,542398,542647
9,542610,542587,542592,542591,542840
3,542750,542779,542785,542784,543033
7,542930,542972,542978,542978,543226
5,543170,543165,543171,543171,543419
12,543360,543357,543364,543364,543612
11,543770,543741,543747,543748,543998
8,543920,543935,543940,543941,544191
1,544100,544128,544133,544133,544384
6,544370,544321,544326,544326,544577
10,544540,544514,544519,544519,544770
4,544710,544707,544712,544712,544963
9,544900,544901,544905,544904,545156
2,545070,545094,545098,545097,545349
7,545280,545287,545291,545290,545542
3,545480,545480,545484,545482,545735
5,545630,545673,545677,545675,545928
12,545820,545867,545870,545868,546121
11,546100,546060,546063,546061,546314
1,546270,546253,546256,546253,546507
8,546450,546446,546449,546446,546700
10,546650,546639,546642,546639,546893
6,546800,546833,546835,546831,547086
9,547090,547026,547027,547024,547279
4,547250,547219,547220,547217,547472
7,547370,547412,547413,547410,547665
2,547570,547605,547606,547602,547858
5,547790,547799,547799,547795,548051
3,548020,547992,547992,547988,548244
12,548190,548185,548185,548180,548437
1,548550,548551,548550,548539,548823
11,548810,548743,548742,548731,549016
10,548930,548934,548934,548923,549209
8,549120,549125,549127,549115,549402
9,549310,549316,549319,549307,549595
6,549510,549508,549511,549499,549788
7,549670,549699,549704,549691,549981
4,549860,549890,549896,549883,550174
5,550060,550081,550088,550075,550367
2,550220,550273,550281,550267,550560
3,550450,550464,550473,550459,550753
12,550630,550655,550665,550651,550946
1,550850,550846,550858,550843,551139
10,551010,551037,551050,551035,551332
11,551230,551229,551242,551227,551525
9,551420,551420,551435,551419,551718
8,551620,551611,551627,551611,551911
7,551780,551802,551819,551803,552104
6,551980,551994,552012,551995,552297
5,552190,552185,552204,552187,552490
4,552420,552376,552396,552379,552683
3,552560,552567,552589,552571,552876
2,552780,552758,552781,552763,553069
12,552970,552950,552973,552955,553262
10,553320,553325,553341,553328,553648
1,553520,553518,553533,553520,553841
11,553740,553710,553724,553712,554034
8,553880,553902,553916,553903,554227
9,554080,554094,554108,554095,554420
6,554270,554286,554300,554287,554613
7,554460,554479,554492,554479,554806
4,554680,554671,554684,554671,554999
5,554860,554863,554876,554863,555192
2,555060,555055,555068,555055,555385
3,555250,555247,555259,555247,555578
12,555420,555440,555451,555439,555771
10,555620,555632,555643,555631,555964
11,555810,555824,555835,555822,556157
1,556040,556016,556027,556014,556350
9,556210,556209,556219,556206,556543
8,556410,556401,556411,556398,556736
7,556560,556593,556603,556590,556929
6,556750,556785,556794,556782,557122
5,557000,556977,556986,556974,557315
4,557220,557170,557178,557166,557508
3,557340,557362,557370,557358,557701
2,557550,557554,557562,557549,557894
12,557780,557746,557754,557741,558087
11,558120,558114,558122,558104,558473
10,558320,558305,558313,558296,558666
9,558520,558497,558505,558488,558859
1,558690,558688,558696,558680,559052
7,558830,558879,558888,558872,559245
8,559070,559071,559079,559064,559438
5,559260,559262,559271,559256,559631
6,559410,559454,559462,559448,559824
3,559610,559645,559654,559640,560017
4,559810,559837,559845,559832,560210
2,560040,560028,560037,560024,560403
12,560210,560219,560228,560216,560596
11,560390,560411,560419,560409,560789
9,560620,560602,560611,560601,560982
10,560820,560794,560802,560793,561175
7,560950,560985,560994,560985,561368
1,561190,561177,561185,561177,561561
5,561400,561368,561377,561369,561754
8,561570,561559,561568,561561,561947
3,561780,561751,561760,561753,562140
6,561900,561942,561951,561945,562333
2,562120,562134,562143,562137,562526
4,562340,562325,562334,562329,562719
12,562530,562517,562525,562521,562912
9,562860,562893,562908,562891,563298
11,563100,563086,563099,563084,563491
7,563260,563278,563291,563277,563684
10,563500,563471,563482,563470,563877
5,563670,563664,563674,563662,564070
1,563870,563856,563865,563855,564263
3,564070,564049,564057,564048,564456
8,564230,564242,564248,564241,564649
2,564440,564434,564440,564434,564842
6,564600,564627,564631,564626,565035
4,564820,564820,564823,564819,565228
12,564980,565012,565014,565012,565420
9,565210,565205,565206,565205,565613
7,565370,565398,565397,565398,565806
11,565570,565590,565589,565590,565999
5,565770,565783,565780,565783,566192
10,565990,565976,565972,565976,566385
3,566190,566168,566163,566169,566578
1,566380,566361,566355,566362,566771
2,566570,566553,566546,566554,566964
8,566760,566746,566738,566747,567157
4,566940,566939,566929,566940,567350
6,567120,567131,567121,567133,567543
12,567330,567324,567312,567326,567736
7,567700,567700,567708,567703,568122
9,567910,567894,567900,567896,568315
5,568070,568087,568092,568089,568508
11,568270,568280,568284,568282,568701
3,568500,568473,568476,568475,568894
10,568650,568667,568668,568668,569087
2,568860,568860,568860,568861,569280
1,569070,569053,569051,569054,569473
4,569280,569246,569243,569247,569666
8,569440,569440,569435,569440,569859
6,569650,569633,569627,569633,570052
12,569800,569826,569819,569826,570245
7,569970,570019,570011,570019,570438
5,570190,570213,570203,570212,570631
9,570420,570406,570395,570405,570824
3,570590,570599,570587,570598,571017
11,570770,570792,570779,570791,571210
2,570990,570986,570971,570984,571403
10,571140,571179,571162,571177,571596
4,571430,571372,571354,571370,571789
1,571580,571565,571546,571563,571982
6,571760,571759,571738,571756,572175
8,571940,571952,571930,571949,572368
12,572170,572145,572122,572142,572561
5,572550,572517,572514,572506,572947
7,572690,572710,572706,572699,573140
3,572890,572902,572898,572893,573333
9,573080,573094,573090,573086,573526
2,573300,573287,573283,573279,573719
11,573500,573479,573475,573473,573912
4,573670,573672,573667,573666,574105
10,573840,573864,573859,573859,574298
6,574080,574056,574051,574053,574491
1,574250,574249,574243,574246,574684
8,574400,574441,574435,574439,574877
12,574610,574633,574628,574633,575070
5,574820,574826,574820,574826,575263
3,575030,575018,575012,575019,575456
7,575210,575211,575204,575212,575649
2,575440,575403,575396,575406,575842
9,575630,575595,575588,575599,576035
4,575810,575788,575780,575792,576228
11,575960,575980,575973,575986,576421
6,576140,576172,576165,576179,576614
10,576350,576365,576357,576372,576807
8,576530,576557,576549,576566,577000
1,576760,576750,576741,576759,577193
12,576960,576942,576933,576952,577386
3,577360,577327,577333,577330,577772
5,577550,577521,577526,577524,577965
2,577740,577715,577719,577718,578158
7,577880,577908,577911,577912,578351
4,578110,578102,578104,578105,578544
9,578300,578296,578296,578299,578737
6,578510,578490,578489,578493,578930
11,578690,578684,578682,578687,579123
8,578820,578878,578874,578881,579316
10,579010,579072,579067,579074,579509
1,579260,579265,579260,579268,579702
12,579450,579459,579452,579462,579895
3,579680,579653,579645,579656,580088
2,579880,579847,579837,579849,580281
5,580060,580041,580030,580043,580474
4,580250,580235,580223,580237,580667
7,580430,580429,580415,580431,580860
6,580620,580623,580608,580624,581053
9,580820,580816,580801,580818,581246
8,581020,581010,580993,581012,581439
11,581200,581204,581186,581206,581632
1,581390,581398,581378,581400,581825
10,581570,581592,581571,581593,582018
12,581810,581786,581764,581787,582211
2,582200,582165,582161,582156,582597
3,582400,582358,582354,582350,582790
4,582590,582551,582547,582544,582983
5,582750,582744,582740,582738,583176
6,582910,582938,582932,582932,583369
7,583090,583131,583125,583126,583562
8,583310,583324,583318,583320,583755
9,583520,583517,583511,583514,583948
1,583700,583711,583704,583709,584141
11,583900,583904,583897,583903,584334
10,584100,584097,584090,584097,584527
12,584290,584290,584283,584291,584720
2,584470,584483,584476,584485,584913
4,584690,584677,584669,584679,585106
3,584880,584870,584862,584873,585299
6,585070,585063,585055,585067,585492
5,585220,585256,585248,585261,585685
8,585460,585449,585441,585455,585878
7,585620,585643,585634,585650,586071
1,585850,585836,585827,585844,586264
9,586010,586029,586020,586038,586457
10,586220,586222,586213,586232,586650
11,586400,586416,586406,586426,586843
12,586660,586609,586598,586620,587036
4,587010,586994,587000,586998,587422
2,587220,587188,587193,587193,587615
6,587400,587383,587387,587387,587808
3,587590,587578,587580,587582,588001
8,587770,587772,587773,587776,588194
5,587940,587967,587967,587970,588387
1,588170,588162,588160,588165,588580
7,588320,588356,588354,588359,588773
10,588550,588551,588547,588553,588966
9,588770,588745,588740,588748,589159
11,588930,588940,588934,588942,589352
12,589170,589135,589127,589137,589544
4,589300,589329,589321,589331,589737
6,589500,589524,589514,589525,589930
2,589730,589719,589708,589720,590123
8,589920,589913,589901,589914,590316
3,590080,590108,590094,590108,590509
1,590330,590302,590288,590303,590702
5,590470,590497,590481,590497,590895
10,590690,590692,590675,590692,591088
7,590850,590886,590868,590886,591281
11,591060,591081,591061,591080,591474
9,591310,591276,591255,591275,591667
12,591530,591470,591448,591469,591860
6,591850,591847,591844,591842,592246
4,592080,592041,592038,592036,592439
8,592240,592235,592231,592231,592632
2,592410,592429,592425,592425,592825
1,592620,592623,592619,592620,593018
3,592810,592817,592812,592814,593211
10,593040,593011,593006,593008,593404
5,593180,593205,593200,593203,593597
11,593400,593398,593393,593397,593790
7,593520,593592,593587,593591,593983
9,593780,593786,593781,593786,594176
12,593990,593980,593974,593980,594369
6,594150,594174,594168,594174,594562
8,594390,594368,594362,594369,594755
4,594600,594562,594555,594563,594948
1,594780,594756,594749,594757,595141
2,594940,594950,594943,594952,595334
10,595170,595144,595136,595146,595527
3,595340,595338,595330,595340,595720
11,595530,595532,595524,595535,595913
5,595710,595726,595717,595729,596106
9,595920,595919,595911,595923,596299
7,596060,596113,596105,596118,596492
12,596340,596307,596298,596312,596685
8,596740,596696,596689,596695,597071
6,596900,596889,596883,596888,597264
1,597110,597082,597077,597082,597457
4,597340,597275,597271,597276,597650
10,597520,597469,597464,597469,597843
2,597660,597662,597658,597663,598036
11,597870,597855,597852,597856,598229
3,598020,598048,598046,598050,598422
9,598210,598242,598239,598244,598615
5,598360,598435,598433,598437,598808
7,598550,598628,598627,598631,599001
12,598790,598821,598820,598824,599194
8,599040,599015,599014,599018,599387
1,599220,599208,599208,599212,599580
6,599430,599401,599402,599405,599773
10,599620,599594,599595,599599,599966
4,599810,599787,599789,599792,600159
11,600000,599981,599983,599986,600352
2,600180,600174,600177,600180,600545
9,600390,600367,600370,600373,600738
3,600550,600560,600564,600567,600931
7,600720,600754,600758,600760,601124
5,600940,600947,600951,600954,601317
12,601140,601140,601145,601148,601510
1,601520,601517,601516,601508,601896
8,601720,601710,601709,601701,602089
6,601880,601902,601903,601894,602282
4,602120,602094,602096,602087,602475
10,602320,602286,602289,602280,602668
2,602480,602479,602482,602473,602861
11,602730,602671,602675,602666,603054
3,602830,602863,602869,602859,603247
9,603040,603055,603062,603052,603440
5,603190,603248,603255,603245,603633
7,603390,603440,603448,603438,603826
12,603600,603632,603642,603631,604019
1,603850,603824,603835,603824,604212
6,604010,604017,604028,604017,604405
8,604220,604209,604221,604210,604598
10,604410,604401,604414,604403,604791
4,604580,604593,604608,604596,604984
11,604780,604786,604801,604789,605177
2,604970,604978,604994,604982,605370
9,605210,605170,605187,605175,605563
3,605370,605362,605381,605368,605756
7,605560,605555,605574,605561,605949
5,605720,605747,605767,605754,606142
12,605960,605939,605960,605947,606335
6,606330,606319,606334,606316,606721
1,606550,606513,606527,606510,606914
8,606720,606706,606719,606703,607107
4,606950,606899,606912,606897,607300
10,607090,607093,607105,607090,607493
2,607270,607286,607298,607284,607686
11,607500,607479,607491,607477,607879
3,607630,607673,607684,607671,608072
9,607830,607866,607877,607865,608265
5,608010,608059,608070,608058,608458
7,608200,608253,608263,608252,608651
12,608420,608446,608455,608445,608844
6,608600,608639,608648,608639,609037
8,608830,608833,608841,608832,609230
1,609050,609026,609034,609026,609423
10,609200,609219,609227,609220,609616
4,609410,609413,609420,609413,609809
11,609600,609606,609613,609607,610002
2,609820,609799,609806,609800,610195
9,610030,609993,609999,609994,610388
3,610200,610186,610191,610187,610581
7,610390,610379,610384,610381,610774
5,610590,610573,610577,610575,610967
12,610790,610766,610770,610768,611160
8,611160,611151,611157,611149,611546
6,611370,611345,611350,611343,611739
10,611550,611538,611543,611536,611932
1,611750,611731,611736,611730,612125
11,611900,611925,611929,611924,612318
4,612140,612118,612122,612118,612511
9,612310,612312,612315,612311,612704
2,612500,612505,612508,612505,612897
7,612720,612698,612701,612699,613090
3,612900,612892,612893,612892,613283
5,613060,613085,613086,613086,613476
12,613280,613278,613279,613280,613668
8,613430,613472,613472,613474,613861
10,613660,613665,613665,613667,614054
6,613850,613859,613858,613861,614247
11,614040,614052,614051,614055,614440
1,614270,614245,614244,614248,614633
9,614470,614439,614437,614442,614826
4,614620,614632,614630,614636,615019
7,614820,614825,614823,614830,615212
2,615020,615019,615016,615023,615405
5,615200,615212,615209,615217,615598
3,615390,615406,615402,615411,615791
12,615630,615599,615594,615604,615984
10,615980,615975,615980,615975,616370
8,616170,616169,616173,616168,616563
11,616370,616362,616366,616362,616756
6,616560,616556,616559,616555,616949
9,616760,616749,616752,616748,617142
1,616960,616943,616945,616942,617335
7,617120,617136,617138,617135,617528
4,617340,617329,617331,617328,617721
5,617510,617523,617524,617522,617914
2,617700,617716,617717,617715,618107
3,617880,617910,617910,617908,618300
12,618060,618103,618103,618102,618493
10,618250,618296,618296,618295,618686
11,618500,618490,618489,618488,618879
8,618670,618683,618681,618682,619072
9,618900,618877,618874,618875,619265
6,619030,619070,619067,619068,619458
7,619240,619264,619260,619262,619651
1,619470,619457,619453,619455,619844
5,619710,619650,619646,619648,620037
4,619900,619844,619839,619842,620230
3,620030,620037,620032,620035,620423
2,620220,620231,620225,620228,620616
12,620430,620424,620418,620422,620809
11,620810,620796,620800,620792,621195
10,621010,620989,620993,620986,621388
9,621180,621182,621186,621179,621581
8,621370,621375,621378,621372,621774
7,621500,621568,621571,621565,621967
6,621740,621761,621764,621758,622160
5,621930,621954,621957,621952,622353
1,622160,622148,622150,622145,622546
3,622360,622341,622343,622338,622739
4,622540,622534,622536,622531,622932
2,622750,622727,622728,622724,623125
12,622920,622920,622921,622918,623318
11,623080,623113,623114,623111,623511
9,623330,623306,623307,623304,623704
10,623510,623499,623500,623497,623897
7,623650,623692,623693,623690,624090
8,623860,623885,623886,623884,624283
5,624050,624079,624078,624077,624476
6,624250,624272,624271,624270,624669
3,624470,624465,624464,624463,624862
1,624670,624658,624657,624656,625055
2,624870,624851,624850,624849,625248
4,625060,625044,625043,625043,625441
12,625270,625237,625236,625236,625634
9,625610,625610,625616,625601,626020
11,625850,625803,625809,625795,626213
7,625980,625996,626002,625989,626406
10,626210,626189,626194,626182,626599
5,626390,626382,626387,626376,626792
8,626540,626575,626580,626570,626985
3,626730,626768,626773,626763,627178
6,626910,626961,626965,626957,627371
2,627150,627154,627158,627151,627564
1,627340,627347,627351,627344,627757
4,627520,627540,627543,627538,627950
12,627710,627733,627736,627732,628143
9,627930,627926,627929,627925,628336
7,628130,628119,628122,628119,628529
11,628350,628313,628314,628312,628722
5,628520,628506,628507,628506,628915
10,628730,628699,628700,628700,629108
3,628880,628892,628893,628893,629301
8,629080,629085,629085,629087,629494
2,629270,629278,629278,629281,629687
6,629430,629471,629471,629474,629880
4,629690,629664,629664,629668,630073
1,629870,629857,629856,629862,630266
12,630060,630050,630049,630055,630459
7,630490,630438,630443,630437,630845
9,630670,630632,630636,630631,631038
5,630840,630825,630829,630825,631231
11,631040,631019,631022,631019,631424
3,631200,631213,631215,631213,631617
10,631410,631406,631407,631407,631810
2,631610,631600,631600,631601,632003
8,631800,631793,631793,631795,632196
4,631980,631987,631986,631989,632389
6,632120,632180,632179,632183,632582
1,632360,632374,632372,632377,632775
12,632550,632567,632565,632571,632968
7,632750,632761,632758,632764,633161
5,632970,632955,632951,632958,633354
9,633160,633148,633144,633152,633547
3,633340,633342,633337,633346,633740
11,633530,633535,633530,633540,633933
2,633760,633729,633723,633734,634126
10,633930,633922,633916,633928,634319
4,634120,634116,634109,634122,634512
8,634300,634309,634302,634316,634705
1,634490,634503,634495,634510,634898
6,634670,634697,634688,634704,635091
12,634930,634890,634881,634898,635284
5,635290,635268,635271,635262,635670
7,635450,635462,635465,635456,635863
3,635660,635655,635658,635650,636056
9,635830,635849,635851,635844,636249
2,636050,636043,636044,636038,636442
11,636250,636236,636237,636233,636635
4,636460,636430,636430,636427,636828
10,636620,636624,636623,636621,637021
1,636800,636818,636816,636815,637214
8,636970,637011,637010,637009,637407
6,637190,637205,637203,637204,637600
12,637370,637399,637396,637398,637792
5,637560,637592,637589,637592,637985
3,637820,637786,637782,637786,638178
7,637990,637980,637975,637981,638371
2,638170,638173,638168,638175,638564
9,638390,638367,638361,638369,638757
4,638540,638561,638554,638563,638950
11,638800,638755,638748,638757,639143
1,638960,638948,638941,638952,639336
10,639110,639142,639134,639146,639529
6,639320,639336,639327,639340,639722
8,639540,639529,639520,639534,639915
12,639740,639723,639713,639728,640108
3,640170,640114,640113,640113,640494
5,640350,640308,640306,640307,640687
2,640520,640502,640500,640502,640880
7,640640,640696,640693,640696,641073
4,640880,640890,640887,640890,641266
9,641070,641084,641080,641085,641459
1,641280,641278,641274,641279,641652
11,641490,641472,641467,641473,641845
6,641710,641666,641661,641668,642038
10,641840,641860,641854,641862,642231
8,642020,642053,642048,642056,642424
12,642220,642247,642241,642251,642617
3,642470,642441,642435,642445,642810
2,642650,642635,642628,642639,643003
5,642880,642829,642822,642834,643196
4,643070,643023,643015,643028,643389
7,643230,643217,643209,643222,643582
1,643430,643411,643402,643417,643775
9,643580,643605,643596,643611,643968
6,643750,643799,643789,643805,644161
11,644000,643992,643983,644000,644354
8,644140,644186,644176,644194,644547
10,644360,644380,644370,644388,644740
12,644600,644574,644563,644583,644933
2,644960,644956,644953,644948,645319
3,645160,645149,645147,645143,645512
4,645380,645343,645340,645337,645705
5,645540,645537,645534,645531,645898
1,645760,645730,645728,645725,646091
7,645900,645924,645921,645919,646284
6,646090,646117,646115,646114,646477
9,646310,646311,646308,646308,646670
8,646500,646504,646502,646502,646863
11,646690,646698,646695,646696,647056
10,646860,646891,646889,646890,647249
12,647100,647085,647083,647085,647442
2,647240,647278,647276,647279,647635
4,647480,647472,647470,647473,647828
3,647670,647665,647663,647667,648021
1,647870,647859,647857,647861,648214
5,648080,648052,648050,648056,648407
6,648230,648246,648244,648250,648600
7,648420,648439,648438,648444,648793
8,648610,648633,648631,648638,648986
9,648840,648827,648825,648832,649179
10,649030,649020,649018,649027,649372
11,649180,649214,649212,649221,649565
12,649460,649407,649405,649415,649758
4,649840,649798,649797,649797,650144
2,650040,649992,649991,649991,650337
1,650220,650185,650185,650185,650530
3,650390,650379,650378,650379,650723
6,650560,650573,650572,650573,650916
5,650760,650767,650766,650767,651109
8,650950,650960,650959,650961,651302
7,651090,651154,651153,651155,651495
10,651350,651348,651347,651349,651688
9,651550,651541,651540,651543,651881
11,651700,651735,651734,651737,652074
12,651940,651929,651928,651931,652267
4,652160,652123,652121,652125,652460
1,652340,652316,652315,652319,652653
2,652510,652510,652509,652513,652846
6,652690,652704,652702,652708,653039
3,652860,652898,652896,652902,653232
8,653070,653091,653090,653096,653425
5,653320,653285,653283,653290,653618
10,653480,653479,653477,653484,653811
7,653640,653672,653671,653678,654004
11,653850,653866,653865,653872,654197
9,654070,654060,654058,654066,654390
12,654300,654254,654252,654260,654583
1,654680,654630,654634,654626,654969
4,654840,654824,654827,654820,655162
2,655030,655018,655021,655013,655355
3,655210,655211,655214,655207,655548
6,655370,655405,655408,655401,655741
5,655540,655599,655601,655595,655934
8,655750,655792,655795,655789,656127
7,655930,655986,655988,655983,656320
10,656170,656179,656182,656177,656513
9,656370,656373,656376,656370,656706
11,656570,656567,656569,656564,656899
12,656790,656760,656763,656758,657092
1,656960,656954,656956,656952,657285
2,657170,657148,657150,657146,657478
4,657390,657341,657343,657340,657671
6,657540,657535,657537,657533,657864
3,657730,657728,657730,657727,658057
8,657880,657922,657924,657921,658250
5,658080,658116,658117,658115,658443
10,658290,658309,658311,658309,658636
7,658470,658503,658505,658503,658829
11,658690,658696,658698,658697,659022
9,658920,658890,658892,658890,659215
12,659150,659084,659085,659084,659408
2,659510,659467,659469,659455,659794
1,659690,659660,659662,659649,659987
4,659880,659854,659856,659844,660180
3,660070,660047,660049,660038,660373
6,660240,660240,660242,660233,660566
5,660420,660434,660436,660427,660759
8,660590,660627,660629,660621,660952
7,660740,660820,660823,660816,661145
10,660980,661014,661016,661010,661338
9,661190,661207,661210,661205,661531
11,661380,661400,661403,661399,661724
12,661590,661594,661596,661594,661916
2,661790,661787,661790,661788,662109
4,662020,661981,661983,661982,662302
1,662210,662174,662177,662177,662495
6,662360,662367,662370,662371,662688
3,662590,662561,662564,662566,662881
8,662750,662754,662757,662760,663074
5,662980,662947,662950,662955,663267
10,663130,663141,663144,663149,663460
7,663310,663334,663337,663344,663653
11,663480,663527,663531,663538,663846
9,663730,663721,663724,663732,664039
12,663950,663914,663918,663927,664232
4,664390,664314,664313,664309,664618
2,664560,664508,664507,664503,664811
6,664710,664702,664701,664698,665004
1,664930,664895,664894,664893,665197
8,665090,665089,665088,665087,665390
3,665290,665283,665282,665282,665583
10,665490,665477,665475,665477,665776
5,665680,665670,665669,665671,665969
11,665820,665864,665863,665866,666162
7,666020,666058,666056,666061,666355
9,666220,666252,666250,666255,666548
12,666430,666446,666444,666450,666741
4,666630,666639,666637,666645,666934
6,666820,666833,666831,666840,667127
2,667060,667027,667024,667034,667320
8,667220,667221,667218,667229,667513
1,667450,667414,667412,667424,667706
10,667630,667608,667605,667618,667899
3,667820,667802,667799,667813,668092
11,667960,667996,667993,668008,668285
5,668210,668189,668186,668202,668478
9,668370,668383,668380,668397,668671
7,668550,668577,668574,668592,668864
12,668790,668771,668767,668786,669057
6,669170,669163,669161,669156,669443
4,669390,669357,669355,669350,669636
8,669570,669551,669549,669545,669829
2,669730,669745,669743,669740,670022
10,669960,669939,669937,669934,670215
1,670140,670133,670130,670129,670408
11,670360,670327,670324,670324,670601
3,670510,670521,670518,670519,670794
9,670690,670715,670712,670713,670987
5,670880,670908,670906,670908,671180
7,671060,671102,671099,671103,671373
12,671290,671296,671293,671298,671566
6,671480,671490,671487,671492,671759
8,671670,671684,671681,671687,671952
4,671890,671878,671875,671882,672145
10,672100,672072,672069,672077,672338
2,672270,672266,672262,672271,672531
11,672470,672460,672456,672466,672724
1,672690,672654,672650,672661,672917
9,672860,672848,672844,672856,673110
3,673050,673042,673038,673050,673303
7,673180,673236,673232,673245,673496
5,673420,673430,673425,673440,673689
12,673650,673624,673619,673634,673882
8,674040,674019,674016,674019,674268
6,674260,674213,674210,674213,674461
10,674430,674407,674404,674408,674654
4,674660,674602,674598,674602,674847
11,674790,674796,674792,674797,675040
2,674960,674990,674986,674991,675233
9,675190,675184,675181,675185,675426
1,675380,675379,675375,675380,675619
7,675520,675573,675569,675574,675812
3,675730,675767,675763,675769,676005
5,675920,675961,675957,675963,676198
12,676150,676156,676151,676157,676391
8,676330,676350,676345,676352,676584
10,676540,676544,676539,676546,676777
6,676740,676738,676733,676741,676970
11,676940,676933,676927,676935,677163
4,677150,677127,677121,677129,677356
9,677390,677321,677315,677324,677549
2,677510,677515,677509,677518,677742
7,677680,677710,677704,677713,677935
1,677930,677904,677898,677907,678128
5,678120,678098,678092,678101,678321
3,678240,678292,678286,678296,678514
12,678510,678487,678480,678490,678707
10,678870,678865,678861,678860,679093
8,679070,679059,679055,679053,679286
11,679240,679252,679249,679247,679479
6,679420,679445,679442,679440,679672
9,679640,679638,679636,679634,679865
4,679850,679832,679830,679828,680058
7,680030,680025,680024,680021,680251
2,680210,680218,680218,680215,680444
5,680410,680412,680412,680408,680637
1,680600,680605,680606,680602,680830
3,680780,680798,680800,680795,681023
12,680970,680992,680993,680989,681216
10,681160,681185,681187,681182,681409
11,681330,681378,681381,681376,681602
8,681560,681571,681575,681569,681795
9,681790,681765,681769,681763,681988
6,681940,681958,681963,681956,682181
7,682140,682151,682157,682150,682374
4,682340,682345,682351,682343,682567
5,682580,682538,682544,682537,682760
2,682730,682731,682738,682730,682953
3,682930,682925,682932,682924,683146
1,683120,683118,683126,683117,683339
12,683340,683311,683320,683311,683532
11,683670,683686,683690,683684,683918
10,683880,683879,683883,683877,684111
9,684080,684072,684077,684070,684304
8,684280,684265,684270,684263,684497
7,684430,684458,684464,684455,684690
6,684650,684651,684657,684648,684883
5,684830,684844,684850,684841,685076
4,685050,685037,685044,685034,685269
3,685220,685230,685237,685227,685462
2,685380,685423,685430,685419,685655
1,685580,685615,685624,685612,685848
12,685790,685808,685817,685805,686040
11,686000,686001,686011,685998,686233
9,686190,686194,686204,686190,686426
10,686390,686387,686397,686383,686619
7,686550,686580,686591,686576,686812
8,686780,686773,686784,686769,687005
5,686960,686966,686978,686961,687198
6,687140,687159,687171,687154,687391
3,687350,687352,687364,687347,687584
4,687570,687545,687558,687540,687777
1,687760,687738,687751,687733,687970
2,687950,687931,687945,687925,688163
12,688150,688124,688138,688118,688356
9,688470,688492,688498,688472,688742
11,688720,688684,688691,688665,688935
7,688850,688876,688883,688858,689128
10,689080,689068,689076,689052,689321
5,689230,689260,689269,689245,689514
8,689470,689452,689461,689438,689707
3,689620,689644,689654,689631,689900
6,689760,689835,689847,689825,690093
1,690010,690027,690039,690018,690286
4,690160,690219,690232,690211,690479
2,690390,690411,690424,690405,690672
12,690600,690603,690617,690598,690865
9,690800,690795,690810,690791,691058
7,690990,690987,691002,690985,691251
11,691210,691179,691195,691178,691444
5,691420,691371,691388,691371,691637
10,691590,691563,691580,691564,691830
3,691750,691755,691773,691758,692023
8,691920,691947,691966,691951,692216
1,692150,692139,692158,692144,692409
6,692320,692331,692351,692338,692602
2,692520,692523,692544,692531,692795
4,692720,692715,692736,692724,692988
12,692920,692907,692929,692918,693181
7,693340,693302,693318,693304,693567
9,693540,693496,693511,693498,693760
5,693690,693690,693703,693693,693953
11,693900,693884,693896,693887,694146
3,694060,694078,694089,694081,694339
10,694300,694272,694282,694275,694532
1,694480,694466,694475,694469,694725
8,694640,694660,694667,694663,694918
2,694820,694854,694860,694857,695111
6,695070,695048,695053,695051,695304
4,695250,695242,695246,695245,695497
12,695400,695436,695438,695440,695690
7,695610,695630,695631,695634,695883
5,695800,695824,695824,695828,696076
9,696030,696018,696017,696022,696269
3,696190,696212,696210,696216,696462
11,696400,696406,696402,696410,696655
1,696610,696600,696595,696604,696848
10,696820,696794,696788,696798,697041
2,697030,696988,696981,696993,697234
8,697180,697182,697173,697187,697427
4,697370,697377,697366,697381,697620
6,697570,697571,697559,697575,697813
12,697780,697765,697752,697769,698006
5,698160,698144,698146,698140,698392
7,698300,698337,698339,698334,698585
3,698520,698531,698532,698528,698778
9,698700,698725,698725,698722,698971
1,698910,698919,698918,698916,699164
11,699110,699112,699111,699110,699357
2,699340,699306,699304,699304,699550
10,699550,699500,699497,699498,699743
4,699720,699694,699690,699692,699936
8,699850,699888,699883,699886,700129
6,700070,700081,700076,700080,700322
12,700250,700275,700269,700274,700515
5,700470,700469,700462,700468,700708
3,700680,700663,700655,700662,700901
7,700820,700856,700848,700856,701094
1,701040,701050,701041,701050,701287
9,701260,701244,701235,701244,701480
2,701440,701438,701428,701438,701673
11,701630,701632,701621,701632,701866
4,701860,701825,701814,701826,702059
10,702020,702019,702007,702020,702252
6,702180,702213,702200,702214,702445
8,702400,702407,702393,702408,702638
12,702620,702601,702586,702602,702831
3,702990,702983,702980,702973,703217
5,703190,703176,703173,703167,703410
1,703390,703370,703366,703361,703603
7,703530,703563,703560,703556,703796
2,703750,703757,703753,703750,703989
9,704000,703950,703946,703945,704182
4,704130,704144,704139,704139,704375
11,704320,704337,704333,704333,704568
6,704540,704531,704526,704528,704761
10,704700,704724,704719,704722,704954
8,704920,704918,704913,704916,705147
12,705090,705111,705106,705111,705340
3,705290,705304,705299,705305,705533
1,705490,705498,705492,705499,705726
5,705740,705691,705686,705694,705919
2,705900,705885,705879,705888,706112
7,706100,706078,706072,706083,706305
4,706250,706272,706265,706277,706498
9,706450,706465,706459,706471,706691
6,706660,706659,706652,706666,706884
11,706820,706852,706845,706860,707077
8,707030,707046,707039,707054,707270
10,707240,707239,707232,707249,707463
12,707470,707432,707425,707443,707656
1,707830,707824,707824,707826,708042
3,708020,708018,708018,708020,708235
2,708230,708212,708211,708215,708428
5,708420,708406,708405,708409,708621
4,708650,708600,708598,708603,708814
7,708790,708795,708792,708797,709007
6,708960,708989,708986,708991,709200
9,709190,709183,709179,709185,709393
8,709410,709377,709373,709380,709586
11,709550,709571,709567,709574,709779
10,709750,709766,709760,709768,709972
12,709960,709960,709954,709962,710164
1,710170,710154,710147,710156,710357
2,710350,710348,710341,710350,710550
3,710550,710542,710535,710545,710743
4,710730,710736,710728,710739,710936
5,710920,710931,710922,710933,711129
6,711130,711125,711116,711127,711322
7,711280,711319,711309,711321,711515
8,711470,711513,711503,711515,711708
9,711720,711707,711696,711710,711901
10,711910,711902,711890,711904,712094
11,712100,712096,712084,712098,712287
12,712330,712290,712277,712292,712480
1,712690,712668,712662,712652,712866
2,712890,712861,712856,712846,713059
3,713070,713054,713049,713041,713252
4,713250,713247,713243,713235,713445
5,713430,713440,713436,713429,713638
6,713620,713633,713630,713624,713831
7,713780,713826,713824,713818,714024
8,713980,714019,714017,714012,714217
9,714200,714212,714211,714207,714410
10,714390,714405,714404,714401,714603
11,714580,714598,714598,714595,714796
12,714830,714792,714791,714790,714989
1,715000,714985,714985,714984,715182
2,715200,715178,715178,715178,715375
3,715380,715371,715372,715372,715568
4,715540,715564,715565,715567,715761
5,715760,715757,715759,715761,715954
6,715940,715950,715953,715955,716147
7,716130,716143,716146,716150,716340
8,716280,716336,716340,716344,716533
9,716540,716529,716533,716538,716726
10,716710,716722,716727,716733,716919
11,716930,716915,716920,716927,717112
12,717160,717108,717114,717121,717305
1,717540,717499,717510,717510,717691
2,717750,717694,717704,717705,717884
3,717910,717889,717898,717899,718077
4,718090,718084,718092,718093,718270
5,718290,718280,718286,718288,718463
6,718440,718475,718480,718482,718656
7,718640,718670,718673,718676,718849
8,718830,718865,718867,718871,719042
9,719020,719060,719061,719065,719235
10,719200,719256,719255,719259,719428
11,719450,719451,719449,719454,719621
12,719650,719646,719643,719648,719814
1,719850,719841,719837,719842,720007
2,720070,720037,720030,720036,720200
3,720250,720232,720224,720231,720393
4,720450,720427,720418,720425,720586
5,720620,720622,720612,720619,720779
6,720780,720817,720806,720814,720972
7,721020,721013,721000,721008,721165
8,721150,721208,721194,721202,721358
9,721400,721403,721388,721397,721551
10,721590,721598,721581,721591,721744
11,721760,721794,721775,721785,721937
12,722130,721989,721969,721980,722130
