Bell No,Actual Time,Contest Model,HawkEar Model,RWP Model,Metronomic Model
1,63600,63600,63600,63883.5,63600
2,63860,63816.5,63816.5,64084,63794.2
3,64160,64033,64033,64284.6,63988.5
4,64430,64249.6,64249.6,64485.1,64182.7
5,64620,64466.1,64466.1,64685.6,64376.9
6,64830,64682.6,64682.6,64886.2,64571.2
7,65040,64899.1,64899.1,65086.7,64765.4
8,65280,65115.7,65115.7,65287.2,64959.6
9,65430,65332.2,65332.2,65487.7,65153.9
11,65700,65548.7,65548.7,65688.3,65348.1
10,65720,65765.2,65765.2,65888.8,65542.3
12,66060,65981.7,65981.7,66089.3,65736.6
1,66310,66198.3,66198.3,66289.8,65930.8
2,66560,66414.8,66414.8,66490.4,66125
3,66810,66631.3,66631.3,66690.9,66319.3
4,67010,66847.8,66847.8,66891.4,66513.5
5,67220,67064.3,67064.3,67092,66707.7
6,67400,67280.9,67280.9,67292.5,66902
7,67620,67497.4,67497.4,67493,67096.2
8,67840,67713.9,67713.9,67693.5,67290.4
9,67960,67930.4,67930.4,67894.1,67484.7
10,68180,68147,68147,68094.6,67678.9
11,68330,68363.5,68363.5,68295.1,67873.1
12,68580,68580,68580,68495.7,68067.4
1,69020,69004.4,69007.1,68957.7,68455.8
2,69240,69200.9,69203.4,69158.2,68650.1
3,69390,69397.4,69399.8,69358.7,68844.3
4,69610,69594,69596.1,69559.3,69038.5
5,69800,69790.5,69792.5,69759.8,69232.8
6,69970,69987,69988.8,69960.3,69427
7,70180,70183.5,70185.2,70160.8,69621.2
8,70370,70380,70381.5,70361.4,69815.5
9,70530,70576.5,70577.8,70561.9,70009.7
10,70750,70773,70774.2,70762.4,70203.9
11,70920,70969.6,70970.5,70963,70398.2
12,71220,71166.1,71166.9,71163.5,70592.4
1,71350,71362.6,71363.2,71364,70786.6
2,71550,71559.1,71559.6,71564.5,70980.9
3,71760,71755.6,71755.9,71765.1,71175.1
4,71960,71952.1,71952.3,71965.6,71369.3
5,72160,72148.7,72148.6,72166.1,71563.5
6,72340,72345.2,72344.9,72366.7,71757.8
7,72530,72541.7,72541.3,72567.2,71952
8,72720,72738.2,72737.6,72767.7,72146.2
9,72930,72934.7,72934,72968.2,72340.5
10,73120,73131.2,73130.3,73168.8,72534.7
11,73290,73327.8,73326.7,73369.3,72728.9
12,73620,73524.3,73523,73569.8,72923.2
1,73970,73944.5,73930,73903.1,73311.6
2,74180,74137.7,74124.1,74099.9,73505.9
3,74360,74330.9,74318.2,74296.6,73700.1
4,74500,74524.1,74512.3,74493.4,73894.3
5,74710,74717.3,74706.5,74690.1,74088.6
6,74900,74910.5,74900.6,74886.9,74282.8
7,75080,75103.7,75094.7,75083.7,74477
8,75290,75296.9,75288.8,75280.4,74671.3
9,75470,75490.1,75483,75477.2,74865.5
10,75670,75683.3,75677.1,75673.9,75059.7
11,75840,75876.5,75871.2,75870.7,75254
12,76100,76069.7,76065.3,76067.5,75448.2
1,76260,76262.9,76259.4,76264.2,75642.4
2,76440,76456,76453.6,76461,75836.7
3,76650,76649.2,76647.7,76657.7,76030.9
4,76820,76842.4,76841.8,76854.5,76225.1
5,77050,77035.6,77035.9,77051.3,76419.4
6,77230,77228.8,77230.1,77248,76613.6
7,77420,77422,77424.2,77444.8,76807.8
8,77590,77615.2,77618.3,77641.5,77002.1
9,77800,77808.4,77812.4,77838.3,77196.3
10,77970,78001.6,78006.5,78035,77390.5
11,78220,78194.8,78200.7,78231.8,77584.8
12,78460,78388,78394.8,78428.6,77779
1,78880,78835.4,78814.1,78803.8,78167.5
2,79060,79028.1,79008.1,78999.4,78361.7
3,79250,79220.7,79202.1,79194.9,78555.9
4,79390,79413.3,79396.1,79390.4,78750.2
5,79610,79606,79590.1,79586,78944.4
6,79810,79798.6,79784.1,79781.5,79138.6
7,80010,79991.2,79978,79977,79332.9
8,80150,80183.9,80172,80172.6,79527.1
9,80360,80376.5,80366,80368.1,79721.3
10,80520,80569.1,80560,80563.7,79915.6
11,80700,80761.8,80754,80759.2,80109.8
12,80950,80954.4,80948,80954.7,80304
1,81150,81147,81142,81150.3,80498.3
2,81350,81339.7,81336,81345.8,80692.5
3,81570,81532.3,81530,81541.3,80886.7
4,81770,81724.9,81724,81736.9,81081
5,81950,81917.6,81918,81932.4,81275.2
6,82120,82110.2,82112,82128,81469.4
7,82290,82302.8,82306,82323.5,81663.7
8,82480,82495.5,82500,82519,81857.9
9,82670,82688.1,82694,82714.6,82052.1
10,82850,82880.7,82888,82910.1,82246.4
11,83040,83073.4,83082,83105.6,82440.6
12,83330,83266,83276,83301.2,82634.8
1,83720,83699.2,83662.9,83654.7,83023.3
2,83920,83890.3,83856.7,83849.4,83217.5
3,84100,84081.3,84050.6,84044.1,83411.8
4,84250,84272.3,84244.5,84238.8,83606
5,84480,84463.4,84438.4,84433.5,83800.2
6,84650,84654.4,84632.2,84628.2,83994.5
7,84830,84845.4,84826.1,84822.9,84188.7
8,84980,85036.4,85020,85017.6,84382.9
9,85200,85227.5,85213.9,85212.3,84577.2
10,85410,85418.5,85407.7,85407,84771.4
11,85550,85609.5,85601.6,85601.7,84965.6
12,85790,85800.6,85795.5,85796.4,85159.9
1,85980,85991.6,85989.4,85991.1,85354.1
2,86180,86182.6,86183.2,86185.8,85548.3
3,86380,86373.7,86377.1,86380.5,85742.6
4,86630,86564.7,86571,86575.2,85936.8
5,86810,86755.7,86764.9,86769.9,86131
6,86930,86946.7,86958.7,86964.6,86325.3
7,87110,87137.8,87152.6,87159.3,86519.5
8,87290,87328.8,87346.5,87354,86713.7
9,87500,87519.8,87540.4,87548.7,86907.9
10,87710,87710.9,87734.2,87743.4,87102.2
11,87900,87901.9,87928.1,87938.1,87296.4
12,88150,88092.9,88122,88132.8,87490.6
1,88540,88536.7,88509,88501.7,87879.1
2,88750,88728.1,88702.8,88696.3,88073.3
3,88930,88919.6,88896.5,88890.8,88267.6
4,89140,89111,89090.3,89085.3,88461.8
5,89330,89302.5,89284.1,89279.8,88656
6,89520,89493.9,89477.8,89474.3,88850.3
7,89690,89685.4,89671.6,89668.9,89044.5
8,89820,89876.8,89865.4,89863.4,89238.7
9,90010,90068.2,90059.2,90057.9,89433
10,90230,90259.7,90252.9,90252.4,89627.2
11,90410,90451.1,90446.7,90447,89821.4
12,90630,90642.6,90640.5,90641.5,90015.7
1,90870,90834,90834.3,90836,90209.9
2,91050,91025.5,91028,91030.5,90404.1
3,91220,91216.9,91221.8,91225.1,90598.4
4,91390,91408.4,91415.6,91419.6,90792.6
5,91600,91599.8,91609.3,91614.1,90986.8
6,91800,91791.3,91803.1,91808.6,91181.1
7,91990,91982.7,91996.9,92003.2,91375.3
8,92170,92174.1,92190.7,92197.7,91569.5
9,92390,92365.6,92384.4,92392.2,91763.8
10,92540,92557,92578.2,92586.7,91958
11,92720,92748.5,92772,92781.2,92152.2
12,92990,92939.9,92965.8,92975.8,92346.5
1,93380,93370,93348,93332.3,92734.9
2,93550,93561.8,93541.6,93527,92929.2
3,93720,93753.5,93735.2,93721.7,93123.4
4,93990,93945.2,93928.8,93916.4,93317.6
5,94130,94137,94122.3,94111.1,93511.9
6,94300,94328.7,94315.9,94305.8,93706.1
7,94500,94520.4,94509.5,94500.5,93900.3
8,94670,94712.2,94703.1,94695.1,94094.6
9,94890,94903.9,94896.7,94889.8,94288.8
10,95060,95095.6,95090.3,95084.5,94483
11,95280,95287.4,95283.9,95279.2,94677.3
12,95490,95479.1,95477.5,95473.9,94871.5
1,95640,95670.8,95671.1,95668.6,95065.7
2,95840,95862.6,95864.7,95863.3,95260
3,96050,96054.3,96058.3,96058,95454.2
4,96290,96246,96251.9,96252.7,95648.4
5,96470,96437.8,96445.5,96447.4,95842.7
6,96640,96629.5,96639.1,96642,96036.9
7,96810,96821.2,96832.7,96836.7,96231.1
8,97000,97013,97026.3,97031.4,96425.4
9,97210,97204.7,97219.9,97226.1,96619.6
10,97390,97396.4,97413.5,97420.8,96813.8
11,97590,97588.2,97607,97615.5,97008.1
12,97820,97779.9,97800.6,97810.2,97202.3
1,98240,98219.3,98192.6,98184.3,97590.8
2,98440,98411,98386.3,98379.1,97785
3,98620,98602.8,98579.9,98573.9,97979.2
4,98810,98794.5,98773.6,98768.7,98173.5
5,99020,98986.3,98967.2,98963.5,98367.7
6,99170,99178,99160.9,99158.3,98561.9
7,99340,99369.8,99354.6,99353.1,98756.2
8,99500,99561.6,99548.2,99547.9,98950.4
9,99720,99753.3,99741.9,99742.8,99144.6
10,99910,99945.1,99935.6,99937.6,99338.9
11,100120,100137,100129,100132,99533.1
12,100330,100329,100323,100327,99727.3
1,100540,100520,100517,100522,99921.6
2,100740,100712,100710,100717,100116
3,100910,100904,100904,100912,100310
4,101110,101096,101098,101106,100504
5,101290,101287,101291,101301,100698
6,101480,101479,101485,101496,100893
7,101660,101671,101679,101691,101087
8,101810,101863,101872,101886,101281
9,102070,102054,102066,102080,101475
10,102240,102246,102259,102275,101670
11,102440,102438,102453,102470,101864
12,102680,102630,102647,102665,102058
1,103060,103060,103035,103027,102447
2,103270,103251,103228,103221,102641
3,103440,103443,103422,103416,102835
4,103630,103635,103616,103610,103029
5,103830,103827,103809,103805,103224
6,104030,104019,104003,103999,103418
7,104190,104211,104197,104194,103612
8,104350,104402,104390,104388,103806
9,104560,104594,104584,104582,104000
10,104750,104786,104778,104777,104195
11,104930,104978,104971,104971,104389
12,105170,105170,105165,105166,104583
1,105380,105362,105358,105360,104777
2,105580,105554,105552,105555,104972
3,105760,105745,105746,105749,105166
4,105930,105937,105939,105943,105360
5,106150,106129,106133,106138,105554
6,106340,106321,106327,106332,105749
7,106500,106513,106520,106527,105943
8,106680,106705,106714,106721,106137
9,106890,106896,106908,106916,106331
10,107100,107088,107101,107110,106525
11,107280,107280,107295,107304,106720
12,107510,107472,107489,107499,106914
1,107910,107897,107873,107856,107302
2,108110,108088,108067,108051,107497
3,108310,108280,108260,108246,107691
4,108410,108472,108454,108441,107885
5,108640,108663,108647,108636,108079
6,108850,108855,108841,108831,108274
7,109030,109047,109034,109025,108468
8,109170,109238,109228,109220,108662
9,109380,109430,109421,109415,108856
10,109600,109622,109615,109610,109051
11,109790,109814,109808,109805,109245
12,110020,110005,110002,110000,109439
1,110220,110197,110195,110195,109633
2,110410,110389,110389,110390,109827
3,110590,110580,110583,110585,110022
4,110790,110772,110776,110780,110216
5,110980,110964,110970,110975,110410
6,111200,111155,111163,111170,110604
7,111340,111347,111357,111364,110799
8,111500,111539,111550,111559,110993
9,111740,111730,111744,111754,111187
10,111900,111922,111937,111949,111381
11,112110,112114,112131,112144,111576
12,112340,112306,112324,112339,111770
2,112740,112745,112722,112723,112158
1,112950,112938,112916,112917,112352
3,113140,113130,113110,113112,112547
5,113330,113323,113304,113306,112741
4,113550,113515,113498,113501,112935
7,113710,113708,113691,113695,113129
6,113880,113900,113885,113890,113324
9,114130,114092,114079,114084,113518
8,114250,114285,114273,114279,113712
11,114430,114477,114467,114474,113906
10,114670,114670,114660,114668,114101
12,114860,114862,114854,114863,114295
2,115070,115055,115048,115057,114489
3,115280,115247,115242,115252,114683
1,115450,115440,115436,115446,114877
4,115620,115632,115629,115641,115072
5,115810,115825,115823,115836,115266
6,116020,116017,116017,116030,115460
7,116210,116210,116211,116225,115654
8,116390,116402,116405,116419,115849
9,116600,116595,116598,116614,116043
10,116770,116787,116792,116808,116237
11,116990,116980,116986,117003,116431
12,117190,117172,117180,117197,116626
3,117580,117582,117558,117548,117014
2,117760,117774,117751,117742,117208
4,117990,117965,117945,117935,117403
1,118170,118157,118138,118129,117597
6,118300,118348,118332,118323,117791
5,118480,118539,118525,118517,117985
8,118710,118731,118719,118711,118179
7,118860,118922,118912,118904,118374
10,119080,119114,119106,119098,118568
9,119300,119305,119299,119292,118762
11,119500,119497,119493,119486,118956
12,119690,119688,119686,119680,119151
3,119890,119879,119880,119874,119345
4,120080,120071,120073,120067,119539
2,120260,120262,120267,120261,119733
6,120410,120454,120460,120455,119928
1,120630,120645,120654,120649,120122
8,120810,120836,120847,120843,120316
5,121040,121028,121041,121036,120510
10,121210,121219,121234,121230,120704
7,121390,121411,121428,121424,120899
11,121620,121602,121621,121618,121093
9,121840,121793,121815,121812,121287
12,122040,121985,122008,122006,121481
4,122390,122398,122386,122369,121870
3,122630,122590,122580,122563,122064
6,122760,122782,122773,122757,122258
2,122970,122974,122966,122951,122453
8,123120,123166,123160,123146,122647
1,123300,123359,123353,123340,122841
10,123520,123551,123546,123534,123035
5,123710,123743,123739,123728,123230
11,123910,123935,123933,123923,123424
7,124120,124127,124126,124117,123618
9,124370,124320,124319,124311,123812
12,124540,124512,124512,124505,124006
4,124680,124704,124706,124700,124201
6,124850,124896,124899,124894,124395
3,125100,125088,125092,125088,124589
8,125280,125281,125286,125282,124783
2,125450,125473,125479,125477,124978
10,125630,125665,125672,125671,125172
1,125830,125857,125865,125865,125366
11,126000,126049,126059,126059,125560
5,126300,126242,126252,126254,125755
9,126460,126434,126445,126448,125949
7,126660,126626,126639,126642,126143
12,126880,126818,126832,126836,126337
6,127220,127234,127218,127202,126726
4,127440,127426,127411,127397,126920
8,127650,127618,127604,127592,127114
3,127820,127810,127798,127786,127308
10,128000,128003,127991,127981,127503
2,128160,128195,128184,128175,127697
11,128350,128387,128377,128370,127891
1,128570,128579,128571,128565,128085
9,128680,128771,128764,128759,128280
5,128980,128963,128957,128954,128474
7,129160,129155,129150,129148,128668
12,129370,129347,129344,129343,128862
6,129490,129539,129537,129538,129056
8,129740,129731,129730,129732,129251
4,129930,129923,129923,129927,129445
10,130130,130115,130117,130122,129639
3,130320,130308,130310,130316,129833
11,130500,130500,130503,130511,130028
2,130690,130692,130696,130705,130222
9,130870,130884,130890,130900,130416
1,131100,131076,131083,131095,130610
7,131250,131268,131276,131289,130805
5,131480,131460,131469,131484,130999
12,131670,131652,131663,131678,131193
8,132090,132067,132056,132047,131582
6,132240,132260,132249,132242,131776
10,132480,132453,132443,132436,131970
4,132680,132646,132636,132631,132164
11,132850,132840,132830,132825,132358
3,133010,133033,133023,133020,132553
9,133220,133226,133216,133215,132747
2,133340,133419,133410,133409,132941
7,133530,133612,133603,133604,133135
1,133810,133805,133797,133798,133330
5,133970,133998,133990,133993,133524
12,134200,134191,134184,134187,133718
8,134340,134384,134377,134382,133912
10,134570,134577,134571,134576,134107
6,134740,134770,134764,134771,134301
11,134960,134963,134958,134966,134495
4,135210,135156,135151,135160,134689
9,135410,135349,135344,135355,134883
3,135550,135542,135538,135549,135078
7,135710,135735,135731,135744,135272
2,135900,135928,135925,135938,135466
5,136120,136121,136118,136133,135660
1,136350,136314,136312,136327,135855
12,136550,136507,136505,136522,136049
10,136910,136909,136893,136889,136437
8,137040,137102,137087,137083,136632
11,137250,137295,137280,137277,136826
6,137460,137487,137474,137471,137020
9,137710,137680,137667,137665,137214
4,137930,137873,137861,137859,137409
7,138070,138065,138054,138053,137603
3,138270,138258,138248,138246,137797
5,138420,138450,138441,138440,137991
2,138630,138643,138635,138634,138185
1,138840,138836,138828,138828,138380
12,139030,139028,139022,139022,138574
10,139200,139221,139215,139216,138768
11,139370,139414,139409,139410,138962
8,139560,139606,139602,139604,139157
9,139760,139799,139796,139798,139351
6,139940,139992,139989,139992,139545
7,140170,140184,140183,140186,139739
4,140390,140377,140376,140380,139934
5,140570,140569,140570,140574,140128
3,140790,140762,140764,140768,140322
1,140990,140955,140957,140962,140516
2,141180,141147,141151,141156,140710
12,141380,141340,141344,141349,140905
11,141700,141733,141719,141697,141293
10,141920,141925,141913,141892,141487
9,142100,142117,142106,142086,141682
8,142310,142309,142299,142281,141876
7,142430,142501,142492,142475,142070
6,142640,142692,142685,142669,142264
5,142840,142884,142879,142864,142459
4,143060,143076,143072,143058,142653
1,143290,143268,143265,143253,142847
3,143480,143460,143458,143447,143041
2,143670,143652,143651,143641,143235
12,143840,143844,143845,143836,143430
11,144020,144036,144038,144030,143624
9,144260,144227,144231,144225,143818
10,144430,144419,144424,144419,144012
7,144540,144611,144617,144613,144207
8,144830,144803,144811,144808,144401
5,145010,144995,145004,145002,144595
6,145190,145187,145197,145197,144789
1,145410,145379,145390,145391,144984
4,145560,145571,145583,145585,145178
2,145710,145762,145777,145780,145372
3,145960,145954,145970,145974,145566
12,146190,146146,146163,146168,145761
9,146580,146563,146559,146549,146149
11,146730,146757,146752,146744,146343
7,146910,146950,146946,146939,146537
10,147160,147144,147139,147134,146732
5,147340,147337,147333,147329,146926
8,147610,147531,147526,147524,147120
1,147730,147725,147720,147719,147314
6,147970,147918,147913,147913,147509
2,148100,148112,148107,148108,147703
4,148310,148305,148300,148303,147897
3,148470,148499,148494,148498,148091
12,148630,148693,148687,148693,148286
9,148890,148886,148881,148888,148480
7,149040,149080,149074,149083,148674
11,149250,149273,149268,149278,148868
5,149490,149467,149461,149473,149062
10,149680,149661,149655,149667,149257
1,149840,149854,149848,149862,149451
8,150080,150048,150041,150057,149645
2,150200,150241,150235,150252,149839
6,150430,150435,150428,150447,150034
3,150640,150629,150622,150642,150228
4,150850,150822,150815,150837,150422
12,151040,151016,151009,151032,150616
7,151410,151414,151400,151385,151005
9,151620,151607,151593,151580,151199
5,151800,151800,151787,151775,151393
11,151970,151993,151981,151971,151588
1,152180,152186,152174,152166,151782
10,152380,152379,152368,152361,151976
2,152550,152571,152561,152556,152170
8,152780,152764,152755,152751,152364
3,152910,152957,152949,152946,152559
6,153090,153150,153142,153141,152753
4,153330,153343,153336,153336,152947
12,153520,153536,153529,153531,153141
7,153670,153729,153723,153726,153336
5,153940,153922,153916,153921,153530
9,154130,154115,154110,154116,153724
1,154330,154308,154304,154312,153918
11,154530,154501,154497,154507,154113
2,154700,154694,154691,154702,154307
10,154940,154886,154884,154897,154501
3,155090,155079,155078,155092,154695
8,155260,155272,155272,155287,154889
4,155470,155465,155465,155482,155084
6,155640,155658,155659,155677,155278
12,155850,155851,155852,155872,155472
5,156260,156265,156254,156249,155861
7,156470,156459,156448,156444,156055
1,156700,156653,156642,156640,156249
9,156850,156846,156836,156835,156443
2,157010,157040,157030,157031,156638
11,157250,157234,157224,157226,156832
3,157380,157428,157418,157421,157026
10,157650,157622,157612,157617,157220
4,157850,157816,157806,157812,157414
8,157990,158010,158000,158007,157609
6,158170,158204,158194,158203,157803
12,158390,158398,158388,158398,157997
5,158560,158592,158582,158594,158191
1,158830,158786,158776,158789,158386
7,158970,158980,158970,158984,158580
2,159180,159173,159164,159180,158774
9,159360,159367,159358,159375,158968
3,159530,159561,159552,159570,159163
11,159780,159755,159746,159766,159357
4,160010,159949,159940,159961,159551
10,160170,160143,160134,160156,159745
6,160280,160337,160328,160352,159940
8,160510,160531,160522,160547,160134
12,160750,160725,160716,160743,160328
1,161150,161130,161111,161104,160716
5,161350,161323,161305,161299,160911
7,161500,161516,161499,161494,161105
9,161770,161709,161693,161690,161299
2,161920,161902,161887,161885,161493
11,162060,162095,162081,162080,161688
3,162280,162288,162275,162275,161882
10,162470,162481,162470,162470,162076
4,162620,162674,162664,162665,162270
8,162870,162867,162858,162860,162465
6,163010,163060,163052,163056,162659
12,163220,163253,163246,163251,162853
1,163420,163446,163440,163446,163047
7,163630,163639,163634,163641,163241
5,163850,163832,163829,163836,163436
2,164020,164025,164023,164031,163630
9,164250,164218,164217,164227,163824
3,164420,164411,164411,164422,164018
11,164580,164604,164605,164617,164213
4,164880,164797,164799,164812,164407
10,165000,164989,164993,165007,164601
6,165130,165182,165187,165202,164795
8,165380,165375,165382,165397,164990
12,165580,165568,165576,165593,165184
7,165940,165976,165968,165961,165572
1,166160,166170,166162,166157,165767
5,166360,166364,166356,166352,165961
9,166620,166558,166551,166547,166155
2,166770,166751,166745,166742,166349
11,166950,166945,166939,166937,166543
3,167130,167139,167133,167132,166738
10,167340,167333,167328,167327,166932
4,167510,167527,167522,167522,167126
8,167710,167721,167716,167717,167320
6,167920,167915,167910,167912,167515
12,168070,168108,168105,168107,167709
7,168230,168302,168299,168302,167903
5,168470,168496,168493,168497,168097
1,168700,168690,168687,168692,168292
2,168890,168884,168882,168887,168486
9,169110,169078,169076,169082,168680
3,169320,169272,169270,169277,168874
11,169450,169465,169464,169472,169068
4,169690,169659,169659,169667,169263
10,169850,169853,169853,169863,169457
6,170050,170047,170047,170058,169651
8,170200,170241,170241,170253,169845
12,170470,170435,170436,170448,170040
5,170790,170829,170821,170806,170428
7,170960,171023,171016,171001,170622
2,171190,171216,171210,171196,170817
1,171410,171410,171404,171392,171011
3,171640,171604,171598,171587,171205
9,171840,171797,171792,171782,171399
4,172020,171991,171986,171978,171593
11,172150,172185,172181,172173,171788
6,172340,172378,172375,172368,171982
10,172560,172572,172569,172564,172176
8,172710,172766,172763,172759,172370
12,172940,172959,172957,172954,172565
5,173150,173153,173152,173150,172759
2,173350,173347,173346,173345,172953
7,173550,173540,173540,173540,173147
3,173760,173734,173734,173736,173342
1,173960,173928,173928,173931,173536
4,174140,174121,174123,174126,173730
9,174370,174315,174317,174322,173924
6,174530,174509,174511,174517,174119
11,174670,174702,174705,174712,174313
8,174850,174896,174899,174908,174507
10,175060,175090,175093,175103,174701
12,175310,175283,175288,175298,174895
2,175700,175689,175683,175669,175284
5,175940,175884,175877,175865,175478
3,176140,176078,176071,176061,175672
7,176250,176272,176266,176257,175867
4,176470,176466,176460,176453,176061
1,176650,176660,176654,176649,176255
6,176770,176854,176849,176845,176449
9,177010,177049,177043,177041,176644
8,177220,177243,177238,177237,176838
11,177410,177437,177432,177433,177032
10,177580,177631,177626,177629,177226
12,177800,177825,177821,177825,177420
2,178000,178019,178015,178020,177615
3,178250,178214,178209,178216,177809
5,178450,178408,178404,178412,178003
4,178650,178602,178598,178608,178197
7,178820,178796,178793,178804,178392
6,179030,178990,178987,179000,178586
1,179200,179185,179181,179196,178780
8,179410,179379,179376,179392,178974
9,179580,179573,179570,179588,179169
10,179730,179767,179764,179784,179363
11,179920,179961,179959,179980,179557
12,180160,180155,180153,180176,179751
3,180530,180562,180553,180543,180140
2,180740,180756,180748,180739,180334
4,181000,180951,180943,180935,180528
5,181190,181146,181137,181132,180722
6,181370,181340,181332,181328,180917
7,181530,181535,181527,181524,181111
8,181720,181729,181721,181720,181305
1,181890,181924,181916,181917,181499
10,182120,182119,182111,182113,181694
9,182310,182313,182305,182309,181888
11,182460,182508,182500,182506,182082
12,182710,182702,182695,182702,182276
3,182880,182897,182889,182898,182471
4,183130,183092,183084,183094,182665
2,183280,183286,183279,183291,182859
6,183490,183481,183473,183487,183053
5,183690,183676,183668,183683,183247
8,183830,183870,183863,183880,183442
7,184040,184065,184058,184076,183636
10,184260,184259,184252,184272,183830
1,184460,184454,184447,184468,184024
11,184630,184649,184642,184665,184219
9,184880,184843,184836,184861,184413
12,185060,185038,185031,185057,184607
4,185500,185450,185434,185424,184996
3,185670,185644,185629,185621,185190
6,185860,185838,185824,185818,185384
2,186040,186033,186019,186015,185578
8,186230,186227,186214,186212,185772
5,186440,186422,186409,186408,185967
10,186610,186616,186604,186605,186161
7,186780,186810,186799,186802,186355
11,186960,187005,186994,186999,186549
1,187170,187199,187189,187196,186744
9,187410,187394,187384,187392,186938
12,187600,187588,187579,187589,187132
4,187810,187783,187774,187786,187326
6,188000,187977,187970,187983,187521
3,188170,188171,188165,188179,187715
8,188340,188366,188360,188376,187909
2,188550,188560,188555,188573,188103
10,188740,188755,188750,188770,188298
5,188920,188949,188945,188967,188492
11,189140,189144,189140,189163,188686
7,189310,189338,189335,189360,188880
9,189530,189532,189530,189557,189074
1,189730,189727,189725,189754,189269
12,189990,189921,189920,189951,189463
6,190380,190334,190328,190325,189851
4,190520,190530,190524,190522,190046
8,190770,190726,190720,190719,190240
3,190920,190922,190915,190916,190434
10,191090,191118,191111,191113,190628
2,191290,191314,191306,191310,190823
11,191500,191510,191502,191507,191017
5,191720,191706,191698,191704,191211
9,191890,191903,191893,191901,191405
7,192090,192099,192089,192098,191599
1,192270,192295,192284,192295,191794
12,192500,192491,192480,192492,191988
6,192710,192687,192675,192688,192182
8,192880,192883,192871,192885,192376
4,193110,193079,193067,193082,192571
10,193250,193275,193262,193279,192765
3,193450,193471,193458,193476,192959
11,193640,193668,193653,193673,193153
2,193850,193864,193849,193870,193348
9,194030,194060,194044,194067,193542
5,194270,194256,194240,194264,193736
1,194480,194452,194436,194461,193930
7,194640,194648,194631,194658,194125
12,194910,194844,194827,194855,194319
8,195270,195241,195227,195225,194707
6,195450,195436,195423,195422,194901
10,195610,195631,195619,195618,195096
4,195840,195827,195814,195815,195290
11,196000,196022,196010,196011,195484
3,196240,196218,196206,196208,195678
9,196420,196413,196402,196404,195873
2,196560,196609,196598,196601,196067
1,196790,196804,196794,196797,196261
5,196950,196999,196989,196994,196455
7,197170,197195,197185,197190,196650
12,197390,197390,197381,197387,196844
8,197550,197586,197577,197583,197038
10,197750,197781,197773,197780,197232
6,197970,197976,197969,197976,197426
11,198170,198172,198164,198173,197621
4,198390,198367,198360,198369,197815
9,198600,198563,198556,198566,198009
3,198780,198758,198752,198762,198203
1,198950,198954,198948,198959,198398
2,199100,199149,199144,199155,198592
7,199340,199344,199339,199352,198786
5,199590,199540,199535,199548,198980
12,199760,199735,199731,199745,199175
10,200130,200128,200118,200112,199563
8,200310,200323,200314,200308,199757
11,200490,200518,200510,200504,199952
6,200680,200713,200706,200700,200146
9,200910,200908,200901,200896,200340
4,201090,201103,201097,201092,200534
1,201330,201298,201293,201288,200728
3,201510,201493,201489,201484,200923
7,201700,201687,201684,201680,201117
2,201860,201882,201880,201876,201311
5,202060,202077,202076,202072,201505
12,202270,202272,202271,202268,201700
10,202440,202467,202467,202464,201894
11,202650,202662,202663,202660,202088
8,202830,202857,202859,202856,202282
9,203040,203052,203054,203052,202477
6,203210,203247,203250,203248,202671
1,203460,203442,203446,203444,202865
4,203680,203637,203641,203640,203059
7,203860,203832,203837,203836,203253
3,204020,204027,204033,204032,203448
5,204200,204221,204229,204228,203642
2,204390,204416,204424,204424,203836
12,204670,204611,204620,204621,204030
11,205000,204998,204999,204986,204419
10,205190,205193,205195,205182,204613
9,205380,205388,205390,205377,204807
8,205540,205583,205585,205573,205002
1,205740,205778,205781,205769,205196
6,205970,205974,205976,205965,205390
7,206180,206169,206172,206160,205584
4,206380,206364,206367,206356,205778
5,206540,206559,206563,206552,205973
3,206710,206754,206758,206748,206167
2,206930,206949,206953,206943,206361
12,207120,207144,207149,207139,206555
11,207340,207340,207344,207335,206750
9,207550,207535,207540,207531,206944
10,207710,207730,207735,207726,207138
1,207900,207925,207930,207922,207332
8,208080,208120,208126,208118,207527
7,208300,208315,208321,208314,207721
6,208530,208510,208517,208509,207915
5,208750,208706,208712,208705,208109
4,208970,208901,208907,208901,208304
2,209110,209096,209103,209097,208498
3,209290,209291,209298,209293,208692
12,209480,209486,209494,209488,208886
9,209790,209868,209871,209856,209275
11,210060,210063,210067,210051,209469
1,210270,210258,210262,210247,209663
10,210480,210453,210457,210442,209857
7,210650,210648,210652,210638,210052
8,210820,210843,210847,210834,210246
5,211010,211038,211042,211029,210440
6,211210,211233,211237,211225,210634
2,211420,211428,211432,211420,210829
4,211620,211623,211627,211616,211023
3,211810,211817,211822,211812,211217
12,211980,212012,212017,212007,211411
9,212220,212207,212212,212203,211605
1,212420,212402,212408,212398,211800
11,212600,212597,212603,212594,211994
7,212800,212792,212798,212790,212188
10,212990,212987,212993,212985,212382
5,213180,213182,213188,213181,212577
8,213340,213377,213383,213376,212771
2,213550,213572,213578,213572,212965
6,213750,213767,213773,213768,213159
3,214000,213961,213968,213963,213354
4,214170,214156,214163,214159,213548
12,214380,214351,214358,214354,213742
1,214740,214736,214737,214724,214131
9,214910,214930,214932,214919,214325
11,215100,215125,215126,215115,214519
10,215310,215319,215321,215310,214713
7,215520,215513,215516,215505,214907
8,215710,215708,215711,215700,215102
5,215890,215902,215905,215895,215296
6,216120,216096,216100,216090,215490
2,216310,216291,216295,216285,215684
4,216510,216485,216490,216480,215879
3,216680,216680,216684,216676,216073
12,216840,216874,216879,216871,216267
1,217040,217068,217074,217066,216461
11,217230,217263,217269,217261,216656
9,217450,217457,217464,217456,216850
7,217620,217651,217658,217651,217044
10,217840,217846,217853,217846,217238
5,218030,218040,218048,218042,217432
8,218230,218235,218243,218237,217627
2,218430,218429,218437,218432,217821
6,218640,218623,218632,218627,218015
3,218800,218818,218827,218822,218209
4,219030,219012,219022,219017,218404
12,219260,219207,219216,219212,218598
11,219560,219585,219590,219569,218986
1,219760,219779,219784,219764,219181
9,219950,219973,219979,219959,219375
10,220170,220167,220173,220155,219569
7,220340,220361,220367,220350,219763
8,220550,220555,220562,220545,219957
5,220720,220750,220756,220740,220152
6,220940,220944,220950,220935,220346
2,221150,221138,221145,221130,220540
4,221350,221332,221339,221325,220734
3,221540,221526,221533,221520,220929
12,221680,221720,221728,221715,221123
11,221920,221914,221922,221910,221317
9,222110,222108,222116,222106,221511
1,222300,222302,222311,222301,221706
7,222500,222497,222505,222496,221900
10,222670,222691,222699,222691,222094
5,222870,222885,222894,222886,222288
8,223080,223079,223088,223081,222483
2,223290,223273,223282,223276,222677
6,223480,223467,223477,223471,222871
3,223660,223661,223671,223666,223065
4,223830,223855,223865,223861,223259
12,224090,224049,224060,224057,223454
9,224350,224433,224444,224432,223842
11,224630,224629,224639,224627,224036
7,224810,224824,224833,224822,224231
1,225050,225019,225027,225017,224425
5,225250,225214,225221,225212,224619
10,225400,225409,225416,225407,224813
2,225590,225604,225610,225602,225008
8,225840,225799,225804,225797,225202
3,225980,225994,225999,225992,225396
6,226190,226189,226193,226187,225590
4,226390,226384,226387,226382,225784
12,226530,226579,226581,226577,225979
9,226780,226774,226776,226772,226173
7,226900,226969,226970,226967,226367
11,227150,227164,227164,227162,226561
5,227370,227359,227359,227357,226756
1,227600,227554,227553,227552,226950
2,227780,227749,227747,227747,227144
10,227970,227944,227941,227942,227338
3,228130,228140,228136,228137,227533
8,228320,228335,228330,228332,227727
4,228530,228530,228524,228527,227921
6,228710,228725,228719,228722,228115
12,228940,228920,228913,228917,228310
7,229290,229297,229290,229278,228698
9,229490,229490,229484,229472,228892
5,229680,229683,229678,229667,229086
11,229850,229876,229872,229861,229281
2,230050,230069,230066,230056,229475
1,230280,230262,230260,230250,229669
3,230460,230455,230454,230444,229863
10,230650,230648,230648,230639,230058
4,230860,230841,230842,230833,230252
8,231010,231034,231036,231028,230446
6,231210,231227,231230,231222,230640
12,231410,231420,231424,231417,230835
7,231580,231613,231618,231611,231029
5,231820,231806,231812,231805,231223
9,232020,231999,232006,232000,231417
2,232190,232192,232200,232194,231611
11,232390,232385,232394,232389,231806
3,232600,232578,232587,232583,232000
1,232760,232771,232781,232777,232194
4,233000,232964,232975,232972,232388
10,233170,233157,233169,233166,232583
6,233280,233350,233363,233361,232777
8,233520,233543,233557,233555,232971
12,233760,233736,233751,233750,233165
5,234170,234130,234127,234108,233554
7,234320,234322,234321,234303,233748
2,234520,234515,234515,234497,233942
9,234740,234708,234708,234692,234136
3,234900,234900,234902,234887,234331
11,235090,235093,235095,235081,234525
4,235260,235285,235289,235276,234719
1,235480,235478,235482,235471,234913
6,235670,235670,235676,235665,235108
10,235850,235863,235869,235860,235302
8,236070,236055,236063,236055,235496
12,236220,236248,236256,236249,235690
5,236430,236440,236450,236444,235885
2,236660,236633,236644,236639,236079
7,236850,236825,236837,236833,236273
3,237070,237018,237031,237028,236467
9,237250,237211,237224,237223,236662
4,237390,237403,237418,237417,236856
11,237580,237596,237611,237612,237050
6,237800,237788,237805,237807,237244
1,237990,237981,237998,238001,237438
8,238090,238173,238192,238196,237633
10,238310,238366,238386,238391,237827
12,238610,238558,238579,238585,238021
2,238990,238961,238970,238951,238410
5,239220,239155,239163,239146,238604
3,239400,239349,239357,239342,238798
7,239540,239544,239551,239537,238992
4,239750,239738,239744,239733,239187
9,239940,239932,239938,239928,239381
6,240140,240126,240131,240124,239575
11,240280,240321,240325,240319,239769
8,240410,240515,240519,240515,239963
1,240670,240709,240712,240710,240158
10,240900,240904,240906,240906,240352
12,241080,241098,241100,241101,240546
2,241270,241292,241293,241296,240740
3,241500,241487,241487,241492,240935
5,241720,241681,241681,241687,241129
4,241930,241875,241874,241883,241323
7,242090,242070,242068,242078,241517
6,242300,242264,242262,242274,241712
9,242480,242458,242455,242469,241906
8,242590,242653,242649,242665,242100
11,242850,242847,242843,242860,242294
10,243050,243041,243036,243056,242489
1,243220,243236,243230,243251,242683
12,243450,243430,243424,243447,242877
3,243870,243829,243827,243816,243265
2,244040,244024,244022,244012,243460
4,244250,244219,244216,244208,243654
5,244440,244414,244410,244405,243848
6,244590,244608,244604,244601,244042
7,244800,244803,244798,244797,244237
8,244990,244998,244992,244993,244431
9,245170,245192,245186,245189,244625
10,245370,245387,245380,245385,244819
11,245570,245582,245574,245581,245014
1,245760,245777,245769,245777,245208
12,245970,245971,245963,245973,245402
3,246180,246166,246157,246169,245596
4,246400,246361,246351,246365,245790
2,246550,246556,246545,246561,245985
6,246770,246750,246739,246758,246179
5,246950,246945,246933,246954,246373
8,247130,247140,247127,247150,246567
7,247310,247335,247322,247346,246762
10,247520,247529,247516,247542,246956
9,247720,247724,247710,247738,247150
1,247910,247919,247904,247934,247344
11,248100,248113,248098,248130,247539
12,248350,248308,248292,248326,247733
4,248700,248705,248701,248691,248121
3,248920,248900,248896,248888,248315
6,249090,249096,249090,249085,248510
2,249320,249291,249285,249281,248704
8,249500,249487,249480,249478,248898
5,249730,249682,249674,249675,249092
10,249880,249878,249869,249872,249287
7,250040,250073,250064,250068,249481
1,250280,250269,250259,250265,249675
9,250430,250464,250453,250462,249869
11,250630,250660,250648,250659,250064
12,250840,250855,250843,250855,250258
4,251040,251051,251037,251052,250452
6,251250,251246,251232,251249,250646
3,251440,251442,251427,251446,250841
8,251620,251637,251622,251642,251035
2,251820,251832,251816,251839,251229
10,252030,252028,252011,252036,251423
5,252240,252223,252206,252233,251617
1,252440,252419,252401,252429,251812
7,252600,252614,252595,252626,252006
11,252800,252810,252790,252823,252200
9,253020,253005,252985,253020,252394
12,253230,253201,253179,253216,252589
6,253610,253599,253594,253598,252977
4,253810,253795,253790,253794,253171
8,254010,253992,253985,253991,253366
3,254200,254188,254181,254188,253560
10,254360,254385,254376,254384,253754
2,254570,254581,254572,254581,253948
1,254780,254778,254767,254778,254142
5,255020,254974,254963,254974,254337
11,255160,255170,255158,255171,254531
7,255330,255367,255353,255368,254725
9,255600,255563,255549,255564,254919
12,255750,255760,255744,255761,255114
6,255950,255956,255940,255957,255308
8,256120,256153,256135,256154,255502
4,256360,256349,256331,256351,255696
10,256540,256545,256526,256547,255891
3,256730,256742,256722,256744,256085
1,256940,256938,256917,256941,256279
2,257110,257135,257113,257137,256473
11,257290,257331,257308,257334,256668
5,257570,257528,257504,257531,256862
9,257750,257724,257699,257727,257056
7,257910,257920,257895,257924,257250
12,258150,258117,258090,258121,257444
8,258460,258493,258485,258483,257833
6,258650,258689,258681,258679,258027
10,258870,258884,258876,258875,258221
4,259070,259080,259072,259071,258416
1,259300,259275,259268,259267,258610
3,259500,259471,259463,259463,258804
11,259650,259666,259659,259659,258998
2,259850,259862,259854,259855,259193
9,260050,260057,260050,260051,259387
5,260290,260253,260246,260247,259581
7,260420,260448,260441,260443,259775
12,260630,260644,260637,260639,259969
8,260800,260839,260832,260835,260164
10,261050,261035,261028,261031,260358
6,261210,261230,261224,261227,260552
1,261400,261426,261419,261423,260746
4,261610,261621,261615,261618,260941
11,261810,261817,261811,261814,261135
3,262000,262012,262006,262010,261329
9,262200,262208,262202,262206,261523
2,262390,262403,262397,262402,261718
7,262590,262599,262593,262598,261912
5,262850,262794,262789,262794,262106
12,263030,262990,262984,262990,262300
10,263370,263372,263367,263360,262689
8,263550,263566,263562,263555,262883
1,263780,263761,263758,263751,263077
6,264010,263956,263953,263946,263271
11,264160,264150,264148,264142,263466
4,264310,264345,264344,264337,263660
9,264540,264540,264539,264533,263854
3,264690,264734,264734,264728,264048
7,264890,264929,264930,264924,264243
2,265110,265123,265125,265119,264437
5,265330,265318,265321,265315,264631
12,265540,265513,265516,265510,264825
10,265690,265707,265711,265706,265020
1,265880,265902,265907,265901,265214
8,266080,266097,266102,266097,265408
11,266280,266291,266297,266292,265602
6,266480,266486,266493,266488,265796
9,266720,266680,266688,266683,265991
4,266900,266875,266883,266879,266185
7,267020,267070,267079,267074,266379
3,267240,267264,267274,267269,266573
5,267450,267459,267469,267465,266768
2,267650,267653,267665,267660,266962
12,267920,267848,267860,267856,267156
1,268240,268224,268233,268222,267545
10,268410,268419,268428,268417,267739
11,268600,268614,268623,268611,267933
8,268800,268809,268818,268806,268127
9,268990,269004,269013,269001,268321
6,269160,269199,269208,269196,268516
7,269370,269394,269403,269390,268710
4,269580,269589,269598,269585,268904
5,269770,269783,269793,269780,269098
3,269980,269978,269988,269975,269293
2,270190,270173,270182,270170,269487
12,270390,270368,270377,270364,269681
1,270550,270563,270572,270559,269875
11,270740,270758,270767,270754,270070
10,270950,270953,270962,270949,270264
9,271130,271148,271157,271143,270458
8,271310,271343,271352,271338,270652
7,271510,271538,271547,271533,270847
6,271720,271733,271742,271728,271041
5,271910,271928,271937,271922,271235
4,272140,272123,272132,272117,271429
2,272320,272317,272326,272312,271623
3,272550,272512,272521,272507,271818
12,272770,272707,272716,272702,272012
11,273080,273071,273082,273061,272400
1,273260,273265,273276,273256,272595
10,273430,273459,273470,273450,272789
8,273590,273654,273665,273645,272983
9,273800,273848,273859,273839,273177
6,273980,274042,274053,274034,273372
7,274230,274236,274247,274228,273566
4,274470,274430,274442,274423,273760
5,274650,274625,274636,274617,273954
3,274840,274819,274830,274812,274148
2,275040,275013,275025,275006,274343
12,275200,275207,275219,275201,274537
11,275390,275401,275413,275395,274731
10,275600,275595,275607,275590,274925
1,275770,275790,275802,275784,275120
9,275950,275984,275996,275979,275314
8,276140,276178,276190,276173,275508
7,276320,276372,276384,276368,275702
6,276520,276566,276579,276562,275897
5,276760,276761,276773,276757,276091
4,277010,276955,276967,276951,276285
2,277160,277149,277162,277145,276479
3,277370,277343,277356,277340,276673
12,277590,277537,277550,277534,276868
10,277870,277909,277921,277894,277256
11,278070,278103,278115,278089,277450
9,278290,278297,278309,278284,277645
1,278520,278491,278503,278479,277839
7,278700,278685,278696,278674,278033
8,278870,278879,278890,278869,278227
5,279080,279073,279084,279064,278422
6,279270,279267,279278,279259,278616
2,279500,279461,279472,279454,278810
4,279660,279655,279665,279649,279004
3,279830,279849,279859,279845,279199
12,280010,280043,280053,280040,279393
10,280250,280237,280247,280235,279587
9,280460,280431,280441,280430,279781
11,280570,280625,280635,280625,279975
7,280760,280819,280828,280820,280170
1,280930,281013,281022,281015,280364
5,281220,281207,281216,281210,280558
8,281420,281401,281410,281405,280752
2,281610,281595,281604,281600,280947
6,281830,281789,281797,281795,281141
3,281980,281983,281991,281990,281335
4,282180,282177,282185,282185,281529
12,282410,282371,282379,282380,281724
9,282730,282758,282770,282753,282112
10,282980,282953,282963,282948,282306
7,283170,283148,283157,283144,282500
11,283340,283343,283351,283339,282695
5,283580,283538,283545,283535,282889
1,283730,283732,283739,283730,283083
2,283950,283927,283933,283926,283277
8,284130,284122,284127,284121,283472
3,284320,284317,284321,284317,283666
6,284510,284512,284515,284512,283860
4,284700,284707,284709,284708,284054
12,284870,284902,284903,284903,284249
9,285090,285096,285097,285099,284443
7,285260,285291,285290,285295,284637
10,285500,285486,285484,285490,284831
5,285720,285681,285678,285686,285026
11,285870,285876,285872,285881,285220
2,286060,286071,286066,286077,285414
1,286260,286266,286260,286272,285608
3,286450,286461,286454,286468,285802
8,286650,286655,286648,286663,285997
4,286860,286850,286842,286859,286191
6,287050,287045,287036,287054,286385
12,287250,287240,287230,287250,286579
7,287610,287622,287626,287620,286968
9,287800,287817,287820,287815,287162
5,288040,288012,288014,288010,287356
10,288230,288207,288209,288205,287551
2,288410,288402,288403,288401,287745
11,288590,288597,288597,288596,287939
3,288810,288792,288791,288791,288133
1,288990,288987,288985,288986,288327
4,289200,289182,289179,289181,288522
8,289390,289377,289374,289377,288716
6,289570,289572,289568,289572,288910
12,289740,289767,289762,289767,289104
7,289910,289962,289956,289962,289299
5,290180,290156,290150,290157,289493
9,290340,290351,290345,290353,289687
2,290510,290546,290539,290548,289881
10,290760,290741,290733,290743,290076
3,290940,290936,290927,290938,290270
11,291100,291131,291121,291133,290464
4,291350,291326,291315,291329,290658
1,291530,291521,291510,291524,290853
6,291700,291716,291704,291719,291047
8,291920,291911,291898,291914,291241
12,292130,292106,292092,292109,291435
5,292500,292483,292480,292467,291824
7,292690,292677,292674,292662,292018
2,292870,292871,292868,292857,292212
9,293060,293065,293062,293052,292406
3,293250,293259,293257,293248,292601
10,293450,293453,293451,293443,292795
4,293640,293647,293645,293638,292989
11,293820,293840,293839,293834,293183
6,294010,294034,294033,294029,293378
1,294230,294228,294227,294224,293572
8,294420,294422,294422,294420,293766
12,294630,294616,294616,294615,293960
5,294820,294810,294810,294810,294154
2,295030,295004,295004,295005,294349
7,295220,295198,295198,295201,294543
3,295410,295392,295392,295396,294737
9,295560,295586,295586,295591,294931
4,295780,295780,295781,295787,295126
10,295930,295974,295975,295982,295320
6,296120,296168,296169,296177,295514
11,296380,296362,296363,296373,295708
8,296540,296556,296557,296568,295903
1,296740,296750,296751,296763,296097
12,297000,296944,296946,296958,296291
2,297360,297338,297341,297329,296679
5,297600,297533,297535,297525,296874
3,297740,297727,297729,297720,297068
7,297920,297922,297924,297916,297262
4,298160,298117,298118,298112,297456
9,298330,298311,298312,298308,297651
6,298500,298506,298507,298504,297845
10,298670,298701,298701,298700,298039
8,298800,298895,298895,298895,298233
11,299110,299090,299090,299091,298428
1,299250,299285,299284,299287,298622
12,299480,299479,299478,299483,298816
2,299670,299674,299673,299679,299010
3,299860,299869,299867,299875,299205
5,300120,300063,300061,300070,299399
4,300350,300258,300256,300266,299593
7,300470,300453,300450,300462,299787
6,300670,300647,300644,300658,299981
9,300850,300842,300839,300854,300176
8,300980,301037,301033,301050,300370
10,301200,301231,301227,301245,300564
1,301400,301426,301422,301441,300758
11,301600,301621,301616,301637,300953
12,301850,301815,301810,301833,301147
3,302250,302210,302210,302197,301535
2,302420,302405,302404,302393,301730
4,302620,302600,302599,302590,301924
5,302840,302795,302793,302786,302118
6,303010,302990,302988,302983,302312
7,303190,303185,303183,303179,302506
8,303340,303380,303377,303375,302701
9,303550,303575,303572,303572,302895
1,303770,303770,303767,303768,303089
10,303950,303965,303961,303964,303283
11,304090,304160,304156,304161,303478
12,304350,304355,304350,304357,303672
3,304570,304550,304545,304554,303866
4,304780,304745,304740,304750,304060
2,304940,304940,304934,304946,304255
6,305150,305135,305129,305143,304449
5,305360,305330,305323,305339,304643
8,305540,305525,305518,305535,304837
7,305720,305719,305713,305732,305032
1,305940,305914,305907,305928,305226
9,306110,306109,306102,306125,305420
11,306260,306304,306297,306321,305614
10,306480,306499,306491,306517,305808
12,306700,306694,306686,306714,306003
4,307130,307095,307093,307090,306391
3,307320,307291,307289,307287,306585
6,307470,307486,307484,307483,306780
2,307680,307682,307679,307680,306974
8,307890,307878,307874,307876,307168
5,308140,308074,308069,308073,307362
1,308310,308269,308264,308269,307557
7,308460,308465,308459,308466,307751
11,308650,308661,308654,308662,307945
9,308870,308857,308850,308859,308139
10,309040,309053,309045,309056,308333
12,309230,309248,309240,309252,308528
4,309460,309444,309435,309449,308722
6,309630,309640,309630,309645,308916
3,309810,309836,309825,309842,309110
8,309990,310032,310020,310038,309305
2,310200,310227,310215,310235,309499
1,310430,310423,310411,310431,309693
5,310670,310619,310606,310628,309887
11,310790,310815,310801,310825,310082
7,310980,311010,310996,311021,310276
10,311220,311206,311191,311218,310470
9,311420,311402,311386,311414,310664
12,311620,311598,311581,311611,310858
6,312020,311987,311981,311979,311247
4,312210,312182,312176,312175,311441
8,312350,312378,312371,312371,311635
3,312530,312573,312567,312567,311830
1,312760,312768,312762,312763,312024
2,312930,312964,312957,312959,312218
11,313200,313159,313153,313155,312412
5,313390,313354,313348,313351,312607
10,313540,313550,313544,313547,312801
7,313710,313745,313739,313744,312995
9,313930,313940,313934,313940,313189
12,314130,314136,314130,314136,313384
6,314360,314331,314325,314332,313578
8,314530,314526,314520,314528,313772
4,314750,314722,314716,314724,313966
1,314930,314917,314911,314920,314160
3,315120,315113,315107,315116,314355
11,315330,315308,315302,315312,314549
2,315480,315503,315497,315508,314743
10,315690,315699,315693,315704,314937
5,315890,315894,315888,315900,315132
9,316100,316089,316083,316096,315326
7,316230,316285,316279,316293,315520
12,316500,316480,316474,316489,315714
8,316890,316869,316861,316860,316103
6,317080,317063,317057,317055,316297
1,317300,317258,317252,317251,316491
4,317430,317452,317447,317446,316685
11,317660,317646,317642,317641,316880
3,317840,317841,317838,317836,317074
10,318050,318035,318033,318031,317268
2,318220,318230,318228,318227,317462
9,318430,318424,318423,318422,317657
5,318580,318619,318618,318617,317851
7,318780,318813,318814,318812,318045
12,318990,319008,319009,319007,318239
8,319160,319202,319204,319203,318434
1,319390,319396,319399,319398,318628
6,319610,319591,319595,319593,318822
11,319790,319785,319790,319788,319016
4,319990,319980,319985,319983,319211
10,320190,320174,320180,320179,319405
3,320380,320369,320376,320374,319599
9,320580,320563,320571,320569,319793
2,320730,320757,320766,320764,319987
7,320920,320952,320961,320959,320182
5,321160,321146,321157,321155,320376
12,321370,321341,321352,321350,320570
1,321730,321717,321721,321704,320959
8,321880,321911,321916,321898,321153
6,322080,322105,322110,322093,321347
4,322280,322299,322305,322288,321541
11,322500,322493,322500,322483,321736
3,322700,322687,322694,322678,321930
10,322860,322881,322889,322873,322124
2,323060,323075,323084,323068,322318
9,323250,323269,323278,323263,322512
5,323490,323463,323473,323457,322707
7,323650,323657,323668,323652,322901
12,323850,323851,323862,323847,323095
1,324030,324046,324057,324042,323289
6,324230,324240,324252,324237,323484
8,324440,324434,324446,324432,323678
11,324590,324628,324641,324627,323872
4,324840,324822,324836,324822,324066
10,324980,325016,325030,325016,324261
3,325190,325210,325225,325211,324455
9,325410,325404,325419,325406,324649
2,325600,325598,325614,325601,324843
7,325810,325792,325809,325796,325037
5,326000,325986,326003,325991,325232
12,326220,326180,326198,326186,325426
6,326620,326565,326575,326556,325814
1,326830,326759,326769,326751,326009
8,326980,326954,326963,326946,326203
4,327150,327148,327158,327141,326397
11,327320,327343,327352,327336,326591
3,327500,327537,327546,327532,326786
10,327690,327731,327740,327727,326980
2,327870,327926,327935,327922,327174
9,328100,328120,328129,328117,327368
5,328310,328315,328323,328312,327563
7,328480,328509,328518,328507,327757
12,328680,328703,328712,328702,327951
6,328870,328898,328906,328898,328145
8,329090,329092,329101,329093,328339
1,329270,329287,329295,329288,328534
11,329470,329481,329489,329483,328728
4,329750,329675,329684,329678,328922
10,329860,329870,329878,329873,329116
3,330040,330064,330072,330068,329311
9,330280,330259,330266,330264,329505
2,330450,330453,330461,330459,329699
7,330640,330647,330655,330654,329893
5,330860,330842,330849,330849,330088
12,331090,331036,331044,331044,330282
8,331410,331414,331426,331410,330670
6,331580,331609,331620,331605,330864
11,331820,331804,331814,331800,331059
1,331990,331999,332008,331995,331253
10,332200,332194,332202,332190,331447
4,332360,332389,332397,332385,331641
9,332610,332584,332591,332580,331836
3,332780,332778,332785,332775,332030
7,332920,332973,332979,332970,332224
2,333160,333168,333173,333165,332418
5,333390,333363,333367,333360,332613
12,333550,333558,333562,333555,332807
8,333690,333753,333756,333750,333001
11,333950,333948,333950,333945,333195
6,334150,334143,334144,334141,333390
10,334350,334338,334338,334336,333584
1,334510,334533,334533,334531,333778
9,334740,334728,334727,334726,333972
4,334950,334923,334921,334921,334166
7,335070,335118,335115,335116,334361
3,335330,335312,335309,335311,334555
5,335530,335507,335503,335506,334749
2,335700,335702,335698,335701,334943
12,335930,335897,335892,335896,335138
11,336250,336266,336276,336266,335526
8,336480,336461,336470,336460,335720
10,336680,336656,336664,336655,335915
6,336830,336851,336858,336850,336109
9,337080,337046,337052,337044,336303
1,337220,337241,337246,337239,336497
7,337410,337436,337440,337433,336691
4,337600,337631,337635,337628,336886
5,337820,337826,337829,337822,337080
3,337990,338021,338023,338017,337274
2,338190,338215,338217,338211,337468
12,338380,338410,338411,338406,337663
11,338560,338605,338605,338601,337857
10,338810,338800,338799,338795,338051
8,338980,338995,338993,338990,338245
9,339190,339190,339188,339184,338440
6,339350,339385,339382,339379,338634
7,339540,339580,339576,339573,338828
1,339740,339775,339770,339768,339022
5,339980,339970,339964,339963,339216
4,340200,340165,340158,340157,339411
2,340380,340360,340352,340352,339605
3,340610,340555,340546,340546,339799
12,340810,340750,340740,340741,339993
10,341100,341109,341115,341098,340382
11,341280,341303,341309,341292,340576
9,341480,341497,341502,341486,340770
8,341690,341691,341696,341681,340965
7,341840,341885,341890,341875,341159
6,342040,342078,342084,342069,341353
5,342270,342272,342277,342264,341547
1,342470,342466,342471,342458,341742
2,342680,342660,342665,342652,341936
4,342850,342854,342859,342847,342130
3,343030,343048,343053,343041,342324
12,343230,343241,343246,343235,342518
10,343440,343435,343440,343430,342713
9,343640,343629,343634,343624,342907
11,343820,343823,343828,343818,343101
7,343960,344017,344021,344013,343295
8,344190,344211,344215,344207,343490
5,344400,344404,344409,344401,343684
6,344590,344598,344603,344596,343878
2,344800,344792,344797,344790,344072
1,344990,344986,344990,344984,344267
3,345220,345180,345184,345179,344461
4,345380,345374,345378,345373,344655
12,345590,345567,345572,345567,344849
9,345930,345939,345952,345932,345238
10,346140,346133,346145,346127,345432
7,346340,346327,346339,346322,345626
11,346530,346522,346532,346516,345820
5,346750,346716,346726,346711,346015
8,346880,346910,346920,346906,346209
2,347070,347105,347113,347101,346403
6,347250,347299,347307,347295,346597
3,347520,347493,347500,347490,346792
1,347690,347687,347694,347685,346986
4,347840,347882,347888,347880,347180
12,348070,348076,348081,348074,347374
9,348250,348270,348275,348269,347569
7,348470,348465,348468,348464,347763
10,348650,348659,348662,348658,347957
5,348870,348853,348856,348853,348151
11,349060,349048,349049,349048,348345
2,349270,349242,349243,349243,348540
8,349390,349436,349436,349437,348734
3,349640,349631,349630,349632,348928
6,349830,349825,349824,349827,349122
4,350040,350019,350017,350022,349317
1,350230,350213,350211,350216,349511
12,350410,350408,350404,350411,349705
7,350770,350784,350793,350784,350094
9,350980,350979,350987,350978,350288
5,351210,351173,351180,351173,350482
10,351380,351368,351374,351367,350676
2,351590,351562,351568,351562,350870
11,351800,351756,351761,351756,351065
3,351940,351951,351955,351951,351259
8,352090,352145,352149,352145,351453
4,352340,352339,352342,352340,351647
6,352490,352534,352536,352534,351842
1,352710,352728,352730,352729,352036
12,352940,352923,352923,352923,352230
7,353080,353117,353117,353118,352424
5,353320,353311,353310,353312,352619
9,353520,353506,353504,353507,352813
2,353690,353700,353698,353701,353007
10,353910,353895,353891,353896,353201
3,354120,354089,354085,354090,353395
11,354260,354283,354279,354285,353590
4,354550,354478,354472,354479,353784
8,354660,354672,354666,354674,353978
1,354810,354866,354860,354868,354172
6,355020,355061,355053,355063,354367
12,355310,355255,355247,355257,354561
5,355600,355620,355628,355610,354949
7,355830,355814,355821,355804,355144
2,355990,356008,356015,355999,355338
9,356200,356202,356208,356194,355532
3,356370,356396,356402,356388,355726
10,356600,356590,356595,356583,355921
4,356790,356784,356789,356778,356115
11,356970,356978,356982,356972,356309
1,357190,357172,357176,357167,356503
8,357360,357366,357370,357361,356697
6,357530,357560,357563,357556,356892
12,357750,357754,357757,357751,357086
5,357900,357948,357950,357945,357280
2,358140,358142,358144,358140,357474
7,358350,358336,358337,358334,357669
3,358550,358530,358531,358529,357863
9,358730,358723,358724,358724,358057
4,358900,358917,358918,358918,358251
10,359100,359111,359111,359113,358446
1,359310,359305,359305,359308,358640
11,359490,359499,359498,359502,358834
6,359690,359693,359692,359697,359028
8,359880,359887,359885,359891,359222
12,360130,360081,360079,360086,359417
2,360470,360465,360471,360451,359805
5,360710,360659,360665,360647,359999
3,360900,360854,360859,360843,360194
7,361030,361048,361052,361039,360388
4,361230,361242,361246,361234,360582
9,361430,361437,361440,361430,360776
1,361670,361631,361633,361626,360971
10,361830,361825,361827,361822,361165
6,361990,362019,362021,362017,361359
11,362200,362214,362214,362213,361553
8,362380,362408,362408,362409,361748
12,362570,362602,362602,362605,361942
2,362780,362796,362795,362800,362136
3,363010,362991,362989,362996,362330
5,363230,363185,363183,363192,362524
4,363430,363379,363376,363388,362719
7,363590,363573,363570,363583,362913
1,363780,363768,363764,363779,363107
9,363980,363962,363957,363975,363301
6,364160,364156,364151,364171,363496
10,364340,364350,364345,364366,363690
8,364510,364545,364538,364562,363884
11,364690,364739,364732,364758,364078
12,364950,364933,364926,364954,364273
3,365380,365331,365336,365329,364661
2,365560,365527,365531,365525,364855
4,365770,365722,365725,365722,365049
5,365970,365918,365919,365918,365244
1,366150,366114,366113,366114,365438
7,366290,366309,366308,366311,365632
6,366490,366505,366502,366507,365826
9,366690,366700,366696,366703,366021
8,366890,366896,366891,366900,366215
10,367040,367092,367085,367096,366409
11,367300,367287,367279,367293,366603
12,367490,367483,367474,367489,366798
3,367670,367679,367668,367685,366992
4,367880,367874,367862,367882,367186
2,368080,368070,368057,368078,367380
1,368260,368266,368251,368274,367574
5,368440,368461,368445,368471,367769
6,368700,368657,368640,368667,367963
7,368850,368853,368834,368864,368157
8,369040,369048,369028,369060,368351
9,369230,369244,369223,369256,368546
11,369430,369440,369417,369453,368740
10,369610,369635,369611,369649,368934
12,369880,369831,369806,369845,369128
4,370310,370227,370215,370222,369517
3,370490,370422,370410,370418,369711
1,370640,370617,370605,370614,369905
2,370840,370811,370800,370809,370100
6,371000,371006,370995,371005,370294
5,371180,371201,371189,371201,370488
8,371370,371396,371384,371396,370682
7,371570,371590,371579,371592,370876
11,371790,371785,371774,371787,371071
9,371950,371980,371969,371983,371265
10,372160,372175,372164,372179,371459
12,372360,372369,372359,372374,371653
4,372590,372564,372553,372570,371848
1,372780,372759,372748,372766,372042
3,372990,372954,372943,372961,372236
6,373180,373148,373138,373157,372430
2,373370,373343,373333,373352,372625
8,373500,373538,373528,373548,372819
5,373710,373733,373723,373744,373013
11,373920,373927,373917,373939,373207
7,374100,374122,374112,374135,373401
10,374310,374317,374307,374330,373596
9,374500,374512,374502,374526,373790
12,374720,374706,374697,374722,373984
1,375130,375085,375082,375072,374373
4,375290,375280,375277,375267,374567
3,375480,375474,375472,375463,374761
2,375660,375668,375667,375658,374955
6,375850,375863,375861,375854,375150
5,376020,376057,376056,376049,375344
8,376230,376252,376251,376244,375538
7,376390,376446,376446,376440,375732
11,376630,376640,376640,376635,375927
9,376830,376835,376835,376831,376121
10,377040,377029,377030,377026,376315
12,377250,377223,377225,377221,376509
1,377440,377418,377419,377417,376703
3,377610,377612,377614,377612,376898
4,377800,377807,377809,377808,377092
6,377990,378001,378004,378003,377286
2,378190,378195,378198,378198,377480
8,378370,378390,378393,378394,377675
5,378600,378584,378588,378589,377869
11,378790,378778,378782,378785,378063
7,378940,378973,378977,378980,378257
10,379180,379167,379172,379175,378452
9,379350,379362,379367,379371,378646
12,379600,379556,379561,379566,378840
3,379970,379943,379953,379935,379228
1,380160,380139,380147,380132,379423
4,380340,380334,380342,380328,379617
2,380560,380530,380537,380524,379811
6,380710,380726,380732,380721,380005
5,380890,380921,380927,380917,380200
8,381090,381117,381121,381113,380394
7,381250,381312,381316,381310,380588
11,381490,381508,381511,381506,380782
9,381700,381704,381706,381702,380977
10,381900,381899,381901,381899,381171
12,382120,382095,382095,382095,381365
3,382320,382290,382290,382292,381559
4,382540,382486,382485,382488,381754
1,382700,382682,382680,382684,381948
6,382850,382877,382875,382881,382142
2,383090,383073,383070,383077,382336
8,383240,383268,383264,383273,382530
5,383480,383464,383459,383470,382725
11,383630,383660,383654,383666,382919
7,383820,383855,383849,383862,383113
10,384050,384051,384044,384059,383307
9,384260,384246,384238,384255,383502
12,384480,384442,384433,384451,383696
4,384860,384830,384835,384828,384084
3,385060,385027,385030,385025,384279
6,385220,385223,385226,385221,384473
1,385410,385419,385421,385418,384667
8,385610,385615,385616,385614,384861
2,385800,385811,385811,385811,385055
11,385990,386008,386006,386007,385250
5,386230,386204,386202,386204,385444
10,386390,386400,386397,386400,385638
7,386600,386596,386592,386597,385832
9,386800,386792,386787,386793,386027
12,386990,386989,386982,386990,386221
4,387200,387185,387178,387186,386415
6,387380,387381,387373,387383,386609
3,387590,387577,387568,387579,386804
8,387750,387773,387763,387776,386998
1,387900,387969,387958,387972,387192
11,388140,388166,388153,388169,387386
2,388360,388362,388349,388365,387580
10,388560,388558,388544,388562,387775
5,388780,388754,388739,388758,387969
9,388990,388950,388934,388955,388163
7,389130,389147,389129,389151,388357
12,389370,389343,389325,389347,388552
6,389720,389724,389719,389714,388940
4,389900,389919,389915,389910,389134
8,390150,390114,390110,390106,389329
3,390340,390309,390305,390302,389523
11,390530,390505,390500,390498,389717
1,390680,390700,390696,390694,389911
10,390900,390895,390891,390890,390106
2,391070,391090,391086,391086,390300
9,391290,391286,391282,391282,390494
5,391470,391481,391477,391478,390688
7,391660,391676,391672,391674,390882
12,391870,391871,391868,391870,391077
6,392020,392067,392063,392066,391271
8,392250,392262,392258,392262,391465
4,392490,392457,392454,392458,391659
11,392650,392652,392649,392654,391854
3,392870,392847,392844,392850,392048
10,393030,393043,393039,393046,392242
1,393220,393238,393235,393242,392436
9,393400,393433,393430,393439,392631
2,393610,393628,393625,393635,392825
7,393830,393824,393821,393831,393019
5,394030,394019,394016,394027,393213
12,394260,394214,394211,394223,393407
8,394590,394593,394598,394588,393796
6,394780,394789,394793,394784,393990
11,394990,394984,394989,394980,394184
4,395190,395180,395184,395176,394379
10,395370,395375,395379,395371,394573
3,395590,395571,395574,395567,394767
9,395750,395766,395770,395763,394961
1,395960,395962,395965,395959,395156
7,396140,396157,396160,396155,395350
2,396350,396353,396355,396350,395544
5,396560,396548,396550,396546,395738
12,396720,396744,396746,396742,395933
8,396870,396939,396941,396938,396127
11,397140,397135,397136,397134,396321
6,397340,397330,397331,397330,396515
10,397530,397526,397527,397525,396709
4,397740,397722,397722,397721,396904
9,397920,397917,397917,397917,397098
3,398090,398113,398112,398113,397292
7,398290,398308,398307,398309,397486
1,398500,398504,398503,398504,397681
5,398700,398699,398698,398700,397875
2,398910,398895,398893,398896,398069
12,399140,399090,399088,399092,398263
11,399470,399465,399472,399460,398652
8,399670,399660,399667,399656,398846
10,399840,399856,399863,399852,399040
6,400020,400051,400058,400047,399234
9,400270,400247,400253,400243,399429
4,400430,400442,400448,400439,399623
7,400620,400638,400643,400634,399817
3,400790,400833,400838,400830,400011
5,400970,401029,401033,401026,400206
1,401230,401224,401228,401221,400400
2,401450,401420,401423,401417,400594
12,401620,401615,401618,401613,400788
11,401830,401811,401813,401808,400983
10,402020,402006,402008,402004,401177
8,402210,402201,402203,402200,401371
9,402400,402397,402399,402395,401565
6,402560,402592,402594,402591,401759
7,402790,402788,402789,402787,401954
4,403020,402983,402984,402982,402148
5,403200,403179,403179,403178,402342
3,403350,403374,403374,403374,402536
2,403550,403570,403569,403569,402731
1,403750,403765,403764,403765,402925
12,403990,403961,403959,403961,403119
10,404350,404339,404340,404334,403508
11,404530,404533,404535,404529,403702
9,404730,404727,404730,404724,403896
8,404930,404922,404925,404918,404090
7,405090,405116,405119,405113,404285
6,405310,405311,405314,405308,404479
5,405490,405505,405509,405503,404673
4,405750,405700,405704,405698,404867
2,405930,405894,405899,405893,405061
3,406100,406089,406094,406087,405256
1,406270,406283,406288,406282,405450
12,406450,406478,406483,406477,405644
10,406680,406672,406678,406672,405838
9,406860,406867,406873,406867,406033
11,407020,407061,407068,407062,406227
7,407200,407256,407262,407257,406421
8,407470,407450,407457,407451,406615
5,407630,407645,407652,407646,406810
6,407840,407839,407847,407841,407004
2,408040,408034,408042,408036,407198
4,408260,408228,408236,408231,407392
1,408430,408423,408431,408426,407586
3,408590,408617,408626,408621,407781
12,408840,408812,408821,408815,407975
9,409170,409183,409187,409169,408363
10,409370,409376,409381,409363,408558
7,409550,409569,409576,409558,408752
11,409780,409763,409770,409752,408946
5,409950,409956,409964,409946,409140
8,410140,410150,410158,410141,409335
2,410330,410343,410352,410335,409529
6,410540,410536,410546,410529,409723
1,410780,410730,410741,410724,409917
4,410910,410923,410935,410918,410112
3,411110,411117,411129,411113,410306
12,411270,411310,411323,411307,410500
9,411490,411503,411517,411501,410694
7,411680,411697,411711,411696,410888
10,411890,411890,411905,411890,411083
5,412110,412084,412100,412084,411277
11,412260,412277,412294,412279,411471
2,412480,412470,412488,412473,411665
8,412650,412664,412682,412668,411860
1,412850,412857,412876,412862,412054
6,413040,413051,413070,413056,412248
3,413250,413244,413264,413251,412442
4,413450,413438,413459,413445,412637
12,413650,413631,413653,413639,412831
7,414030,414018,414026,414005,413219
9,414230,414211,414220,414200,413413
5,414430,414405,414414,414395,413608
10,414660,414598,414607,414589,413802
2,414800,414792,414801,414784,413996
11,415010,414985,414995,414979,414190
1,415190,415178,415189,415174,414385
8,415300,415372,415382,415368,414579
3,415540,415565,415576,415563,414773
6,415710,415759,415770,415758,414967
4,415970,415952,415963,415952,415162
12,416120,416145,416157,416147,415356
7,416360,416339,416351,416342,415550
5,416580,416532,416544,416537,415744
9,416730,416726,416738,416731,415938
2,416890,416919,416932,416926,416133
10,417150,417112,417126,417121,416327
1,417290,417306,417319,417316,416521
11,417480,417499,417513,417510,416715
3,417690,417693,417707,417705,416910
8,417840,417886,417900,417900,417104
4,418080,418079,418094,418095,417298
6,418290,418273,418288,418289,417492
12,418500,418466,418482,418484,417687
5,418920,418861,418867,418857,418075
7,419110,419055,419060,419051,418269
2,419270,419248,419254,419246,418464
9,419420,419442,419447,419440,418658
1,419630,419636,419641,419634,418852
10,419860,419829,419835,419829,419046
3,420030,420023,420028,420023,419240
11,420220,420217,420222,420217,419435
4,420420,420410,420415,420412,419629
8,420570,420604,420609,420606,419823
6,420750,420798,420803,420801,420017
12,420960,420991,420996,420995,420212
5,421160,421185,421190,421189,420406
2,421370,421379,421383,421384,420600
7,421640,421572,421577,421578,420794
1,421810,421766,421771,421772,420989
9,421960,421959,421964,421967,421183
3,422130,422153,422158,422161,421377
10,422330,422347,422351,422355,421571
4,422530,422540,422545,422550,421765
11,422760,422734,422739,422744,421960
6,422940,422928,422932,422938,422154
8,423080,423121,423126,423133,422348
12,423340,423315,423319,423327,422542
2,423690,423698,423697,423679,422931
5,423900,423890,423890,423874,423125
1,424130,424083,424083,424068,423319
7,424280,424276,424277,424262,423514
3,424480,424469,424470,424456,423708
9,424640,424661,424663,424651,423902
4,424880,424854,424857,424845,424096
10,425000,425047,425050,425039,424291
6,425230,425239,425243,425234,424485
11,425420,425432,425437,425428,424679
8,425590,425625,425630,425622,424873
12,425790,425817,425823,425817,425067
2,425990,426010,426016,426011,425262
1,426250,426203,426210,426205,425456
5,426440,426396,426403,426400,425650
3,426610,426588,426596,426594,425844
7,426770,426781,426790,426788,426039
4,426970,426974,426983,426982,426233
9,427180,427166,427176,427177,426427
6,427360,427359,427370,427371,426621
10,427540,427552,427563,427565,426816
8,427700,427745,427756,427760,427010
11,427930,427937,427949,427954,427204
12,428160,428130,428143,428148,427398
1,428510,428522,428533,428513,427787
2,428700,428716,428726,428708,427981
3,428920,428911,428920,428904,428175
5,429100,429105,429113,429099,428369
4,429340,429300,429306,429294,428564
7,429520,429494,429500,429490,428758
6,429720,429688,429693,429685,428952
9,429870,429883,429887,429880,429146
8,430090,430077,430080,430075,429341
10,430230,430271,430274,430271,429535
11,430460,430466,430467,430466,429729
12,430680,430660,430660,430661,429923
1,430830,430854,430854,430856,430117
3,431040,431049,431047,431052,430312
2,431220,431243,431241,431247,430506
4,431440,431437,431434,431442,430700
5,431660,431632,431628,431637,430894
6,431860,431826,431821,431833,431089
7,432040,432020,432014,432028,431283
8,432190,432215,432208,432223,431477
9,432380,432409,432401,432419,431671
11,432590,432603,432595,432614,431866
10,432790,432798,432788,432809,432060
12,433030,432992,432981,433004,432254
3,433430,433388,433386,433382,432643
1,433580,433583,433580,433578,432837
2,433780,433777,433774,433773,433031
5,434000,433972,433968,433968,433225
4,434190,434166,434162,434164,433419
7,434380,434361,434355,434359,433614
6,434560,434555,434549,434554,433808
9,434760,434750,434743,434749,434002
8,434950,434944,434937,434945,434196
10,435120,435139,435131,435140,434391
11,435320,435333,435325,435335,434585
12,435520,435528,435519,435531,434779
3,435700,435722,435713,435726,434973
2,435900,435917,435907,435921,435168
1,436100,436111,436101,436117,435362
4,436320,436306,436295,436312,435556
5,436520,436500,436489,436507,435750
6,436700,436695,436682,436702,435944
7,436890,436889,436876,436898,436139
8,437090,437084,437070,437093,436333
9,437280,437279,437264,437288,436527
11,437440,437473,437458,437484,436721
10,437650,437668,437652,437679,436916
12,437900,437862,437846,437874,437110
2,438240,438242,438239,438230,437498
3,438440,438437,438434,438425,437693
4,438650,438631,438628,438621,437887
1,438820,438825,438822,438816,438081
6,439000,439020,439016,439011,438275
5,439190,439214,439210,439206,438470
8,439410,439408,439404,439401,438664
7,439570,439603,439598,439597,438858
11,439790,439797,439792,439792,439052
9,440000,439991,439986,439987,439246
10,440180,440186,440180,440182,439441
12,440400,440380,440375,440377,439635
2,440540,440574,440569,440573,439829
4,440770,440769,440763,440768,440023
3,440950,440963,440957,440963,440218
6,441150,441157,441151,441158,440412
1,441360,441352,441345,441353,440606
8,441550,441546,441539,441549,440800
5,441770,441740,441733,441744,440995
11,441940,441935,441927,441939,441189
7,442090,442129,442121,442134,441383
10,442330,442323,442316,442329,441577
9,442530,442517,442510,442525,441771
12,442730,442712,442704,442720,441966
4,443100,443100,443100,443093,442354
2,443300,443295,443294,443288,442548
6,443470,443489,443488,443484,442743
3,443690,443684,443683,443679,442937
8,443880,443879,443877,443874,443131
1,444040,444074,444071,444070,443325
11,444300,444268,444266,444265,443520
5,444490,444463,444460,444460,443714
10,444700,444658,444654,444656,443908
7,444840,444852,444849,444851,444102
9,445050,445047,445043,445047,444296
12,445250,445242,445237,445242,444491
4,445440,445436,445432,445437,444685
6,445610,445631,445626,445633,444879
2,445830,445826,445820,445828,445073
8,445970,446021,446015,446023,445268
3,446190,446215,446209,446219,445462
11,446440,446410,446403,446414,445656
1,446570,446605,446598,446609,445850
10,446810,446799,446792,446805,446045
5,447000,446994,446986,447000,446239
9,447200,447189,447181,447195,446433
7,447360,447384,447375,447391,446627
12,447620,447578,447569,447586,446822
6,447950,447957,447959,447948,447210
4,448170,448151,448153,448144,447404
8,448330,448346,448347,448339,447598
2,448510,448541,448542,448534,447793
11,448730,448736,448736,448729,447987
3,448950,448930,448931,448925,448181
10,449140,449125,449125,449120,448375
1,449300,449320,449319,449315,448570
9,449500,449515,449514,449510,448764
5,449690,449709,449708,449706,448958
7,449880,449904,449903,449901,449152
12,450090,450099,450097,450096,449347
6,450270,450294,450291,450291,449541
8,450500,450488,450486,450487,449735
4,450730,450683,450680,450682,449929
11,450860,450878,450874,450877,450123
2,451040,451073,451069,451072,450318
10,451280,451267,451263,451268,450512
3,451470,451462,451458,451463,450706
9,451670,451657,451652,451658,450900
1,451810,451852,451846,451853,451095
7,452050,452046,452041,452049,451289
5,452250,452241,452235,452244,451483
12,452480,452436,452430,452439,451677
8,452850,452819,452818,452811,452066
6,453010,453013,453012,453006,452260
11,453210,453208,453207,453201,452454
4,453420,453402,453401,453396,452649
10,453600,453596,453596,453591,452843
2,453760,453790,453790,453786,453037
9,453980,453985,453984,453981,453231
3,454150,454179,454179,454176,453425
7,454370,454373,454373,454371,453620
1,454580,454568,454567,454566,453814
5,454760,454762,454762,454761,454008
12,454970,454956,454956,454956,454202
8,455100,455151,455151,455151,454397
11,455330,455345,455345,455346,454591
6,455560,455539,455539,455541,454785
10,455720,455734,455734,455736,454979
4,455930,455928,455928,455931,455174
9,456160,456122,456122,456126,455368
2,456340,456317,456317,456321,455562
7,456520,456511,456511,456515,455756
3,456690,456705,456706,456710,455950
5,456890,456900,456900,456905,456145
1,457080,457094,457094,457100,456339
12,457300,457288,457289,457295,456533
11,457660,457667,457667,457658,456922
8,457890,457861,457861,457852,457116
10,458070,458055,458056,458047,457310
6,458250,458248,458250,458241,457504
9,458460,458442,458444,458435,457699
4,458610,458635,458638,458629,457893
7,458810,458829,458832,458824,458087
2,459010,459023,459026,459018,458281
5,459200,459216,459220,459212,458476
3,459410,459410,459414,459407,458670
1,459600,459603,459608,459601,458864
12,459760,459797,459802,459795,459058
11,459990,459991,459996,459990,459252
10,460190,460184,460190,460184,459447
8,460370,460378,460385,460378,459641
9,460580,460571,460579,460573,459835
6,460750,460765,460773,460767,460029
7,460960,460959,460967,460961,460224
4,461160,461152,461161,461156,460418
5,461340,461346,461355,461350,460612
2,461530,461540,461549,461544,460806
1,461740,461733,461743,461738,461001
3,461920,461927,461937,461933,461195
12,462160,462120,462131,462127,461389
10,462500,462500,462504,462489,461777
11,462700,462693,462698,462683,461972
9,462870,462886,462891,462877,462166
8,463090,463080,463085,463071,462360
7,463240,463273,463279,463265,462554
6,463460,463466,463472,463459,462749
5,463640,463659,463666,463653,462943
4,463890,463852,463859,463847,463137
1,464060,464045,464053,464041,463331
2,464240,464238,464247,464235,463526
3,464430,464432,464440,464429,463720
12,464610,464625,464634,464623,463914
10,464820,464818,464828,464817,464108
9,465010,465011,465021,465011,464302
11,465190,465204,465215,465205,464497
7,465370,465397,465409,465399,464691
8,465620,465590,465602,465593,464885
5,465810,465784,465796,465787,465079
6,465990,465977,465989,465981,465274
1,466170,466170,466183,466176,465468
4,466350,466363,466377,466370,465662
3,466530,466556,466570,466564,465856
2,466730,466749,466764,466758,466051
12,466970,466942,466958,466952,466245
9,467290,467321,467332,467312,466633
10,467510,467514,467525,467506,466828
7,467690,467708,467718,467700,467022
11,467920,467901,467911,467894,467216
5,468110,468095,468105,468088,467410
8,468330,468288,468298,468283,467604
1,468490,468482,468491,468477,467799
6,468690,468675,468685,468671,467993
3,468880,468869,468878,468865,468187
4,469010,469062,469071,469059,468381
2,469210,469256,469264,469253,468576
12,469440,469449,469458,469448,468770
9,469640,469643,469651,469642,468964
7,469800,469836,469844,469836,469158
10,470020,470030,470038,470030,469353
5,470220,470223,470231,470224,469547
11,470400,470417,470424,470418,469741
1,470610,470610,470617,470612,469935
8,470840,470804,470811,470807,470129
3,471020,470997,471004,471001,470324
6,471210,471191,471197,471195,470518
2,471360,471384,471391,471389,470712
4,471590,471578,471584,471583,470906
12,471790,471772,471777,471777,471101
7,472160,472156,472160,472144,471489
9,472350,472350,472353,472338,471683
5,472550,472543,472547,472533,471878
10,472770,472736,472740,472727,472072
1,472920,472929,472933,472921,472266
11,473130,473122,473126,473116,472460
3,473310,473316,473319,473310,472655
8,473500,473509,473512,473505,472849
2,473680,473702,473706,473699,473043
6,473880,473895,473899,473894,473237
4,474080,474089,474092,474088,473431
12,474280,474282,474285,474282,473626
7,474470,474475,474478,474477,473820
5,474710,474668,474672,474671,474014
9,474880,474862,474865,474866,474208
1,475090,475055,475058,475060,474403
10,475260,475248,475251,475254,474597
3,475430,475441,475444,475449,474791
11,475630,475635,475637,475643,474985
2,475820,475828,475831,475838,475180
8,476040,476021,476024,476032,475374
4,476190,476214,476217,476227,475568
6,476370,476407,476410,476421,475762
12,476610,476601,476603,476615,475956
5,477010,476988,476993,476982,476345
7,477170,477182,477186,477177,476539
1,477410,477376,477379,477371,476733
9,477580,477569,477572,477565,476928
3,477760,477763,477766,477760,477122
10,477950,477957,477959,477954,477316
2,478130,478150,478152,478148,477510
11,478340,478344,478345,478343,477705
4,478540,478538,478539,478537,477899
8,478750,478731,478732,478731,478093
6,478910,478925,478925,478926,478287
12,479110,479119,479119,479120,478481
5,479310,479312,479312,479314,478676
1,479560,479506,479505,479509,478870
7,479700,479700,479698,479703,479064
3,479900,479894,479892,479897,479258
9,480060,480087,480085,480092,479453
2,480250,480281,480278,480286,479647
10,480480,480475,480471,480480,479841
4,480670,480668,480665,480675,480035
11,480840,480862,480858,480869,480230
6,481070,481056,481051,481063,480424
8,481230,481249,481244,481258,480618
12,481480,481443,481438,481452,480812
1,481820,481826,481825,481812,481201
5,482030,482019,482018,482006,481395
7,482220,482212,482211,482201,481589
9,482430,482405,482405,482395,481783
3,482590,482599,482598,482590,481978
10,482810,482792,482791,482784,482172
2,483000,482985,482984,482978,482366
11,483140,483178,483178,483173,482560
4,483370,483372,483371,483367,482755
8,483560,483565,483564,483562,482949
6,483730,483758,483758,483756,483143
12,483920,483951,483951,483951,483337
1,484120,484145,484144,484145,483532
7,484310,484338,484337,484340,483726
5,484550,484531,484531,484534,483920
3,484770,484724,484724,484728,484114
9,484940,484918,484917,484923,484308
2,485150,485111,485110,485117,484503
10,485330,485304,485304,485312,484697
4,485510,485497,485497,485506,484891
11,485650,485691,485690,485701,485085
6,485850,485884,485884,485895,485280
8,486060,486077,486077,486090,485474
12,486290,486270,486270,486284,485668
7,486660,486658,486662,486655,486057
1,486870,486852,486856,486849,486251
5,487040,487046,487049,487044,486445
9,487280,487240,487243,487238,486639
3,487430,487434,487436,487433,486834
10,487660,487629,487630,487627,487028
2,487840,487823,487823,487822,487222
11,488010,488017,488017,488016,487416
4,488220,488211,488210,488210,487610
8,488360,488405,488404,488405,487805
6,488580,488599,488597,488599,487999
12,488770,488793,488790,488794,488193
7,488950,488987,488984,488988,488387
5,489160,489181,489177,489182,488582
1,489380,489375,489371,489377,488776
3,489550,489569,489564,489571,488970
9,489780,489763,489758,489766,489164
2,489970,489957,489951,489960,489359
10,490170,490151,490145,490155,489553
4,490370,490345,490338,490349,489747
11,490530,490539,490532,490543,489941
6,490740,490733,490725,490738,490135
8,490910,490927,490918,490932,490330
12,491150,491121,491112,491127,490524
5,491500,491496,491497,491481,490912
7,491640,491690,491691,491675,491107
3,491870,491884,491884,491870,491301
1,492050,492077,492078,492065,491495
2,492290,492271,492271,492260,491689
9,492490,492464,492464,492454,491884
4,492610,492658,492658,492649,492078
10,492860,492851,492851,492844,492272
6,493080,493045,493045,493038,492466
11,493230,493239,493238,493233,492660
8,493430,493432,493432,493428,492855
12,493620,493626,493625,493623,493049
5,493820,493819,493818,493817,493243
3,494050,494013,494012,494012,493437
7,494190,494207,494205,494207,493632
2,494410,494400,494399,494402,493826
1,494610,494594,494592,494596,494020
4,494750,494787,494786,494791,494214
9,494960,494981,494979,494986,494409
6,495170,495174,495172,495180,494603
10,495360,495368,495366,495375,494797
8,495550,495562,495559,495570,494991
11,495740,495755,495753,495765,495186
12,496000,495949,495946,495959,495380
3,496390,496340,496343,496334,495768
5,496560,496534,496537,496530,495962
2,496770,496729,496731,496725,496157
7,496910,496923,496924,496920,496351
4,497100,497118,497118,497115,496545
1,497290,497312,497312,497310,496739
6,497480,497506,497506,497505,496934
9,497670,497701,497699,497700,497128
8,497910,497895,497893,497895,497322
10,498030,498090,498087,498090,497516
11,498270,498284,498280,498285,497711
12,498490,498478,498474,498480,497905
3,498680,498673,498668,498675,498099
2,498900,498867,498862,498871,498293
5,499120,499061,499055,499066,498487
4,499290,499256,499249,499261,498682
7,499470,499450,499443,499456,498876
6,499700,499645,499637,499651,499070
1,499820,499839,499830,499846,499264
8,499990,500033,500024,500041,499459
9,500190,500228,500218,500236,499653
11,500400,500422,500411,500431,499847
10,500580,500617,500605,500626,500041
12,500860,500811,500799,500821,500236
2,501200,501195,501192,501178,500624
3,501430,501388,501386,501374,500818
4,501610,501582,501580,501569,501013
5,501770,501776,501774,501764,501207
6,501930,501970,501967,501960,501401
7,502160,502164,502161,502155,501595
8,502380,502358,502355,502351,501789
1,502510,502552,502549,502546,501984
11,502750,502746,502743,502741,502178
9,502930,502940,502937,502937,502372
10,503090,503134,503131,503132,502566
12,503330,503328,503325,503328,502761
2,503510,503522,503519,503523,502955
4,503750,503716,503712,503719,503149
3,503960,503910,503906,503914,503343
6,504130,504104,504100,504109,503538
5,504280,504298,504294,504305,503732
8,504470,504492,504488,504500,503926
7,504660,504686,504682,504696,504120
11,504890,504880,504876,504891,504314
1,505080,505074,505070,505086,504509
10,505230,505268,505263,505282,504703
9,505480,505462,505457,505477,504897
12,505680,505656,505651,505673,505091
4,506110,506057,506054,506048,505480
2,506290,506252,506249,506244,505674
6,506490,506447,506443,506440,505868
3,506660,506641,506637,506635,506063
8,506840,506836,506831,506831,506257
5,507010,507030,507026,507027,506451
11,507220,507225,507220,507223,506645
7,507390,507419,507414,507419,506839
10,507610,507614,507609,507615,507034
1,507800,507809,507803,507810,507228
9,508000,508003,507997,508006,507422
12,508200,508198,508191,508202,507616
4,508430,508392,508386,508398,507811
6,508610,508587,508580,508594,508005
2,508810,508781,508774,508790,508199
8,508960,508976,508969,508985,508393
3,509160,509171,509163,509181,508588
11,509350,509365,509357,509377,508782
5,509540,509560,509551,509573,508976
10,509750,509754,509746,509769,509170
7,509930,509949,509940,509965,509365
9,510150,510143,510134,510160,509559
1,510340,510338,510329,510356,509753
12,510550,510533,510523,510552,509947
6,510950,510929,510922,510919,510336
4,511160,511123,511117,511115,510530
8,511360,511318,511312,511310,510724
2,511500,511512,511506,511506,510918
11,511730,511707,511701,511701,511113
3,511890,511901,511895,511897,511307
10,512100,512096,512090,512093,511501
5,512270,512290,512284,512288,511695
9,512480,512485,512479,512484,511890
7,512620,512679,512674,512679,512084
1,512890,512874,512868,512875,512278
12,513050,513069,513063,513071,512472
6,513270,513263,513257,513266,512666
8,513460,513458,513452,513462,512861
4,513680,513652,513646,513657,513055
11,513870,513847,513841,513853,513249
2,514040,514041,514036,514048,513443
10,514230,514236,514230,514244,513638
3,514440,514430,514425,514440,513832
9,514640,514625,514619,514635,514026
5,514780,514819,514814,514831,514220
1,515020,515014,515009,515026,514415
7,515180,515208,515203,515222,514609
12,515430,515403,515398,515418,514803
8,515810,515793,515790,515782,515192
6,516000,515988,515984,515978,515386
11,516210,516182,516179,516173,515580
4,516360,516377,516374,516369,515774
10,516580,516571,516568,516564,515968
2,516770,516766,516763,516760,516163
9,516960,516960,516958,516955,516357
3,517140,517155,517152,517151,516551
1,517350,517349,517347,517346,516745
5,517510,517544,517542,517542,516940
7,517710,517739,517736,517737,517134
12,517900,517933,517931,517933,517328
8,518090,518128,518126,518128,517522
11,518340,518322,518320,518324,517717
6,518520,518517,518515,518519,517911
10,518730,518711,518710,518715,518105
4,518920,518906,518904,518910,518299
9,519130,519100,519099,519106,518493
2,519310,519295,519294,519301,518688
1,519510,519490,519488,519497,518882
3,519690,519684,519683,519692,519076
7,519840,519879,519877,519888,519270
5,520100,520073,520072,520083,519465
12,520250,520268,520267,520279,519659
11,520660,520657,520656,520651,520047
8,520850,520851,520851,520846,520242
10,521040,521046,521046,521041,520436
6,521240,521241,521240,521236,520630
9,521460,521435,521435,521431,520824
4,521640,521630,521630,521626,521018
1,521850,521825,521824,521822,521213
2,522050,522019,522019,522017,521407
7,522200,522214,522214,522212,521601
3,522390,522409,522408,522407,521795
5,522580,522603,522603,522602,521990
12,522780,522798,522798,522797,522184
11,522950,522993,522992,522993,522378
10,523150,523187,523187,523188,522572
8,523390,523382,523382,523383,522767
9,523590,523577,523576,523578,522961
6,523740,523771,523771,523773,523155
1,523970,523966,523966,523968,523349
4,524160,524161,524160,524164,523544
7,524370,524355,524355,524359,523738
2,524580,524550,524550,524554,523932
5,524760,524745,524744,524749,524126
3,524930,524939,524939,524944,524320
12,525150,525134,525134,525139,524515
10,525470,525508,525512,525505,524903
11,525690,525702,525707,525699,525097
9,525870,525897,525901,525893,525292
8,526070,526091,526096,526088,525486
1,526280,526286,526290,526282,525680
6,526490,526480,526484,526476,525874
7,526660,526675,526679,526671,526069
4,526890,526869,526873,526865,526263
5,527070,527064,527068,527059,526457
2,527260,527258,527262,527254,526651
3,527440,527453,527456,527448,526845
12,527640,527647,527651,527642,527040
10,527830,527842,527845,527837,527234
9,528040,528036,528040,528031,527428
11,528180,528231,528234,528225,527622
1,528430,528425,528428,528420,527817
8,528610,528620,528623,528614,528011
7,528780,528814,528817,528808,528205
6,528990,529008,529012,529003,528399
5,529220,529203,529206,529197,528594
4,529460,529397,529400,529392,528788
3,529580,529592,529595,529586,528982
2,529790,529786,529789,529780,529176
12,530010,529981,529984,529975,529371
9,530370,530355,530350,530334,529759
10,530590,530547,530544,530528,529953
1,530750,530739,530738,530722,530147
11,530930,530932,530931,530916,530342
7,531080,531124,531125,531110,530536
8,531280,531316,531319,531304,530730
5,531470,531509,531513,531497,530924
6,531650,531701,531706,531691,531119
3,531900,531893,531900,531885,531313
4,532090,532086,532094,532079,531507
2,532280,532278,532288,532273,531701
12,532480,532470,532481,532467,531896
9,532700,532663,532675,532661,532090
1,532860,532855,532869,532855,532284
10,533080,533047,533063,533048,532478
7,533210,533240,533256,533242,532672
11,533430,533432,533450,533436,532867
5,533610,533624,533644,533630,533061
8,533780,533817,533838,533824,533255
3,534020,534009,534031,534018,533449
6,534170,534201,534225,534212,533644
2,534370,534394,534419,534406,533838
4,534600,534586,534613,534599,534032
12,534830,534778,534806,534793,534226
1,535210,535166,535175,535155,534615
9,535380,535359,535369,535348,534809
10,535560,535552,535562,535542,535003
11,535770,535745,535755,535736,535197
7,535910,535938,535948,535930,535392
8,536130,536131,536141,536124,535586
5,536310,536323,536335,536318,535780
6,536500,536516,536528,536512,535974
3,536690,536709,536721,536706,536169
4,536910,536902,536914,536900,536363
2,537090,537095,537108,537094,536557
12,537240,537288,537301,537288,536751
1,537470,537480,537494,537482,536946
10,537680,537673,537687,537676,537140
9,537880,537866,537880,537870,537334
7,538070,538059,538074,538064,537528
11,538230,538252,538267,538258,537723
5,538450,538445,538460,538452,537917
8,538660,538638,538653,538646,538111
3,538840,538830,538846,538840,538305
6,539000,539023,539040,539034,538499
2,539210,539216,539233,539228,538694
4,539420,539409,539426,539422,538888
12,539630,539602,539619,539615,539082
10,540010,539987,539999,539980,539471
1,540190,540181,540192,540174,539665
9,540380,540374,540385,540368,539859
11,540570,540568,540578,540562,540053
7,540710,540761,540771,540757,540248
8,540950,540955,540964,540951,540442
5,541150,541148,541157,541145,540636
6,541360,541342,541350,541339,540830
3,541530,541536,541543,541533,541024
4,541740,541729,541736,541727,541219
2,541910,541923,541929,541922,541413
12,542070,542116,542122,542116,541607
10,542320,542310,542315,542310,541801
9,542530,542503,542508,542504,541996
1,542700,542697,542701,542698,542190
7,542860,542891,542894,542893,542384
11,543080,543084,543087,543087,542578
5,543290,543278,543280,543281,542773
8,543460,543471,543473,543475,542967
3,543660,543665,543666,543669,543161
6,543870,543858,543859,543864,543355
2,544070,544052,544052,544058,543550
4,544250,544246,544245,544252,543744
12,544450,544439,544438,544446,543938
9,544830,544821,544825,544814,544326
10,545030,545014,545018,545008,544521
7,545180,545208,545211,545202,544715
1,545420,545402,545405,545396,544909
5,545650,545595,545598,545590,545103
11,545790,545789,545791,545784,545298
3,545940,545982,545984,545978,545492
8,546110,546176,546177,546172,545686
2,546340,546369,546370,546367,545880
6,546560,546563,546563,546561,546075
4,546780,546756,546756,546755,546269
12,546920,546950,546949,546949,546463
9,547170,547143,547142,547143,546657
7,547320,547337,547335,547337,546851
10,547530,547531,547528,547531,547046
5,547710,547724,547722,547725,547240
1,547960,547918,547915,547919,547434
3,548120,548111,548108,548113,547628
11,548320,548305,548301,548307,547823
2,548500,548498,548494,548501,548017
8,548670,548692,548687,548696,548211
4,548910,548885,548880,548890,548405
6,549060,549079,549073,549084,548600
12,549280,549272,549266,549278,548794
7,549640,549650,549650,549636,549182
9,549880,549843,549843,549831,549377
5,550020,550036,550037,550025,549571
10,550270,550229,550230,550219,549765
3,550400,550422,550423,550413,549959
1,550580,550616,550616,550607,550153
2,550810,550809,550809,550801,550348
11,551000,551002,551002,550995,550542
4,551210,551195,551195,551189,550736
8,551360,551388,551388,551383,550930
6,551550,551581,551581,551578,551125
12,551750,551774,551774,551772,551319
7,551940,551967,551967,551966,551513
5,552160,552160,552160,552160,551707
9,552370,552353,552353,552354,551902
3,552560,552546,552546,552548,552096
10,552740,552739,552739,552742,552290
2,552920,552932,552932,552936,552484
1,553140,553125,553125,553130,552678
4,553330,553318,553318,553325,552873
11,553510,553511,553511,553519,553067
6,553720,553704,553704,553713,553261
8,553880,553898,553897,553907,553455
12,554110,554091,554090,554101,553650
5,554520,554480,554480,554464,554038
7,554680,554673,554673,554659,554232
3,554890,554867,554866,554854,554427
9,555100,555060,555059,555048,554621
2,555250,555253,555252,555243,554815
10,555460,555446,555445,555438,555009
4,555620,555639,555638,555632,555203
1,555840,555832,555831,555827,555398
6,556020,556025,556024,556022,555592
11,556160,556218,556218,556216,555786
8,556380,556411,556411,556411,555980
12,556570,556604,556604,556606,556175
5,556770,556797,556797,556800,556369
3,557010,556990,556990,556995,556563
7,557190,557184,557183,557190,556757
2,557400,557377,557376,557384,556952
9,557640,557570,557569,557579,557146
4,557770,557763,557762,557774,557340
10,557960,557956,557955,557968,557534
6,558130,558149,558149,558163,557729
1,558350,558342,558342,558358,557923
8,558500,558535,558535,558552,558117
11,558720,558728,558728,558747,558311
12,558940,558921,558921,558942,558505
3,559350,559313,559320,559312,558894
5,559530,559508,559514,559507,559088
2,559710,559703,559707,559702,559282
7,559880,559897,559901,559897,559477
4,560070,560092,560094,560092,559671
9,560290,560287,560288,560287,559865
6,560420,560481,560481,560482,560059
10,560670,560676,560675,560677,560254
8,560880,560871,560868,560872,560448
1,561070,561065,561062,561066,560642
11,561260,561260,561255,561261,560836
12,561440,561455,561449,561456,561030
3,561660,561649,561642,561651,561225
2,561860,561844,561836,561846,561419
5,562080,562039,562029,562041,561613
4,562310,562233,562223,562236,561807
7,562420,562428,562416,562431,562002
6,562600,562623,562610,562626,562196
9,562800,562817,562803,562821,562390
8,563020,563012,562997,563016,562584
10,563180,563207,563190,563210,562779
11,563410,563401,563384,563405,562973
1,563570,563596,563577,563600,563167
12,563810,563791,563771,563795,563361
2,564200,564174,564166,564154,563750
3,564420,564367,564360,564349,563944
4,564570,564561,564553,564544,564138
5,564760,564755,564747,564739,564332
6,564940,564948,564941,564935,564527
7,565110,565142,565135,565130,564721
8,565300,565335,565328,565325,564915
9,565510,565529,565522,565521,565109
11,565690,565722,565716,565716,565304
10,565910,565916,565909,565911,565498
1,566070,566109,566103,566107,565692
12,566320,566303,566297,566302,565886
2,566520,566497,566491,566497,566081
4,566700,566690,566684,566693,566275
3,566910,566884,566878,566888,566469
6,567110,567077,567072,567083,566663
5,567310,567271,567266,567278,566857
8,567440,567464,567459,567474,567052
7,567600,567658,567653,567669,567246
11,567850,567851,567847,567864,567440
9,568050,568045,568040,568060,567634
1,568200,568239,568234,568255,567829
10,568420,568432,568428,568450,568023
12,568680,568626,568622,568646,568217
4,569050,569025,569026,569020,568606
2,569250,569220,569220,569216,568800
6,569440,569415,569414,569411,568994
3,569630,569610,569608,569607,569188
8,569810,569805,569802,569803,569382
5,570010,570000,569997,569998,569577
11,570210,570195,570191,570194,569771
7,570320,570390,570385,570390,569965
1,570600,570585,570579,570586,570159
9,570750,570779,570773,570781,570354
10,570950,570974,570968,570977,570548
12,571160,571169,571162,571173,570742
4,571380,571364,571356,571368,570936
6,571590,571559,571550,571564,571131
2,571790,571754,571744,571760,571325
8,571930,571949,571939,571955,571519
3,572140,572144,572133,572151,571713
11,572360,572339,572327,572347,571908
5,572540,572534,572521,572542,572102
1,572760,572729,572715,572738,572296
7,572890,572924,572910,572934,572490
10,573100,573119,573104,573129,572684
9,573330,573314,573298,573325,572879
12,573500,573508,573492,573521,573073
6,573900,573900,573891,573891,573461
4,574120,574094,574085,574086,573656
8,574300,574288,574280,574281,573850
2,574480,574483,574474,574476,574044
11,574730,574677,574669,574671,574238
3,574870,574871,574863,574867,574433
1,575060,575065,575058,575062,574627
5,575280,575260,575252,575257,574821
10,575440,575454,575447,575452,575015
7,575600,575648,575641,575647,575209
9,575850,575842,575836,575842,575404
12,576020,576037,576030,576037,575598
6,576210,576231,576224,576233,575792
8,576430,576425,576419,576428,575986
4,576620,576619,576613,576623,576181
11,576850,576814,576808,576818,576375
2,576990,577008,577002,577013,576569
1,577210,577202,577197,577208,576763
3,577390,577396,577391,577403,576958
10,577580,577591,577586,577599,577152
5,577780,577785,577780,577794,577346
9,577990,577979,577975,577989,577540
7,578130,578173,578169,578184,577735
12,578410,578368,578364,578379,577929
8,578740,578757,578747,578741,578317
6,578950,578950,578942,578936,578511
11,579170,579143,579136,579130,578706
4,579350,579336,579330,579325,578900
1,579550,579530,579525,579520,579094
2,579740,579723,579719,579714,579288
10,579950,579916,579913,579909,579483
3,580090,580109,580107,580103,579677
9,580290,580302,580302,580298,579871
5,580480,580496,580496,580493,580065
7,580610,580689,580690,580687,580260
12,580840,580882,580884,580882,580454
8,581050,581075,581079,581076,580648
11,581320,581269,581273,581271,580842
6,581500,581462,581467,581466,581036
1,581660,581655,581662,581660,581231
4,581870,581848,581856,581855,581425
10,582060,582042,582050,582050,581619
2,582260,582235,582244,582244,581813
9,582460,582428,582439,582439,582008
3,582620,582621,582633,582633,582202
7,582750,582815,582827,582828,582396
5,582990,583008,583021,583023,582590
12,583200,583201,583216,583217,582785
11,583610,583591,583594,583582,583173
8,583800,583784,583788,583777,583367
1,583970,583978,583982,583971,583561
6,584170,584172,584176,584165,583756
10,584360,584365,584370,584360,583950
4,584570,584559,584564,584554,584144
9,584770,584752,584757,584748,584338
2,584920,584946,584951,584943,584533
7,585140,585140,585145,585137,584727
3,585350,585333,585339,585331,584921
5,585500,585527,585533,585526,585115
12,585670,585720,585727,585720,585310
11,585920,585914,585921,585914,585504
1,586060,586108,586115,586109,585698
8,586320,586301,586309,586303,585892
10,586490,586495,586503,586497,586087
6,586670,586689,586697,586692,586281
9,586930,586882,586891,586886,586475
4,587100,587076,587085,587080,586669
7,587260,587269,587279,587274,586863
2,587440,587463,587473,587469,587058
5,587650,587657,587667,587663,587252
3,587880,587850,587861,587857,587446
12,588060,588044,588055,588052,587640
1,588420,588427,588430,588417,588029
11,588670,588620,588623,588611,588223
10,588840,588813,588817,588805,588417
8,589020,589007,589010,588999,588612
9,589180,589200,589204,589193,588806
6,589390,589393,589398,589386,589000
7,589510,589586,589591,589580,589194
4,589770,589779,589785,589774,589388
5,589960,589972,589978,589968,589583
2,590130,590166,590172,590162,589777
3,590370,590359,590365,590356,589971
12,590540,590552,590559,590550,590165
1,590720,590745,590753,590744,590360
10,590930,590938,590946,590937,590554
11,591160,591131,591140,591131,590748
9,591340,591324,591333,591325,590942
8,591540,591518,591527,591519,591137
7,591650,591711,591721,591713,591331
6,591890,591904,591914,591907,591525
5,592110,592097,592108,592101,591719
4,592330,592290,592301,592295,591914
3,592480,592483,592495,592489,592108
2,592660,592677,592689,592682,592302
12,592910,592870,592882,592876,592496
10,593240,593246,593253,593242,592885
1,593440,593439,593447,593435,593079
11,593640,593632,593640,593628,593273
8,593790,593825,593833,593821,593467
9,593990,594018,594026,594014,593662
6,594170,594211,594219,594208,593856
7,594370,594404,594412,594401,594050
4,594630,594598,594606,594594,594244
5,594830,594791,594799,594787,594439
2,595010,594984,594992,594980,594633
3,595200,595177,595185,595173,594827
12,595340,595370,595378,595366,595021
10,595520,595563,595571,595559,595215
11,595740,595756,595765,595753,595410
1,595950,595949,595958,595946,595604
9,596130,596143,596151,596139,595798
8,596300,596336,596344,596332,595992
7,596490,596529,596537,596525,596187
6,596680,596722,596730,596718,596381
5,596930,596915,596924,596911,596575
4,597180,597108,597117,597105,596769
3,597330,597301,597310,597298,596964
2,597510,597494,597503,597491,597158
12,597700,597688,597696,597684,597352
11,598040,598055,598058,598033,597740
10,598260,598246,598251,598226,597935
9,598450,598438,598443,598419,598129
1,598620,598630,598636,598612,598323
7,598810,598822,598828,598806,598517
8,598980,599013,599021,598999,598712
5,599200,599205,599213,599192,598906
6,599350,599397,599406,599385,599100
3,599560,599589,599598,599579,599294
4,599740,599781,599791,599772,599489
2,599960,599972,599983,599965,599683
12,600170,600164,600176,600158,599877
11,600350,600356,600368,600352,600071
9,600570,600548,600561,600545,600266
10,600780,600739,600753,600738,600460
7,600890,600931,600946,600931,600654
1,601090,601123,601138,601125,600848
5,601350,601315,601331,601318,601042
8,601510,601507,601523,601511,601237
3,601700,601698,601716,601704,601431
6,601880,601890,601908,601898,601625
2,602090,602082,602101,602091,601819
4,602260,602274,602293,602284,602014
12,602510,602465,602486,602477,602208
9,602850,602850,602868,602847,602596
11,603080,603044,603060,603041,602791
7,603210,603237,603253,603235,602985
10,603460,603431,603445,603429,603179
5,603640,603625,603638,603623,603373
1,603830,603818,603830,603817,603567
3,604000,604012,604022,604011,603762
8,604180,604206,604215,604205,603956
2,604380,604400,604407,604399,604150
6,604590,604593,604600,604593,604344
4,604780,604787,604792,604787,604539
12,604940,604981,604985,604981,604733
9,605160,605174,605177,605174,604927
7,605350,605368,605370,605368,605121
11,605560,605562,605562,605562,605316
5,605780,605755,605755,605756,605510
10,605960,605949,605947,605950,605704
3,606110,606143,606140,606144,605898
1,606330,606336,606332,606338,606093
2,606510,606530,606525,606532,606287
8,606740,606724,606717,606726,606481
4,606960,606917,606909,606920,606675
6,607140,607111,607102,607114,606869
12,607320,607305,607294,607308,607064
7,607700,607682,607686,607672,607452
9,607870,607876,607879,607866,607646
5,608070,608069,608071,608060,607841
11,608260,608262,608264,608254,608035
3,608440,608456,608457,608449,608229
10,608660,608649,608649,608643,608423
2,608830,608843,608842,608837,608618
1,609070,609036,609035,609031,608812
4,609210,609230,609227,609226,609006
8,609420,609423,609420,609420,609200
6,609560,609616,609613,609614,609394
12,609790,609810,609805,609808,609589
7,609960,610003,609998,610003,609783
5,610200,610197,610191,610197,609977
9,610410,610390,610383,610391,610171
3,610590,610583,610576,610585,610366
11,610810,610777,610769,610780,610560
2,611000,610970,610961,610974,610754
10,611160,611164,611154,611168,610948
4,611380,611357,611347,611362,611143
1,611570,611551,611539,611557,611337
6,611730,611744,611732,611751,611531
8,611890,611937,611925,611945,611725
12,612150,612131,612118,612139,611919
5,612550,612518,612514,612505,612308
7,612710,612711,612707,612700,612502
3,612910,612904,612900,612894,612696
9,613060,613097,613093,613089,612891
2,613270,613290,613286,613283,613085
11,613530,613484,613479,613478,613279
4,613730,613677,613672,613672,613473
10,613880,613870,613865,613866,613668
6,614050,614063,614058,614061,613862
1,614280,614256,614251,614255,614056
8,614400,614449,614444,614450,614250
12,614600,614643,614637,614644,614445
5,614820,614836,614830,614838,614639
3,615070,615029,615023,615033,614833
7,615220,615222,615216,615227,615027
2,615420,615415,615409,615422,615221
9,615600,615609,615602,615616,615416
4,615880,615802,615795,615811,615610
11,616020,615995,615988,616005,615804
6,616180,616188,616181,616199,615998
10,616360,616381,616374,616394,616193
8,616550,616575,616567,616588,616387
1,616750,616768,616760,616783,616581
12,616950,616961,616953,616977,616775
3,617380,617347,617349,617341,617164
5,617540,617541,617542,617536,617358
2,617740,617735,617735,617730,617552
7,617910,617929,617928,617925,617746
4,618110,618123,618122,618119,617941
9,618330,618316,618315,618314,618135
6,618520,618510,618508,618508,618329
11,618710,618704,618702,618703,618523
8,618860,618898,618895,618897,618718
10,619070,619092,619088,619092,618912
1,619240,619286,619281,619286,619106
12,619470,619480,619475,619481,619300
3,619690,619674,619668,619675,619495
2,619890,619868,619861,619870,619689
5,620100,620062,620055,620064,619883
4,620290,620256,620248,620259,620077
7,620460,620450,620441,620453,620272
6,620680,620644,620634,620648,620466
9,620860,620838,620828,620842,620660
8,621010,621032,621021,621037,620854
11,621240,621226,621214,621231,621048
1,621320,621419,621408,621426,621243
10,621600,621613,621601,621620,621437
12,621850,621807,621794,621815,621631
2,622220,622192,622188,622175,622020
3,622410,622386,622381,622370,622214
4,622610,622579,622575,622565,622408
5,622790,622773,622768,622760,622602
6,622940,622966,622962,622955,622797
7,623140,623160,623155,623150,622991
8,623340,623353,623349,623345,623185
9,623540,623546,623542,623540,623379
1,623680,623740,623736,623735,623573
11,623960,623933,623929,623930,623768
10,624100,624127,624123,624125,623962
12,624320,624320,624316,624320,624156
2,624510,624514,624509,624515,624350
4,624760,624707,624703,624710,624545
3,624910,624901,624896,624905,624739
6,625110,625094,625090,625100,624933
5,625290,625288,625283,625295,625127
8,625490,625481,625477,625490,625322
7,625680,625675,625670,625685,625516
1,625840,625868,625864,625880,625710
9,626020,626061,626057,626075,625904
10,626230,626255,626251,626271,626098
11,626460,626448,626444,626466,626293
12,626680,626642,626638,626661,626487
4,627060,627036,627040,627032,626875
2,627270,627231,627233,627228,627070
6,627450,627426,627427,627423,627264
3,627620,627621,627621,627619,627458
8,627820,627816,627815,627814,627652
5,628000,628010,628009,628009,627847
1,628190,628205,628203,628205,628041
7,628400,628400,628397,628400,628235
10,628610,628595,628591,628596,628429
9,628790,628790,628785,628791,628624
11,628950,628985,628979,628986,628818
12,629180,629179,629173,629182,629012
4,629370,629374,629367,629377,629206
6,629580,629569,629560,629573,629400
2,629780,629764,629754,629768,629595
8,629920,629959,629948,629964,629789
3,630150,630154,630142,630159,629983
1,630340,630348,630336,630354,630177
5,630540,630543,630530,630550,630372
10,630770,630738,630724,630745,630566
7,630940,630933,630918,630941,630760
11,631100,631128,631112,631136,630954
9,631340,631323,631306,631331,631149
12,631540,631517,631500,631527,631343
6,631910,631902,631898,631899,631731
4,632120,632097,632093,632094,631925
8,632310,632291,632287,632289,632120
2,632470,632486,632481,632484,632314
1,632680,632681,632675,632679,632508
3,632870,632875,632870,632873,632702
10,633090,633070,633064,633068,632897
5,633250,633264,633258,633263,633091
11,633450,633459,633452,633458,633285
7,633620,633653,633647,633653,633479
9,633860,633848,633841,633847,633674
12,634050,634042,634035,634042,633868
6,634200,634237,634229,634237,634062
8,634440,634431,634423,634432,634256
4,634650,634626,634618,634627,634451
1,634820,634820,634812,634821,634645
2,635010,635015,635006,635016,634839
10,635210,635209,635200,635211,635033
3,635380,635404,635395,635406,635227
11,635570,635599,635589,635601,635422
5,635800,635793,635783,635795,635616
9,636010,635988,635977,635990,635810
7,636160,636182,636172,636185,636004
12,636420,636377,636366,636380,636199
8,636760,636753,636746,636741,636587
6,636940,636946,636940,636934,636781
1,637150,637139,637134,637128,636976
4,637350,637332,637328,637322,637170
10,637550,637525,637522,637516,637364
2,637720,637718,637716,637710,637558
11,637910,637911,637909,637904,637752
3,638090,638104,638103,638098,637947
9,638250,638297,638297,638292,638141
5,638450,638490,638491,638486,638335
7,638640,638683,638685,638680,638529
12,638860,638877,638879,638874,638724
8,639030,639070,639073,639068,638918
1,639240,639263,639267,639262,639112
6,639480,639456,639461,639456,639306
10,639680,639649,639655,639650,639501
4,639890,639842,639849,639844,639695
11,640040,640035,640043,640037,639889
2,640230,640228,640237,640231,640083
9,640440,640421,640431,640425,640278
3,640620,640614,640625,640619,640472
7,640770,640807,640819,640813,640666
5,641000,641000,641013,641007,640860
12,641210,641194,641207,641201,641054
1,641590,641571,641576,641556,641443
8,641750,641764,641770,641751,641637
6,641960,641957,641963,641945,641831
4,642190,642150,642157,642139,642026
10,642350,642343,642350,642333,642220
2,642510,642536,642543,642527,642414
11,642760,642729,642737,642721,642608
3,642870,642922,642930,642915,642803
9,643100,643115,643124,643109,642997
5,643280,643307,643317,643303,643191
7,643470,643500,643511,643497,643385
12,643660,643693,643704,643691,643579
1,643870,643886,643898,643885,643774
6,644080,644079,644091,644079,643968
8,644270,644272,644284,644273,644162
10,644470,644465,644478,644467,644356
4,644620,644658,644671,644661,644551
11,644870,644851,644865,644855,644745
2,645060,645044,645058,645049,644939
9,645280,645237,645252,645243,645133
3,645430,645430,645445,645437,645328
7,645630,645623,645639,645631,645522
5,645810,645816,645832,645825,645716
12,646030,646009,646025,646019,645910
6,646420,646396,646406,646389,646299
1,646610,646589,646599,646583,646493
8,646800,646783,646793,646778,646687
4,646990,646977,646986,646972,646881
10,647160,647170,647179,647166,647076
2,647350,647364,647372,647361,647270
11,647570,647558,647566,647555,647464
3,647730,647751,647759,647749,647658
9,647930,647945,647952,647944,647853
5,648120,648139,648146,648138,648047
7,648300,648333,648339,648333,648241
12,648520,648526,648532,648527,648435
6,648700,648720,648725,648721,648630
8,648930,648914,648919,648916,648824
1,649120,649107,649112,649110,649018
10,649290,649301,649305,649304,649212
4,649530,649495,649498,649499,649406
11,649690,649688,649692,649693,649601
2,649890,649882,649885,649888,649795
9,650110,650076,650078,650082,649989
3,650270,650269,650272,650276,650183
7,650460,650463,650465,650471,650378
5,650640,650657,650658,650665,650572
12,650850,650850,650851,650859,650766
8,651220,651230,651237,651220,651155
6,651430,651424,651430,651415,651349
10,651640,651618,651623,651609,651543
1,651790,651812,651817,651804,651737
11,652010,652005,652010,651998,651931
4,652220,652199,652203,652193,652126
9,652410,652393,652396,652388,652320
2,652550,652587,652590,652582,652514
7,652760,652781,652783,652777,652708
3,652980,652974,652976,652971,652903
5,653140,653168,653170,653166,653097
12,653350,653362,653363,653361,653291
8,653520,653556,653556,653555,653485
10,653740,653750,653749,653750,653680
6,653950,653944,653943,653944,653874
11,654140,654137,654136,654139,654068
1,654360,654331,654329,654334,654262
9,654560,654525,654522,654528,654457
4,654740,654719,654716,654723,654651
7,654890,654913,654909,654917,654845
2,655100,655106,655102,655112,655039
5,655290,655300,655296,655307,655233
3,655490,655494,655489,655501,655428
12,655710,655688,655682,655696,655622
10,656090,656071,656076,656069,656010
8,656280,656266,656270,656263,656205
11,656450,656460,656463,656458,656399
6,656650,656654,656657,656652,656593
9,656880,656849,656850,656847,656787
1,657060,657043,657044,657041,656982
7,657210,657237,657237,657236,657176
4,657470,657431,657431,657430,657370
5,657620,657626,657624,657625,657564
2,657780,657820,657818,657820,657758
3,658010,658014,658011,658014,657953
12,658160,658208,658205,658209,658147
10,658400,658403,658398,658403,658341
11,658600,658597,658592,658598,658535
8,658770,658791,658785,658792,658730
9,658990,658986,658979,658987,658924
6,659160,659180,659172,659181,659118
7,659340,659374,659366,659376,659312
1,659570,659568,659559,659570,659507
5,659790,659763,659753,659765,659701
4,660000,659957,659946,659959,659895
3,660160,660151,660140,660154,660089
2,660350,660346,660333,660348,660283
12,660550,660540,660527,660543,660478
11,660910,660911,660912,660901,660866
10,661110,661104,661106,661095,661060
9,661310,661298,661299,661289,661255
8,661500,661492,661493,661484,661449
7,661630,661686,661686,661678,661643
6,661860,661880,661880,661872,661837
5,662070,662073,662073,662067,662032
1,662270,662267,662267,662261,662226
3,662440,662461,662460,662456,662420
4,662640,662655,662654,662650,662614
2,662850,662848,662847,662844,662809
12,663040,663042,663041,663039,663003
11,663220,663236,663234,663233,663197
9,663450,663430,663428,663427,663391
10,663640,663624,663621,663622,663585
7,663780,663817,663815,663816,663780
8,664000,664011,664008,664010,663974
5,664190,664205,664202,664205,664168
6,664400,664399,664395,664399,664362
3,664580,664592,664589,664594,664557
1,664780,664786,664782,664788,664751
2,664990,664980,664976,664982,664945
4,665170,665174,665169,665177,665139
12,665430,665367,665363,665371,665334
9,665760,665742,665750,665734,665722
11,665970,665937,665944,665929,665916
7,666100,666131,666137,666124,666110
10,666320,666325,666331,666318,666305
5,666500,666520,666525,666513,666499
8,666740,666714,666718,666708,666693
3,666890,666908,666912,666903,666887
6,667040,667103,667105,667098,667082
2,667270,667297,667299,667293,667276
1,667480,667491,667492,667488,667470
4,667660,667686,667686,667683,667664
12,667850,667880,667880,667878,667859
9,668120,668074,668073,668073,668053
7,668250,668269,668267,668268,668247
11,668490,668463,668460,668463,668441
5,668690,668657,668654,668658,668636
10,668860,668852,668847,668853,668830
3,669040,669046,669041,669048,669024
8,669260,669240,669234,669242,669218
2,669420,669435,669428,669437,669412
6,669620,669629,669622,669632,669607
4,669860,669823,669815,669827,669801
1,670020,670018,670009,670022,669995
12,670200,670212,670202,670217,670189
7,670590,670594,670599,670592,670578
9,670810,670789,670792,670787,670772
5,670990,670984,670986,670982,670966
11,671210,671178,671180,671177,671161
3,671390,671373,671374,671372,671355
10,671550,671567,671568,671567,671549
2,671750,671762,671762,671762,671743
8,672000,671957,671956,671957,671937
4,672170,672151,672149,672151,672132
6,672330,672346,672343,672346,672326
1,672540,672541,672537,672541,672520
12,672720,672735,672731,672736,672714
7,672850,672930,672925,672931,672909
5,673110,673125,673119,673126,673103
9,673320,673319,673312,673321,673297
3,673520,673514,673506,673516,673491
11,673700,673709,673700,673711,673686
2,673890,673903,673894,673906,673880
10,674090,674098,674088,674101,674074
4,674330,674293,674282,674296,674268
8,674500,674487,674475,674491,674462
1,674700,674682,674669,674686,674657
6,674850,674876,674863,674881,674851
12,675100,675071,675057,675076,675045
5,675400,675443,675445,675434,675434
7,675640,675637,675639,675629,675628
3,675830,675831,675833,675823,675822
9,676030,676025,676026,676018,676016
2,676210,676220,676220,676213,676211
11,676420,676414,676414,676408,676405
4,676600,676608,676608,676603,676599
10,676790,676802,676802,676797,676793
1,677000,676996,676996,676992,676988
8,677220,677190,677190,677187,677182
6,677380,677385,677383,677382,677376
12,677550,677579,677577,677576,677570
5,677750,677773,677771,677771,677764
3,677980,677967,677965,677966,677959
7,678160,678161,678159,678161,678153
2,678370,678355,678353,678355,678347
9,678570,678549,678547,678550,678541
4,678770,678744,678741,678745,678736
11,678960,678938,678934,678940,678930
1,679110,679132,679128,679134,679124
10,679300,679326,679322,679329,679318
6,679480,679520,679516,679524,679513
8,679710,679714,679710,679719,679707
12,679940,679909,679904,679914,679901
3,680290,680285,680293,680281,680289
5,680500,680480,680487,680476,680484
2,680690,680675,680681,680671,680678
7,680850,680869,680875,680866,680872
4,681040,681064,681069,681061,681066
9,681240,681259,681263,681256,681261
1,681450,681453,681456,681451,681455
11,681660,681648,681650,681646,681649
6,681870,681843,681844,681841,681843
10,682020,682037,682038,682036,682038
8,682200,682232,682232,682231,682232
12,682380,682426,682426,682426,682426
3,682610,682621,682620,682621,682620
2,682820,682816,682814,682816,682815
5,683030,683010,683008,683011,683009
4,683230,683205,683202,683206,683203
7,683440,683400,683396,683401,683397
1,683620,683594,683590,683596,683591
9,683780,683789,683784,683791,683786
6,683980,683984,683978,683986,683980
11,684160,684178,684172,684181,684174
8,684340,684373,684366,684376,684368
10,684580,684568,684560,684571,684563
12,684780,684762,684753,684766,684757
2,685160,685141,685143,685132,685145
3,685330,685335,685337,685327,685340
4,685550,685530,685531,685522,685534
5,685730,685724,685725,685717,685728
1,685940,685918,685919,685912,685922
7,686100,686112,686113,686108,686116
6,686310,686306,686307,686303,686311
9,686520,686501,686501,686498,686505
8,686700,686695,686695,686693,686699
11,686890,686889,686889,686888,686893
10,687050,687083,687083,687083,687088
12,687280,687278,687277,687278,687282
2,687440,687472,687471,687473,687476
4,687660,687666,687665,687668,687670
3,687850,687860,687859,687863,687865
1,688070,688054,688053,688058,688059
5,688230,688249,688247,688253,688253
6,688450,688443,688441,688448,688447
7,688650,688637,688635,688643,688641
8,688800,688831,688829,688838,688836
9,689010,689026,689023,689033,689030
10,689220,689220,689217,689228,689224
11,689410,689414,689411,689424,689418
12,689660,689608,689605,689619,689613
4,690010,689994,689995,689988,690001
2,690230,690188,690189,690183,690195
1,690420,690382,690383,690377,690390
3,690570,690576,690577,690572,690584
6,690740,690770,690771,690767,690778
5,690960,690964,690965,690962,690972
8,691180,691158,691159,691156,691167
7,691330,691352,691353,691351,691361
10,691540,691546,691547,691546,691555
9,691730,691740,691741,691741,691749
11,691930,691934,691935,691935,691943
12,692150,692128,692129,692130,692138
4,692330,692322,692323,692325,692332
1,692530,692516,692517,692520,692526
2,692720,692710,692711,692714,692720
6,692920,692904,692905,692909,692915
3,693070,693098,693099,693104,693109
8,693260,693292,693293,693299,693303
5,693520,693486,693487,693493,693497
10,693670,693680,693681,693688,693692
7,693850,693874,693875,693883,693886
11,694080,694068,694069,694078,694080
9,694250,694262,694263,694272,694274
12,694470,694456,694457,694467,694468
1,694850,694833,694839,694824,694857
4,695040,695027,695033,695019,695051
2,695230,695221,695227,695213,695245
3,695450,695415,695420,695408,695440
6,695570,695609,695614,695603,695634
5,695790,695803,695808,695798,695828
8,695980,695997,696002,695992,696022
7,696160,696192,696196,696187,696217
10,696370,696386,696390,696382,696411
9,696580,696580,696584,696577,696605
11,696750,696774,696777,696772,696799
12,696970,696968,696971,696966,696994
1,697160,697162,697165,697161,697188
2,697360,697356,697359,697356,697382
4,697570,697550,697553,697551,697576
6,697750,697744,697747,697745,697770
3,697950,697938,697941,697940,697965
8,698130,698132,698134,698135,698159
5,698340,698326,698328,698330,698353
10,698520,698520,698522,698525,698547
7,698690,698714,698716,698719,698742
11,698880,698908,698910,698914,698936
9,699100,699102,699104,699109,699130
12,699340,699296,699298,699304,699324
2,699720,699682,699687,699673,699713
1,699910,699876,699881,699868,699907
4,700090,700070,700074,700064,700101
3,700290,700265,700268,700259,700295
6,700440,700459,700462,700454,700490
5,700650,700653,700656,700649,700684
8,700850,700847,700850,700844,700878
7,701030,701041,701044,701039,701072
10,701210,701236,701238,701234,701267
9,701400,701430,701432,701430,701461
11,701590,701624,701626,701625,701655
12,701810,701818,701819,701820,701849
2,701990,702013,702013,702015,702044
4,702250,702207,702207,702210,702238
1,702420,702401,702401,702405,702432
6,702600,702595,702595,702601,702626
3,702780,702790,702789,702796,702820
8,702980,702984,702983,702991,703015
5,703210,703178,703177,703186,703209
10,703380,703372,703371,703381,703403
7,703590,703566,703564,703576,703597
11,703710,703761,703758,703771,703792
9,703950,703955,703952,703967,703986
12,704170,704149,704146,704162,704180
4,704540,704536,704538,704531,704569
2,704750,704731,704732,704726,704763
6,704930,704925,704926,704921,704957
1,705160,705119,705120,705115,705151
8,705340,705313,705314,705310,705346
3,705540,705508,705508,705505,705540
10,705680,705702,705702,705700,705734
5,705910,705896,705896,705895,705928
11,706050,706091,706090,706090,706122
7,706220,706285,706284,706285,706317
9,706470,706479,706478,706480,706511
12,706670,706673,706672,706675,706705
4,706910,706868,706866,706870,706899
6,707070,707062,707060,707065,707094
2,707270,707256,707254,707260,707288
8,707420,707451,707448,707455,707482
1,707640,707645,707642,707650,707676
10,707830,707839,707836,707845,707871
3,708050,708033,708030,708040,708065
11,708220,708228,708224,708235,708259
5,708430,708422,708418,708430,708453
9,708640,708616,708612,708624,708647
7,708780,708811,708806,708819,708842
12,709020,709005,709000,709014,709036
6,709420,709389,709386,709376,709424
4,709600,709582,709580,709571,709619
8,709770,709776,709774,709766,709813
2,709950,709969,709968,709961,710007
10,710220,710163,710162,710155,710201
1,710360,710357,710356,710350,710396
11,710590,710550,710550,710545,710590
3,710730,710744,710744,710739,710784
9,710910,710937,710938,710934,710978
5,711100,711131,711132,711129,711173
7,711310,711325,711326,711324,711367
12,711520,711518,711520,711518,711561
6,711670,711712,711714,711713,711755
8,711910,711905,711908,711908,711949
4,712090,712099,712101,712103,712144
10,712300,712293,712295,712297,712338
2,712460,712486,712489,712492,712532
11,712680,712680,712683,712687,712726
1,712920,712874,712877,712882,712921
9,713050,713067,713071,713076,713115
3,713240,713261,713265,713271,713309
7,713430,713454,713459,713466,713503
5,713650,713648,713653,713661,713698
12,713900,713842,713847,713855,713892
8,714240,714225,714233,714220,714280
6,714420,714420,714427,714415,714474
10,714630,714614,714621,714610,714669
4,714800,714809,714815,714804,714863
11,715020,715003,715008,714999,715057
2,715200,715197,715202,715194,715251
9,715390,715392,715396,715389,715446
1,715620,715586,715590,715584,715640
7,715760,715781,715784,715779,715834
3,715980,715975,715978,715974,716028
5,716120,716169,716172,716169,716223
12,716330,716364,716366,716363,716417
8,716500,716558,716560,716558,716611
10,716730,716752,716753,716753,716805
6,716940,716947,716947,716948,716999
11,717140,717141,717141,717143,717194
4,717380,717336,717335,717338,717388
9,717570,717530,717529,717533,717582
2,717730,717724,717723,717728,717776
7,717900,717919,717917,717922,717971
1,718150,718113,718111,718117,718165
5,718300,718308,718305,718312,718359
3,718500,718502,718499,718507,718553
12,718710,718696,718692,718702,718748
10,719080,719078,719081,719077,719136
8,719260,719272,719275,719271,719330
11,719440,719466,719469,719465,719525
6,719690,719660,719662,719660,719719
9,719870,719854,719856,719854,719913
4,720070,720049,720050,720048,720107
7,720280,720243,720244,720242,720301
2,720430,720437,720438,720437,720496
5,720620,720631,720632,720631,720690
1,720830,720826,720826,720825,720884
3,721010,721020,721020,721019,721078
12,721180,721214,721214,721214,721273
10,721390,721408,721408,721408,721467
11,721560,721603,721602,721602,721661
8,721780,721797,721796,721796,721855
9,722010,721991,721990,721991,722050
6,722180,722185,722184,722185,722244
7,722390,722380,722377,722379,722438
4,722590,722574,722571,722573,722632
5,722770,722768,722765,722768,722826
2,722930,722962,722959,722962,723021
3,723160,723156,723153,723156,723215
1,723370,723351,723347,723351,723409
12,723570,723545,723541,723545,723603
11,723910,723913,723912,723898,723992
10,724100,724106,724105,724091,724186
9,724290,724298,724299,724285,724380
8,724510,724491,724492,724479,724575
7,724640,724684,724686,724672,724769
6,724890,724876,724879,724866,724963
5,725060,725069,725073,725060,725157
4,725280,725262,725266,725253,725352
3,725410,725454,725460,725447,725546
2,725610,725647,725653,725641,725740
1,725830,725840,725846,725834,725934
12,726040,726032,726040,726028,726128
11,726210,726225,726233,726222,726323
9,726440,726418,726427,726416,726517
10,726620,726610,726620,726609,726711
7,726750,726803,726814,726803,726905
8,727000,726996,727007,726997,727100
5,727200,727189,727201,727190,727294
6,727400,727381,727394,727384,727488
3,727560,727574,727587,727578,727682
4,727770,727767,727781,727771,727877
1,727960,727959,727974,727965,728071
2,728150,728152,728168,728159,728265
12,728370,728345,728361,728352,728459
9,728730,728721,728736,728712,728848
11,728920,728915,728929,728906,729042
7,729060,729109,729122,729100,729236
10,729340,729302,729315,729295,729430
5,729520,729496,729508,729489,729625
8,729680,729690,729701,729684,729819
3,729880,729883,729894,729878,730013
6,730010,730077,730088,730072,730207
1,730290,730271,730281,730267,730402
4,730450,730464,730474,730461,730596
2,730640,730658,730667,730655,730790
12,730840,730852,730860,730850,730984
9,731050,731045,731053,731044,731179
7,731200,731239,731246,731239,731373
11,731420,731433,731439,731433,731567
5,731650,731626,731633,731627,731761
10,731860,731820,731826,731822,731955
3,732040,732013,732019,732016,732150
8,732200,732207,732212,732211,732344
1,732400,732401,732405,732405,732538
6,732580,732594,732598,732599,732732
2,732760,732788,732791,732794,732927
4,733000,732982,732985,732988,733121
12,733210,733175,733178,733183,733315
7,733560,733556,733570,733555,733704
9,733780,733751,733763,733750,733898
5,733960,733946,733956,733944,734092
11,734130,734141,734150,734139,734286
3,734340,734335,734343,734334,734480
10,734550,734530,734536,734529,734675
1,734760,734725,734730,734724,734869
8,734880,734919,734923,734919,735063
2,735090,735114,735116,735114,735257
6,735320,735309,735310,735309,735452
4,735520,735503,735503,735504,735646
12,735660,735698,735696,735698,735840
7,735850,735893,735890,735893,736034
5,736080,736088,736083,736088,736229
9,736270,736282,736276,736283,736423
3,736470,736477,736470,736478,736617
11,736650,736672,736663,736673,736811
1,736880,736866,736856,736868,737005
10,737030,737061,737050,737063,737200
2,737240,737256,737243,737257,737394
8,737450,737450,737437,737452,737588
4,737690,737645,737630,737647,737782
6,737890,737840,737823,737842,737977
12,738050,738035,738017,738037,738171
5,738460,738411,738411,738402,738559
7,738620,738605,738605,738597,738754
3,738790,738799,738798,738792,738948
9,738950,738993,738992,738987,739142
1,739200,739187,739185,739182,739336
11,739360,739381,739379,739376,739531
2,739610,739575,739573,739571,739725
10,739740,739770,739766,739766,739919
4,739940,739964,739960,739961,740113
8,740140,740158,740153,740156,740307
6,740330,740352,740347,740350,740502
12,740520,740546,740541,740545,740696
5,740730,740740,740734,740740,740890
3,740980,740934,740928,740935,741084
7,741140,741128,741121,741129,741279
1,741350,741322,741315,741324,741473
9,741520,741516,741508,741519,741667
2,741690,741710,741702,741714,741861
11,741900,741904,741896,741909,742056
4,742160,742098,742089,742103,742250
10,742300,742293,742283,742298,742444
6,742470,742487,742476,742493,742638
8,742650,742681,742670,742688,742832
12,742870,742875,742864,742883,743027
3,743290,743256,743255,743243,743415
5,743470,743450,743449,743438,743609
1,743680,743644,743643,743633,743804
7,743830,743838,743836,743828,743998
2,744050,744031,744030,744023,744192
9,744220,744225,744224,744218,744386
4,744390,744419,744418,744413,744581
11,744590,744613,744611,744608,744775
6,744810,744807,744805,744803,744969
10,745000,745001,744999,744999,745163
8,745170,745195,745192,745194,745358
12,745350,745388,745386,745389,745552
3,745550,745582,745580,745584,745746
1,745770,745776,745774,745779,745940
5,745990,745970,745967,745974,746134
2,746180,746164,746161,746169,746329
7,746360,746358,746355,746364,746523
4,746590,746552,746548,746559,746717
9,746740,746745,746742,746754,746911
6,746960,746939,746936,746949,747106
11,747120,747133,747129,747145,747300
8,747300,747327,747323,747340,747494
10,747520,747521,747517,747535,747688
12,747740,747715,747711,747730,747883
1,748120,748107,748109,748105,748271
3,748310,748302,748303,748300,748465
2,748530,748497,748497,748495,748659
5,748720,748691,748691,748690,748854
4,748940,748886,748885,748885,749048
7,749070,749080,749079,749080,749242
6,749240,749275,749273,749275,749436
9,749460,749469,749467,749471,749631
8,749670,749664,749661,749666,749825
11,749830,749858,749855,749861,750019
10,750030,750053,750049,750056,750213
12,750240,750247,750243,750251,750408
1,750440,750442,750437,750446,750602
2,750650,750636,750631,750641,750796
3,750860,750831,750825,750836,750990
4,751090,751025,751019,751031,751184
5,751230,751220,751213,751226,751379
6,751440,751414,751407,751421,751573
7,751600,751609,751601,751616,751767
8,751790,751803,751795,751811,751961
9,751990,751998,751989,752006,752156
10,752160,752192,752183,752201,752350
11,752340,752387,752377,752397,752544
12,752610,752581,752571,752592,752738
1,752980,752961,752960,752948,753127
2,753190,753155,753154,753143,753321
3,753390,753349,753348,753338,753515
4,753510,753543,753542,753533,753710
5,753750,753737,753736,753728,753904
6,753930,753931,753930,753923,754098
7,754110,754125,754124,754118,754292
8,754290,754319,754318,754313,754486
9,754490,754513,754512,754508,754681
10,754680,754706,754706,754703,754875
11,754870,754900,754900,754898,755069
12,755120,755094,755094,755093,755263
1,755280,755288,755288,755288,755458
2,755490,755482,755482,755483,755652
3,755680,755676,755676,755679,755846
4,755860,755870,755870,755874,756040
5,756080,756064,756064,756069,756235
6,756260,756258,756258,756264,756429
7,756450,756452,756452,756459,756623
8,756590,756645,756646,756654,756817
9,756840,756839,756840,756849,757011
10,757020,757033,757034,757044,757206
11,757240,757227,757228,757239,757400
12,757480,757421,757422,757434,757594
1,757840,757806,757816,757810,757983
2,758050,758001,758010,758005,758177
3,758210,758196,758204,758200,758371
4,758400,758392,758399,758395,758565
5,758600,758587,758593,758590,758760
6,758780,758783,758787,758785,758954
7,758940,758978,758981,758980,759148
8,759110,759173,759176,759175,759342
9,759320,759369,759370,759370,759537
10,759530,759564,759564,759565,759731
11,759740,759760,759758,759760,759925
12,759980,759955,759953,759955,760119
1,760170,760150,760147,760150,760313
2,760360,760346,760341,760346,760508
3,760560,760541,760535,760541,760702
4,760720,760737,760730,760736,760896
5,760940,760932,760924,760931,761090
6,761140,761127,761118,761126,761285
7,761310,761323,761312,761321,761479
8,761450,761518,761506,761516,761673
9,761680,761714,761701,761711,761867
10,761880,761909,761895,761906,762062
11,762110,762104,762089,762101,762256
12,762450,762300,762283,762296,762450
