Bell No,Actual Time,Contest Model,HawkEar Model,RWP Model,Metronomic Model
1,50370,50370,50370,50566.1,50370
2,50670,50582.6,50582.6,50766.9,50564.9
3,50820,50795.2,50795.2,50967.7,50759.8
4,51090,51007.8,51007.8,51168.5,50954.8
5,51310,51220.4,51220.4,51369.3,51149.7
6,51520,51433,51433,51570.1,51344.6
7,51750,51645.7,51645.7,51770.9,51539.5
8,51980,51858.3,51858.3,51971.8,51734.4
9,52150,52070.9,52070.9,52172.6,51929.4
10,52410,52283.5,52283.5,52373.4,52124.3
11,52530,52496.1,52496.1,52574.2,52319.2
12,52780,52708.7,52708.7,52775,52514.1
1,53040,52921.3,52921.3,52975.8,52709
2,53210,53133.9,53133.9,53176.6,52904
3,53450,53346.5,53346.5,53377.4,53098.9
4,53660,53559.1,53559.1,53578.3,53293.8
5,53860,53771.7,53771.7,53779.1,53488.7
6,54030,53984.3,53984.3,53979.9,53683.6
7,54190,54197,54197,54180.7,53878.6
8,54440,54409.6,54409.6,54381.5,54073.5
9,54640,54622.2,54622.2,54582.3,54268.4
10,54840,54834.8,54834.8,54783.1,54463.3
11,55010,55047.4,55047.4,54984,54658.2
12,55260,55260,55260,55184.8,54853.2
1,55710,55698.9,55694.1,55666.1,55243
2,55930,55896.7,55892.3,55866.9,55437.9
3,56110,56094.6,56090.4,56067.7,55632.8
4,56300,56292.5,56288.6,56268.5,55827.8
5,56490,56490.4,56486.8,56469.3,56022.7
6,56720,56688.3,56685,56670.1,56217.6
7,56890,56886.1,56883.2,56870.9,56412.5
8,57080,57084,57081.4,57071.8,56607.4
9,57260,57281.9,57279.5,57272.6,56802.3
10,57460,57479.8,57477.7,57473.4,56997.3
11,57590,57677.7,57675.9,57674.2,57192.2
12,57860,57875.5,57874.1,57875,57387.1
1,58080,58073.4,58072.3,58075.8,57582
2,58290,58271.3,58270.5,58276.6,57776.9
3,58490,58469.2,58468.7,58477.4,57971.9
4,58660,58667,58666.8,58678.3,58166.8
5,58860,58864.9,58865,58879.1,58361.7
6,59080,59062.8,59063.2,59079.9,58556.6
7,59240,59260.7,59261.4,59280.7,58751.5
8,59480,59458.6,59459.6,59481.5,58946.5
9,59670,59656.4,59657.8,59682.3,59141.4
10,59860,59854.3,59856,59883.1,59336.3
11,60030,60052.2,60054.1,60084,59531.2
12,60270,60250.1,60252.3,60284.8,59726.1
1,60650,60658.2,60649.7,60635.9,60116
2,60850,60852.9,60845,60832.4,60310.9
3,61070,61047.6,61040.2,61028.9,60505.8
4,61200,61242.3,61235.5,61225.3,60700.7
5,61420,61437,61430.7,61421.8,60895.7
6,61650,61631.7,61626,61618.3,61090.6
7,61830,61826.5,61821.2,61814.8,61285.5
8,62060,62021.2,62016.5,62011.3,61480.4
9,62220,62215.9,62211.8,62207.7,61675.3
10,62410,62410.6,62407,62404.2,61870.3
11,62550,62605.3,62602.3,62600.7,62065.2
12,62790,62800,62797.5,62797.2,62260.1
1,62960,62994.8,62992.8,62993.7,62455
2,63200,63189.5,63188,63190.1,62649.9
3,63390,63384.2,63383.3,63386.6,62844.9
4,63560,63578.9,63578.6,63583.1,63039.8
5,63760,63773.6,63773.8,63779.6,63234.7
6,63980,63968.4,63969.1,63976.1,63429.6
7,64160,64163.1,64164.3,64172.5,63624.5
8,64380,64357.8,64359.6,64369,63819.5
9,64550,64552.5,64554.8,64565.5,64014.4
10,64760,64747.2,64750.1,64762,64209.3
11,64890,64941.9,64945.4,64958.4,64404.2
12,65200,65136.7,65140.6,65154.9,64599.1
1,65570,65556,65545,65530.6,64989
2,65800,65749.3,65739,65726.1,65183.9
3,65960,65942.5,65933,65921.7,65378.8
4,66140,66135.8,66127,66117.2,65573.7
5,66330,66329.1,66320.9,66312.7,65768.7
6,66490,66522.4,66514.9,66508.2,65963.6
7,66710,66715.7,66708.9,66703.8,66158.5
8,66920,66909,66902.9,66899.3,66353.4
9,67070,67102.2,67096.9,67094.8,66548.3
10,67240,67295.5,67290.9,67290.3,66743.3
11,67470,67488.8,67484.8,67485.9,66938.2
12,67680,67682.1,67678.8,67681.4,67133.1
1,67890,67875.4,67872.8,67876.9,67328
2,68090,68068.7,68066.8,68072.5,67522.9
3,68280,68261.9,68260.8,68268,67717.9
4,68460,68455.2,68454.8,68463.5,67912.8
5,68630,68648.5,68648.7,68659,68107.7
6,68840,68841.8,68842.7,68854.6,68302.6
7,69050,69035.1,69036.7,69050.1,68497.5
8,69230,69228.4,69230.7,69245.6,68692.5
9,69400,69421.6,69424.7,69441.1,68887.4
10,69580,69614.9,69618.7,69636.7,69082.3
11,69800,69808.2,69812.6,69832.2,69277.2
12,70070,70001.5,70006.6,70027.7,69472.1
1,70430,70423.6,70407.4,70402.8,69862
2,70650,70617.3,70601.7,70598.4,70056.9
3,70810,70810.9,70796,70793.9,70251.8
4,71020,71004.6,70990.4,70989.5,70446.7
5,71190,71198.2,71184.7,71185,70641.6
6,71360,71391.9,71379,71380.6,70836.6
7,71600,71585.6,71573.3,71576.1,71031.5
8,71790,71779.2,71767.6,71771.7,71226.4
9,71970,71972.9,71961.9,71967.2,71421.3
10,72130,72166.5,72156.3,72162.8,71616.2
11,72320,72360.2,72350.6,72358.3,71811.2
12,72540,72553.8,72544.9,72553.9,72006.1
1,72760,72747.5,72739.2,72749.4,72201
2,72970,72941.1,72933.5,72945,72395.9
3,73140,73134.8,73127.8,73140.5,72590.8
4,73380,73328.4,73322.2,73336.1,72785.8
5,73540,73522.1,73516.5,73531.7,72980.7
6,73710,73715.8,73710.8,73727.2,73175.6
7,73900,73909.4,73905.1,73922.8,73370.5
8,74120,74103.1,74099.4,74118.3,73565.4
9,74290,74296.7,74293.7,74313.9,73760.4
10,74460,74490.4,74488.1,74509.4,73955.3
11,74660,74684,74682.4,74705,74150.2
12,74900,74877.7,74876.7,74900.5,74345.1
1,75310,75304.8,75283.2,75294.2,74735
2,75520,75498.7,75478,75489.2,74929.9
3,75690,75692.6,75672.7,75684.2,75124.8
4,75900,75886.4,75867.5,75879.2,75319.7
5,76070,76080.3,76062.3,76074.2,75514.6
6,76310,76274.2,76257,76269.2,75709.6
7,76490,76468,76451.8,76464.2,75904.5
8,76690,76661.9,76646.6,76659.2,76099.4
9,76850,76855.8,76841.3,76854.2,76294.3
10,77040,77049.6,77036.1,77049.2,76489.2
11,77230,77243.5,77230.9,77244.2,76684.2
12,77430,77437.3,77425.6,77439.2,76879.1
1,77630,77631.2,77620.4,77634.2,77074
2,77820,77825.1,77815.2,77829.2,77268.9
3,78020,78018.9,78009.9,78024.2,77463.8
4,78190,78212.8,78204.7,78219.2,77658.8
5,78380,78406.7,78399.5,78414.2,77853.7
6,78610,78600.5,78594.2,78609.2,78048.6
7,78810,78794.4,78789,78804.2,78243.5
8,79010,78988.2,78983.8,78999.2,78438.4
9,79190,79182.1,79178.6,79194.2,78633.4
10,79360,79376,79373.3,79389.2,78828.3
11,79530,79569.8,79568.1,79584.2,79023.2
12,79800,79763.7,79762.9,79779.2,79218.1
1,80150,80170.4,80146.9,80144,79608
2,80380,80363,80341.5,80338.5,79802.9
3,80560,80555.7,80536.1,80533.1,79997.8
4,80720,80748.3,80730.6,80727.7,80192.7
5,80900,80940.9,80925.2,80922.3,80387.6
6,81100,81133.5,81119.8,81116.9,80582.6
7,81330,81326.1,81314.3,81311.5,80777.5
8,81520,81518.7,81508.9,81506,80972.4
9,81700,81711.3,81703.5,81700.6,81167.3
10,81920,81903.9,81898,81895.2,81362.2
11,82090,82096.5,82092.6,82089.8,81557.1
12,82280,82289.1,82287.2,82284.4,81752.1
1,82500,82481.7,82481.8,82479,81947
2,82670,82674.3,82676.3,82673.5,82141.9
3,82840,82866.9,82870.9,82868.1,82336.8
4,83100,83059.5,83065.5,83062.7,82531.7
5,83260,83252.1,83260,83257.3,82726.7
6,83440,83444.8,83454.6,83451.9,82921.6
7,83650,83637.4,83649.2,83646.5,83116.5
8,83820,83830,83843.7,83841,83311.4
9,83990,84022.6,84038.3,84035.6,83506.3
10,84190,84215.2,84232.9,84230.2,83701.3
11,84410,84407.8,84427.5,84424.8,83896.2
12,84640,84600.4,84622,84619.4,84091.1
1,85020,85022.8,85009.5,85013.1,84480.9
2,85220,85216.1,85203.9,85207.3,84675.9
3,85400,85409.3,85398.4,85401.4,84870.8
4,85620,85602.5,85592.9,85595.6,85065.7
5,85800,85795.7,85787.3,85789.7,85260.6
6,86010,85988.9,85981.8,85983.9,85455.5
7,86200,86182.1,86176.3,86178,85650.5
8,86380,86375.3,86370.8,86372.2,85845.4
9,86560,86568.6,86565.2,86566.3,86040.3
10,86740,86761.8,86759.7,86760.5,86235.2
11,86950,86955,86954.2,86954.6,86430.1
12,87140,87148.2,87148.7,87148.8,86625.1
1,87360,87341.4,87343.1,87342.9,86820
2,87520,87534.6,87537.6,87537.1,87014.9
3,87700,87727.8,87732.1,87731.2,87209.8
4,87940,87921.1,87926.6,87925.4,87404.7
5,88110,88114.3,88121,88119.5,87599.7
6,88310,88307.5,88315.5,88313.7,87794.6
7,88520,88500.7,88510,88507.8,87989.5
8,88700,88693.9,88704.4,88702,88184.4
9,88900,88887.1,88898.9,88896.1,88379.3
10,89060,89080.3,89093.4,89090.3,88574.3
11,89230,89273.6,89287.9,89284.4,88769.2
12,89510,89466.8,89482.3,89478.5,88964.1
1,89870,89875.5,89851.6,89844.9,89353.9
2,90080,90066.5,90045.4,90038.3,89548.9
3,90250,90257.4,90239.3,90231.7,89743.8
4,90460,90448.3,90433.1,90425.1,89938.7
5,90640,90639.3,90626.9,90618.6,90133.6
6,90810,90830.2,90820.7,90812,90328.5
7,91020,91021.1,91014.5,91005.4,90523.5
8,91220,91212.1,91208.4,91198.8,90718.4
9,91400,91403,91402.2,91392.2,90913.3
10,91580,91594,91596,91585.6,91108.2
11,91760,91784.9,91789.8,91779,91303.1
12,91970,91975.8,91983.6,91972.5,91498.1
1,92190,92166.8,92177.5,92165.9,91693
2,92400,92357.7,92371.3,92359.3,91887.9
3,92540,92548.6,92565.1,92552.7,92082.8
4,92710,92739.6,92758.9,92746.1,92277.7
5,92910,92930.5,92952.7,92939.5,92472.7
6,93110,93121.5,93146.6,93132.9,92667.6
7,93290,93312.4,93340.4,93326.4,92862.5
8,93490,93503.3,93534.2,93519.8,93057.4
9,93690,93694.3,93728,93713.2,93252.3
10,93880,93885.2,93921.8,93906.6,93447.3
11,94100,94076.1,94115.7,94100,93642.2
12,94290,94267.1,94309.5,94293.4,93837.1
1,94700,94687.4,94682.4,94672.2,94226.9
2,94910,94879.5,94875.7,94865.6,94421.8
3,95090,95071.6,95069.1,95059.1,94616.8
4,95290,95263.7,95262.4,95252.5,94811.7
5,95460,95455.7,95455.8,95445.9,95006.6
6,95620,95647.8,95649.2,95639.4,95201.5
7,95800,95839.9,95842.5,95832.8,95396.4
8,96010,96032,96035.9,96026.2,95591.4
9,96190,96224.1,96229.3,96219.7,95786.3
10,96390,96416.2,96422.6,96413.1,95981.2
11,96610,96608.3,96616,96606.5,96176.1
12,96820,96800.3,96809.4,96800,96371
1,97000,96992.4,97002.7,96993.4,96566
2,97150,97184.5,97196.1,97186.8,96760.9
3,97360,97376.6,97389.5,97380.2,96955.8
4,97610,97568.7,97582.8,97573.7,97150.7
5,97770,97760.8,97776.2,97767.1,97345.6
6,97980,97952.9,97969.6,97960.5,97540.6
7,98140,98145,98162.9,98154,97735.5
8,98330,98337,98356.3,98347.4,97930.4
9,98530,98529.1,98549.7,98540.8,98125.3
10,98710,98721.2,98743,98734.3,98320.2
11,98890,98913.3,98936.4,98927.7,98515.2
12,99160,99105.4,99129.8,99121.1,98710.1
1,99510,99513.5,99506.9,99498.4,99099.9
2,99690,99705.7,99700,99691.6,99294.8
3,99880,99897.9,99893.1,99884.9,99489.8
4,100120,100090,100086,100078,99684.7
5,100270,100282,100279,100271,99879.6
6,100460,100475,100472,100465,100075
7,100660,100667,100665,100658,100269
8,100830,100859,100859,100851,100464
9,101030,101051,101052,101044,100659
10,101220,101243,101245,101238,100854
11,101440,101435,101438,101431,101049
12,101610,101628,101631,101624,101244
1,101830,101820,101824,101817,101439
2,102030,102012,102017,102011,101634
3,102220,102204,102210,102204,101829
4,102420,102396,102403,102397,102024
5,102580,102589,102596,102590,102219
6,102770,102781,102789,102784,102414
7,102940,102973,102983,102977,102608
8,103160,103165,103176,103170,102803
9,103360,103357,103369,103364,102998
10,103550,103550,103562,103557,103193
11,103740,103742,103755,103750,103388
12,103980,103934,103948,103943,103583
1,104340,104338,104327,104316,103973
2,104530,104530,104519,104509,104168
3,104690,104721,104712,104703,104363
4,104920,104913,104905,104896,104558
5,105090,105105,105098,105089,104753
6,105290,105297,105291,105283,104948
7,105460,105488,105484,105476,105142
8,105670,105680,105677,105669,105337
9,105860,105872,105870,105863,105532
10,106040,106064,106062,106056,105727
11,106220,106255,106255,106250,105922
12,106450,106447,106448,106443,106117
1,106680,106639,106641,106636,106312
2,106880,106831,106834,106830,106507
3,107030,107022,107027,107023,106702
4,107230,107214,107220,107216,106897
5,107400,107406,107412,107410,107092
6,107570,107598,107605,107603,107287
7,107740,107789,107798,107797,107481
8,107960,107981,107991,107990,107676
9,108170,108173,108184,108183,107871
10,108360,108365,108377,108377,108066
11,108550,108556,108570,108570,108261
12,108820,108748,108763,108763,108456
1,109140,109157,109150,109135,108846
2,109350,109350,109343,109329,109041
3,109540,109542,109536,109523,109236
4,109750,109735,109729,109718,109431
5,109950,109927,109922,109912,109626
6,110140,110120,110115,110106,109821
7,110280,110312,110307,110301,110015
8,110470,110505,110500,110495,110210
9,110650,110697,110693,110689,110405
10,110860,110890,110886,110884,110600
11,111060,111082,111079,111078,110795
12,111270,111275,111272,111272,110990
1,111460,111467,111465,111467,111185
2,111660,111660,111658,111661,111380
3,111880,111852,111851,111855,111575
4,112090,112045,112044,112050,111770
5,112280,112237,112237,112244,111965
6,112460,112430,112430,112438,112160
7,112650,112622,112623,112633,112354
8,112780,112815,112815,112827,112549
9,112990,113007,113008,113021,112744
10,113170,113200,113201,113216,112939
11,113380,113392,113394,113410,113134
12,113610,113585,113587,113604,113329
2,113980,114000,113995,113989,113719
1,114180,114195,114189,114184,113914
3,114380,114389,114382,114380,114109
5,114610,114584,114576,114575,114304
4,114820,114778,114770,114770,114499
7,114990,114972,114963,114966,114693
6,115200,115167,115157,115161,114888
9,115320,115361,115350,115357,115083
8,115540,115555,115544,115552,115278
11,115740,115750,115738,115748,115473
10,115910,115944,115931,115943,115668
12,116150,116139,116125,116139,115863
2,116280,116333,116318,116334,116058
3,116540,116527,116512,116529,116253
1,116750,116722,116706,116725,116448
4,116900,116916,116899,116920,116643
5,117160,117110,117093,117116,116838
6,117280,117305,117286,117311,117033
7,117480,117499,117480,117507,117227
8,117710,117694,117673,117702,117422
9,117900,117888,117867,117897,117617
10,118100,118082,118061,118093,117812
11,118260,118277,118254,118288,118007
12,118490,118471,118448,118484,118202
3,118940,118886,118865,118878,118592
2,119080,119080,119059,119073,118787
4,119280,119274,119253,119269,118982
1,119480,119469,119448,119464,119177
6,119670,119663,119642,119659,119372
5,119870,119857,119837,119854,119566
8,120070,120052,120031,120049,119761
7,120210,120246,120226,120244,119956
10,120420,120440,120420,120439,120151
9,120660,120634,120614,120634,120346
11,120810,120829,120809,120829,120541
12,121020,121023,121003,121024,120736
3,121150,121217,121198,121219,120931
4,121380,121412,121392,121414,121126
2,121580,121606,121586,121609,121321
6,121780,121800,121781,121804,121516
1,122020,121995,121975,121999,121711
8,122200,122189,122170,122194,121906
5,122460,122383,122364,122389,122100
10,122570,122578,122558,122584,122295
7,122760,122772,122753,122779,122490
11,122960,122966,122947,122974,122685
9,123170,123161,123142,123169,122880
12,123370,123355,123336,123364,123075
4,123730,123750,123728,123734,123465
3,123920,123944,123923,123928,123660
6,124100,124137,124117,124122,123855
2,124310,124330,124312,124317,124050
8,124530,124523,124506,124511,124245
1,124710,124716,124701,124705,124439
10,124890,124910,124895,124899,124634
5,125140,125103,125090,125094,124829
11,125300,125296,125284,125288,125024
7,125480,125489,125479,125482,125219
9,125680,125682,125673,125676,125414
12,125930,125875,125868,125870,125609
4,126030,126069,126062,126065,125804
6,126230,126262,126257,126259,125999
3,126440,126455,126451,126453,126194
8,126620,126648,126646,126647,126389
2,126860,126841,126840,126841,126584
10,127010,127035,127035,127036,126779
1,127240,127228,127229,127230,126973
11,127420,127421,127424,127424,127168
5,127650,127614,127618,127618,127363
9,127760,127807,127813,127813,127558
7,128000,128001,128007,128007,127753
12,128240,128194,128202,128201,127948
6,128610,128596,128583,128577,128338
4,128820,128789,128777,128771,128533
8,129010,128982,128971,128966,128728
3,129180,129175,129166,129160,128923
10,129340,129368,129360,129354,129118
2,129520,129560,129554,129549,129312
11,129720,129753,129748,129743,129507
1,129930,129946,129943,129937,129702
9,130090,130139,130137,130132,129897
5,130330,130332,130331,130326,130092
7,130500,130525,130525,130521,130287
12,130720,130717,130720,130715,130482
6,130900,130910,130914,130909,130677
8,131120,131103,131108,131104,130872
4,131330,131296,131302,131298,131067
10,131510,131489,131496,131492,131262
3,131700,131682,131691,131687,131457
11,131860,131874,131885,131881,131652
2,132060,132067,132079,132076,131846
9,132250,132260,132273,132270,132041
1,132450,132453,132468,132464,132236
7,132630,132646,132662,132659,132431
5,132860,132839,132856,132853,132626
12,133050,133032,133050,133047,132821
8,133460,133438,133436,133432,133211
6,133640,133632,133630,133626,133406
10,133820,133826,133824,133820,133601
4,134040,134020,134018,134015,133796
11,134210,134213,134212,134209,133991
3,134410,134407,134406,134403,134185
9,134580,134601,134601,134598,134380
2,134760,134795,134795,134792,134575
7,134960,134989,134989,134986,134770
1,135190,135182,135183,135181,134965
5,135370,135376,135377,135375,135160
12,135560,135570,135571,135569,135355
8,135740,135764,135766,135763,135550
10,135980,135958,135960,135958,135745
6,136140,136151,136154,136152,135940
11,136330,136345,136348,136346,136135
4,136560,136539,136542,136541,136330
9,136740,136733,136736,136735,136525
3,136920,136927,136930,136929,136719
7,137100,137120,137125,137123,136914
2,137300,137314,137319,137318,137109
5,137530,137508,137513,137512,137304
1,137760,137702,137707,137706,137499
12,137890,137895,137901,137901,137694
10,138290,138287,138282,138270,138084
8,138490,138480,138476,138465,138279
11,138690,138674,138670,138659,138474
6,138900,138867,138864,138854,138669
9,139070,139061,139058,139048,138864
4,139230,139254,139252,139243,139058
7,139410,139448,139446,139437,139253
3,139590,139641,139640,139632,139448
5,139740,139835,139834,139826,139643
2,139980,140028,140028,140021,139838
1,140210,140221,140222,140215,140033
12,140380,140415,140416,140410,140228
10,140620,140608,140610,140604,140423
11,140790,140802,140804,140799,140618
8,141000,140995,140998,140993,140813
9,141190,141189,141192,141188,141008
6,141400,141382,141386,141382,141203
7,141600,141576,141580,141577,141397
4,141800,141769,141773,141771,141592
5,141980,141962,141967,141966,141787
3,142140,142156,142161,142160,141982
1,142360,142349,142355,142355,142177
2,142570,142543,142549,142549,142372
12,142740,142736,142743,142744,142567
11,143140,143139,143136,143131,142957
10,143350,143333,143330,143326,143152
9,143530,143527,143524,143521,143347
8,143750,143721,143718,143716,143542
7,143900,143915,143912,143910,143737
6,144120,144110,144107,144105,143931
5,144280,144304,144301,144300,144126
4,144510,144498,144495,144495,144321
1,144710,144692,144689,144690,144516
3,144850,144886,144883,144884,144711
2,145030,145081,145077,145079,144906
12,145250,145275,145271,145274,145101
11,145440,145469,145465,145469,145296
9,145670,145663,145659,145663,145491
10,145870,145857,145854,145858,145686
7,146030,146052,146048,146053,145881
8,146250,146246,146242,146248,146076
5,146450,146440,146436,146443,146270
6,146640,146634,146630,146637,146465
1,146840,146828,146824,146832,146660
4,147040,147023,147018,147027,146855
2,147200,147217,147212,147222,147050
3,147430,147411,147406,147416,147245
12,147630,147605,147601,147611,147440
9,147980,147994,147991,147986,147830
11,148160,148189,148186,148181,148025
7,148330,148383,148380,148375,148220
10,148560,148578,148574,148570,148415
5,148750,148772,148768,148765,148610
8,149000,148966,148963,148960,148804
1,149160,149161,149157,149154,148999
6,149370,149355,149351,149349,149194
2,149550,149550,149545,149544,149389
4,149770,149744,149740,149739,149584
3,149940,149938,149934,149934,149779
12,150070,150133,150128,150128,149974
9,150310,150327,150322,150323,150169
7,150520,150522,150516,150518,150364
11,150700,150716,150711,150713,150559
5,150920,150910,150905,150908,150754
10,151090,151105,151099,151102,150949
1,151300,151299,151293,151297,151143
8,151510,151494,151488,151492,151338
2,151710,151688,151682,151687,151533
6,151910,151882,151876,151882,151728
3,152080,152077,152070,152076,151923
4,152290,152271,152265,152271,152118
12,152440,152466,152459,152466,152313
7,152830,152855,152852,152846,152703
9,153040,153050,153047,153041,152898
5,153240,153244,153241,153236,153093
11,153440,153439,153436,153431,153288
1,153620,153634,153630,153627,153483
10,153810,153828,153824,153822,153677
2,154010,154023,154019,154017,153872
8,154280,154218,154213,154212,154067
3,154400,154413,154408,154407,154262
6,154610,154607,154602,154603,154457
4,154800,154802,154797,154798,154652
12,154950,154997,154991,154993,154847
7,155140,155191,155185,155188,155042
5,155390,155386,155380,155384,155237
9,155590,155581,155574,155579,155432
1,155780,155775,155769,155774,155627
11,155950,155970,155963,155969,155822
2,156180,156165,156157,156165,156016
10,156370,156359,156352,156360,156211
3,156530,156554,156546,156555,156406
8,156750,156749,156741,156750,156601
4,156950,156943,156935,156946,156796
6,157160,157138,157130,157141,156991
12,157360,157333,157324,157336,157186
5,157750,157729,157722,157720,157576
7,157880,157924,157917,157915,157771
1,158150,158119,158112,158111,157966
9,158350,158313,158306,158306,158161
2,158550,158508,158501,158502,158356
11,158690,158703,158696,158697,158550
3,158870,158897,158890,158893,158745
10,159050,159092,159085,159088,158940
4,159230,159287,159280,159284,159135
8,159490,159481,159475,159479,159330
6,159660,159676,159669,159675,159525
12,159870,159871,159864,159870,159720
5,160050,160065,160059,160066,159915
1,160300,160260,160253,160261,160110
7,160460,160455,160448,160457,160305
2,160670,160649,160643,160652,160500
9,160870,160844,160837,160848,160695
3,161050,161038,161032,161043,160889
11,161230,161233,161227,161239,161084
4,161450,161428,161421,161434,161279
10,161600,161622,161616,161629,161474
6,161780,161817,161811,161825,161669
8,162010,162012,162005,162020,161864
12,162220,162206,162200,162216,162059
1,162630,162605,162597,162600,162449
5,162810,162800,162792,162795,162644
7,163020,162995,162987,162990,162839
9,163220,163189,163182,163186,163034
2,163380,163384,163377,163381,163228
11,163570,163579,163572,163576,163423
3,163760,163773,163767,163771,163618
10,163940,163968,163962,163966,163813
4,164140,164163,164157,164161,164008
8,164350,164357,164352,164357,164203
6,164550,164552,164546,164552,164398
12,164670,164747,164741,164747,164593
1,164940,164941,164936,164942,164788
7,165120,165136,165131,165137,164983
5,165340,165331,165326,165333,165178
2,165570,165525,165521,165528,165373
9,165740,165720,165716,165723,165568
3,165920,165915,165911,165918,165762
11,166130,166109,166106,166113,165957
4,166350,166304,166300,166308,166152
10,166510,166499,166495,166504,166347
6,166660,166693,166690,166699,166542
8,166870,166888,166885,166894,166737
12,167080,167083,167080,167089,166932
7,167420,167474,167468,167466,167322
1,167670,167669,167663,167661,167517
5,167850,167863,167857,167856,167712
9,168110,168057,168052,168051,167907
2,168290,168251,168247,168246,168101
11,168450,168446,168442,168441,168296
3,168620,168640,168637,168635,168491
10,168830,168834,168832,168830,168686
4,169020,169029,169026,169025,168881
8,169210,169223,169221,169220,169076
6,169380,169417,169416,169415,169271
12,169580,169612,169611,169610,169466
7,169760,169806,169806,169805,169661
5,169980,170000,170001,169999,169856
1,170220,170194,170195,170194,170051
2,170440,170389,170390,170389,170246
9,170640,170583,170585,170584,170441
3,170800,170777,170780,170779,170635
11,170960,170972,170975,170974,170830
4,171180,171166,171170,171168,171025
10,171350,171360,171364,171363,171220
6,171530,171555,171559,171558,171415
8,171710,171749,171754,171753,171610
12,171970,171943,171949,171948,171805
5,172330,172331,172333,172316,172195
7,172510,172526,172527,172511,172390
2,172720,172720,172722,172707,172585
1,172920,172915,172917,172903,172780
3,173090,173110,173112,173099,172974
9,173290,173304,173306,173294,173169
4,173490,173499,173501,173490,173364
11,173690,173694,173696,173686,173559
6,173910,173888,173890,173882,173754
10,174060,174083,174085,174078,173949
8,174260,174278,174280,174273,174144
12,174440,174472,174474,174469,174339
5,174630,174667,174669,174665,174534
2,174870,174862,174864,174861,174729
7,175080,175056,175059,175057,174924
3,175270,175251,175253,175252,175119
1,175450,175446,175448,175448,175314
4,175660,175640,175643,175644,175508
9,175850,175835,175837,175840,175703
6,176010,176030,176032,176035,175898
11,176210,176224,176227,176231,176093
8,176380,176419,176421,176427,176288
10,176640,176614,176616,176623,176483
12,176850,176808,176811,176819,176678
2,177200,177208,177219,177212,177068
5,177390,177405,177414,177409,177263
3,177640,177602,177610,177606,177458
7,177760,177800,177805,177803,177653
4,178000,177997,178000,178000,177847
1,178200,178194,178195,178196,178042
6,178390,178391,178391,178393,178237
9,178600,178588,178586,178590,178432
8,178790,178785,178781,178787,178627
11,178940,178983,178977,178984,178822
10,179150,179180,179172,179181,179017
12,179370,179377,179367,179378,179212
2,179570,179574,179563,179575,179407
3,179770,179771,179758,179772,179602
5,180000,179968,179953,179968,179797
4,180270,180166,180149,180165,179992
7,180360,180363,180344,180362,180187
6,180540,180560,180539,180559,180381
1,180760,180757,180734,180756,180576
8,180970,180954,180930,180953,180771
9,181150,181151,181125,181150,180966
10,181340,181349,181320,181347,181161
11,181520,181546,181516,181544,181356
12,181750,181743,181711,181741,181551
3,182160,182135,182123,182123,181941
2,182330,182331,182319,182321,182136
4,182540,182527,182515,182518,182331
5,182720,182724,182711,182715,182526
6,182890,182920,182907,182912,182720
7,183090,183116,183103,183110,182915
8,183320,183312,183299,183307,183110
1,183480,183509,183495,183504,183305
10,183710,183705,183691,183701,183500
9,183940,183901,183887,183899,183695
11,184100,184097,184083,184096,183890
12,184320,184294,184279,184293,184085
3,184500,184490,184475,184490,184280
4,184690,184686,184671,184688,184475
2,184890,184883,184866,184885,184670
6,185060,185079,185062,185082,184865
5,185270,185275,185258,185279,185060
8,185450,185471,185454,185476,185254
7,185650,185668,185650,185674,185449
10,185870,185864,185846,185871,185644
1,186040,186060,186042,186068,185839
11,186250,186257,186238,186265,186034
9,186440,186453,186434,186463,186229
12,186690,186649,186630,186660,186424
4,187160,187060,187043,187051,186814
3,187360,187256,187239,187248,187009
6,187470,187452,187435,187445,187204
2,187670,187647,187632,187642,187399
8,187880,187843,187828,187839,187593
5,188030,188039,188025,188037,187788
10,188210,188235,188221,188234,187983
7,188350,188431,188418,188431,188178
11,188590,188627,188614,188628,188373
1,188790,188823,188811,188825,188568
9,189000,189019,189007,189022,188763
12,189230,189215,189203,189219,188958
4,189370,189411,189400,189416,189153
6,189590,189607,189596,189614,189348
3,189840,189802,189793,189811,189543
8,190000,189998,189989,190008,189738
2,190220,190194,190186,190205,189932
10,190410,190390,190382,190402,190127
5,190600,190586,190579,190599,190322
11,190780,190782,190775,190796,190517
7,190950,190978,190972,190994,190712
9,191160,191174,191168,191191,190907
1,191380,191370,191364,191388,191102
12,191590,191566,191561,191585,191297
6,192010,191968,191961,191965,191687
4,192180,192165,192158,192161,191882
8,192370,192361,192355,192358,192077
3,192590,192558,192551,192555,192272
10,192730,192754,192748,192752,192466
2,192930,192950,192945,192949,192661
11,193140,193147,193141,193146,192856
5,193380,193343,193338,193343,193051
9,193530,193540,193534,193539,193246
7,193700,193736,193731,193736,193441
1,193920,193932,193928,193933,193636
12,194110,194129,194124,194130,193831
6,194310,194325,194321,194327,194026
8,194530,194522,194518,194524,194221
4,194720,194718,194714,194720,194416
10,194900,194915,194911,194917,194611
3,195110,195111,195108,195114,194805
11,195290,195307,195304,195311,195000
2,195520,195504,195501,195508,195195
9,195690,195700,195698,195705,195390
5,195920,195897,195894,195902,195585
1,196110,196093,196091,196098,195780
7,196300,196289,196288,196295,195975
12,196490,196486,196484,196492,196170
8,196940,196885,196878,196879,196560
6,197130,197081,197075,197076,196755
10,197260,197277,197271,197272,196950
4,197500,197473,197468,197469,197145
11,197660,197669,197664,197666,197339
3,197840,197865,197861,197862,197534
9,198020,198061,198058,198059,197729
2,198220,198257,198254,198255,197924
1,198450,198454,198451,198452,198119
5,198640,198650,198648,198649,198314
7,198840,198846,198844,198845,198509
12,199010,199042,199041,199042,198704
8,199250,199238,199237,199238,198899
10,199460,199434,199434,199435,199094
6,199600,199630,199631,199631,199289
11,199810,199826,199827,199828,199484
4,200040,200022,200024,200025,199678
9,200220,200218,200221,200221,199873
3,200420,200414,200417,200418,200068
1,200620,200611,200614,200614,200263
2,200810,200807,200811,200811,200458
7,201000,201003,201007,201008,200653
5,201220,201199,201204,201204,200848
12,201400,201395,201400,201401,201043
10,201810,201792,201785,201789,201433
8,202020,201987,201981,201984,201628
11,202220,202183,202178,202180,201823
6,202370,202378,202374,202375,202018
9,202550,202573,202570,202571,202212
4,202760,202769,202767,202767,202407
1,202960,202964,202963,202962,202602
3,203160,203159,203159,203158,202797
7,203340,203355,203356,203353,202992
2,203540,203550,203552,203549,203187
5,203730,203745,203749,203745,203382
12,203900,203941,203945,203940,203577
10,204120,204136,204141,204136,203772
11,204340,204331,204338,204331,203967
8,204540,204526,204534,204527,204162
9,204720,204722,204730,204722,204357
6,204890,204917,204927,204918,204551
1,205130,205112,205123,205114,204746
4,205320,205308,205319,205309,204941
7,205500,205503,205516,205505,205136
3,205690,205698,205712,205700,205331
5,205900,205894,205908,205896,205526
2,206100,206089,206105,206092,205721
12,206300,206284,206301,206287,205916
11,206650,206668,206668,206663,206306
10,206850,206862,206864,206857,206501
9,207040,207057,207059,207052,206696
8,207280,207251,207255,207246,206891
1,207450,207446,207450,207441,207085
6,207670,207640,207646,207635,207280
7,207850,207835,207842,207830,207475
4,208010,208029,208037,208024,207670
5,208180,208223,208233,208219,207865
3,208370,208418,208428,208413,208060
2,208600,208612,208624,208608,208255
12,208750,208807,208820,208802,208450
11,208950,209001,209015,208997,208645
9,209200,209196,209211,209191,208840
10,209380,209390,209406,209386,209035
1,209550,209585,209602,209580,209230
8,209780,209779,209798,209775,209424
7,209990,209973,209993,209969,209619
6,210190,210168,210189,210164,209814
5,210420,210362,210385,210358,210009
4,210580,210557,210580,210553,210204
2,210770,210751,210776,210747,210399
3,210980,210946,210971,210942,210594
12,211100,211140,211167,211136,210789
9,211460,211518,211526,211510,211179
11,211700,211712,211721,211704,211374
1,211900,211906,211916,211898,211569
10,212110,212100,212110,212093,211763
7,212290,212294,212305,212287,211958
8,212490,212488,212500,212481,212153
5,212650,212681,212695,212675,212348
6,212820,212875,212889,212869,212543
2,213070,213069,213084,213063,212738
4,213310,213263,213279,213258,212933
3,213490,213457,213474,213452,213128
12,213640,213651,213668,213646,213323
9,213850,213845,213863,213840,213518
1,214010,214039,214058,214034,213713
11,214200,214233,214252,214228,213908
7,214420,214427,214447,214422,214103
10,214600,214621,214642,214617,214297
5,214810,214815,214837,214811,214492
8,214990,215009,215031,215005,214687
2,215180,215203,215226,215199,214882
6,215370,215397,215421,215393,215077
3,215590,215591,215616,215587,215272
4,215830,215785,215810,215781,215467
12,216050,215979,216005,215976,215662
1,216350,216361,216371,216352,216052
9,216550,216555,216566,216547,216247
11,216750,216748,216760,216741,216442
10,216920,216942,216954,216935,216636
7,217130,217136,217148,217130,216831
8,217330,217330,217342,217324,217026
5,217500,217524,217536,217518,217221
6,217710,217718,217730,217713,217416
2,217890,217912,217924,217907,217611
4,218130,218105,218118,218101,217806
3,218330,218299,218312,218296,218001
12,218450,218493,218506,218490,218196
1,218660,218687,218701,218684,218391
11,218860,218881,218895,218879,218586
9,219060,219075,219089,219073,218781
7,219300,219268,219283,219267,218976
10,219500,219462,219477,219462,219170
5,219670,219656,219671,219656,219365
8,219830,219850,219865,219850,219560
2,220040,220044,220059,220044,219755
6,220230,220238,220253,220239,219950
3,220430,220432,220447,220433,220145
4,220630,220625,220642,220627,220340
12,220840,220819,220836,220822,220535
11,221210,221208,221215,221203,220925
1,221410,221402,221409,221397,221120
9,221610,221596,221603,221592,221315
10,221800,221790,221797,221786,221509
7,222010,221984,221991,221981,221704
8,222190,222178,222185,222175,221899
5,222330,222372,222379,222369,222094
6,222550,222566,222572,222564,222289
2,222750,222760,222766,222758,222484
4,222940,222954,222960,222953,222679
3,223090,223148,223154,223147,222874
12,223320,223342,223348,223342,223069
11,223530,223536,223542,223536,223264
9,223720,223730,223736,223730,223459
1,223930,223924,223930,223925,223654
7,224170,224118,224123,224119,223849
10,224340,224312,224317,224314,224043
5,224530,224506,224511,224508,224238
8,224690,224700,224705,224702,224433
2,224910,224894,224899,224897,224628
6,225110,225088,225093,225091,224823
3,225260,225282,225287,225286,225018
4,225460,225476,225480,225480,225213
12,225670,225670,225674,225675,225408
9,226040,226054,226060,226048,225798
11,226230,226249,226254,226243,225993
7,226430,226443,226448,226438,226188
1,226650,226637,226642,226632,226382
5,226880,226832,226836,226827,226577
10,227020,227026,227030,227022,226772
2,227240,227221,227224,227217,226967
8,227410,227415,227418,227411,227162
3,227580,227609,227611,227606,227357
6,227760,227804,227805,227801,227552
4,228010,227998,227999,227996,227747
12,228120,228192,228193,228191,227942
9,228360,228387,228387,228385,228137
7,228570,228581,228581,228580,228332
11,228770,228776,228775,228775,228527
5,229010,228970,228968,228970,228722
1,229210,229164,229162,229164,228916
2,229410,229359,229356,229359,229111
10,229560,229553,229550,229554,229306
3,229730,229747,229744,229749,229501
8,229910,229942,229938,229944,229696
4,230140,230136,230132,230138,229891
6,230340,230331,230325,230333,230086
12,230530,230525,230519,230528,230281
7,230950,230918,230917,230915,230671
9,231160,231113,231112,231110,230866
5,231320,231307,231306,231305,231061
11,231490,231502,231500,231500,231255
2,231680,231696,231694,231695,231450
1,231910,231891,231888,231890,231645
3,232090,232086,232082,232085,231840
10,232240,232280,232277,232280,232035
4,232470,232475,232471,232475,232230
8,232660,232669,232665,232670,232425
6,232850,232864,232859,232865,232620
12,233040,233059,233053,233060,232815
7,233230,233253,233247,233255,233010
5,233440,233448,233442,233450,233205
9,233660,233643,233636,233645,233400
2,233840,233837,233830,233840,233595
11,234020,234032,234024,234035,233789
3,234250,234226,234218,234230,233984
1,234460,234421,234412,234425,234179
4,234650,234616,234606,234620,234374
10,234800,234810,234801,234815,234569
6,234980,235005,234995,235010,234764
8,235180,235200,235189,235205,234959
12,235410,235394,235383,235400,235154
5,235820,235782,235778,235772,235544
7,235980,235977,235973,235967,235739
2,236160,236171,236167,236163,235934
9,236390,236366,236362,236358,236128
3,236580,236560,236556,236553,236323
11,236740,236755,236750,236749,236518
4,236960,236949,236945,236944,236713
1,237140,237143,237139,237139,236908
6,237310,237338,237333,237335,237103
10,237520,237532,237528,237530,237298
8,237690,237727,237722,237725,237493
12,237870,237921,237916,237921,237688
5,238080,238116,238111,238116,237883
2,238310,238310,238305,238311,238078
7,238540,238505,238499,238507,238273
3,238730,238699,238694,238702,238467
9,238880,238893,238888,238897,238662
4,239110,239088,239083,239093,238857
11,239260,239282,239277,239288,239052
6,239510,239477,239471,239483,239247
1,239680,239671,239666,239679,239442
8,239840,239866,239860,239874,239637
10,240070,240060,240054,240069,239832
12,240270,240255,240249,240265,240027
2,240650,240645,240653,240649,240417
5,240840,240842,240848,240845,240612
3,241050,241038,241043,241041,240807
7,241220,241234,241238,241237,241001
4,241420,241431,241433,241433,241196
9,241650,241627,241628,241629,241391
6,241850,241824,241823,241826,241586
11,242000,242020,242018,242022,241781
8,242200,242217,242213,242218,241976
1,242380,242413,242407,242414,242171
10,242580,242610,242602,242610,242366
12,242780,242806,242797,242806,242561
2,242980,243003,242992,243002,242756
3,243210,243199,243187,243198,242951
5,243400,243396,243382,243394,243146
4,243630,243592,243577,243591,243340
7,243790,243789,243772,243787,243535
6,244010,243985,243967,243983,243730
9,244190,244182,244161,244179,243925
8,244350,244378,244356,244375,244120
11,244570,244574,244551,244571,244315
10,244800,244771,244746,244767,244510
1,244970,244967,244941,244963,244705
12,245180,245164,245136,245159,244900
3,245620,245556,245544,245545,245290
2,245770,245751,245739,245741,245485
4,245980,245946,245934,245938,245680
5,246160,246142,246130,246134,245874
6,246320,246337,246325,246331,246069
7,246490,246532,246520,246527,246264
8,246720,246728,246716,246723,246459
9,246920,246923,246911,246920,246654
10,247110,247118,247106,247116,246849
11,247290,247313,247302,247312,247044
1,247520,247509,247497,247509,247239
12,247700,247704,247693,247705,247434
3,247920,247899,247888,247902,247629
4,248070,248095,248083,248098,247824
2,248270,248290,248279,248294,248019
6,248480,248485,248474,248491,248213
5,248680,248681,248669,248687,248408
8,248890,248876,248865,248883,248603
7,249080,249071,249060,249080,248798
10,249290,249266,249256,249276,248993
9,249460,249462,249451,249472,249188
1,249630,249657,249646,249669,249383
11,249840,249852,249842,249865,249578
12,250070,250048,250037,250062,249773
4,250490,250447,250442,250443,250163
3,250680,250643,250637,250640,250358
6,250840,250839,250833,250836,250553
2,251050,251035,251029,251033,250747
8,251230,251231,251224,251229,250942
5,251430,251426,251420,251425,251137
10,251590,251622,251616,251622,251332
7,251800,251818,251812,251818,251527
1,252020,252014,252007,252015,251722
9,252210,252210,252203,252211,251917
11,252390,252406,252399,252408,252112
12,252600,252602,252595,252604,252307
4,252810,252798,252790,252801,252502
6,253020,252994,252986,252997,252697
3,253220,253190,253182,253194,252892
8,253360,253386,253378,253390,253086
2,253550,253581,253573,253587,253281
10,253770,253777,253769,253783,253476
5,253970,253973,253965,253980,253671
1,254170,254169,254161,254176,253866
7,254380,254365,254356,254372,254061
11,254530,254561,254552,254569,254256
9,254760,254757,254748,254765,254451
12,254990,254953,254944,254962,254646
6,255400,255349,255345,255348,255036
4,255590,255546,255541,255544,255231
8,255750,255742,255737,255741,255426
3,255950,255938,255933,255937,255620
10,256090,256134,256129,256134,255815
2,256310,256330,256325,256330,256010
1,256520,256526,256521,256526,256205
5,256720,256722,256717,256723,256400
11,256900,256918,256913,256919,256595
7,257080,257114,257109,257115,256790
9,257320,257311,257305,257312,256985
12,257510,257507,257501,257508,257180
6,257670,257703,257697,257704,257375
8,257920,257899,257893,257901,257570
4,258110,258095,258089,258097,257765
10,258300,258291,258285,258294,257959
3,258500,258487,258481,258490,258154
1,258700,258683,258677,258686,258349
2,258880,258880,258873,258883,258544
11,259060,259076,259069,259079,258739
5,259290,259272,259265,259275,258934
9,259450,259468,259461,259472,259129
7,259640,259664,259657,259668,259324
12,259890,259860,259853,259864,259519
8,260330,260257,260245,260251,259909
6,260490,260452,260441,260447,260104
10,260670,260647,260637,260642,260298
4,260820,260842,260833,260838,260493
1,261050,261037,261029,261033,260688
3,261230,261232,261225,261229,260883
11,261430,261427,261421,261425,261078
2,261600,261622,261617,261620,261273
9,261800,261816,261813,261816,261468
5,261990,262011,262009,262011,261663
7,262170,262206,262205,262207,261858
12,262410,262401,262401,262403,262053
8,262590,262596,262597,262598,262248
10,262810,262791,262793,262794,262443
6,262950,262986,262989,262989,262638
1,263190,263181,263185,263185,262832
4,263350,263375,263381,263381,263027
11,263580,263570,263577,263576,263222
3,263770,263765,263773,263772,263417
9,264000,263960,263968,263967,263612
2,264170,264155,264164,264163,263807
7,264320,264350,264360,264359,264002
5,264530,264545,264556,264554,264197
12,264760,264739,264752,264750,264392
10,265160,265130,265129,265130,264782
8,265340,265324,265324,265324,264977
1,265500,265519,265519,265519,265171
6,265700,265714,265715,265713,265366
11,265930,265908,265910,265908,265561
4,266110,266103,266106,266102,265756
9,266320,266297,266301,266297,265951
3,266480,266492,266497,266491,266146
7,266650,266686,266692,266686,266341
2,266860,266881,266888,266880,266536
5,267060,267076,267083,267075,266731
12,267210,267270,267279,267269,266926
10,267480,267465,267474,267463,267121
1,267650,267659,267670,267658,267316
8,267840,267854,267865,267852,267511
11,268040,268048,268061,268047,267705
6,268220,268243,268256,268241,267900
9,268500,268437,268452,268436,268095
4,268660,268632,268647,268630,268290
7,268800,268827,268843,268825,268485
3,269010,269021,269038,269019,268680
5,269210,269216,269234,269214,268875
2,269420,269410,269429,269408,269070
12,269640,269605,269625,269603,269265
1,269970,269985,269986,269980,269655
10,270170,270178,270180,270173,269850
11,270380,270371,270375,270366,270044
8,270600,270565,270569,270560,270239
9,270770,270758,270764,270753,270434
6,270960,270951,270959,270946,270629
7,271110,271144,271153,271140,270824
4,271320,271337,271348,271333,271019
5,271500,271531,271542,271527,271214
3,271710,271724,271737,271720,271409
2,271900,271917,271932,271913,271604
12,272090,272110,272126,272107,271799
1,272280,272303,272321,272300,271994
11,272490,272497,272516,272493,272189
10,272680,272690,272710,272687,272384
9,272860,272883,272905,272880,272578
8,273070,273076,273099,273073,272773
7,273260,273270,273294,273267,272968
6,273470,273463,273489,273460,273163
5,273660,273656,273683,273654,273358
4,273890,273849,273878,273847,273553
2,274050,274042,274072,274040,273748
3,274250,274236,274267,274234,273943
12,274440,274429,274462,274427,274138
11,274810,274798,274814,274793,274528
1,274990,274991,275008,274986,274723
10,275150,275185,275202,275179,274917
8,275340,275378,275395,275373,275112
9,275530,275571,275589,275566,275307
6,275730,275765,275783,275759,275502
7,275950,275958,275976,275952,275697
4,276170,276151,276170,276145,275892
5,276350,276345,276363,276338,276087
3,276520,276538,276557,276532,276282
2,276700,276731,276751,276725,276477
12,276860,276925,276944,276918,276672
11,277090,277118,277138,277111,276867
10,277350,277311,277332,277304,277062
1,277530,277505,277525,277498,277257
9,277670,277698,277719,277691,277451
8,277850,277891,277913,277884,277646
7,278060,278085,278106,278077,277841
6,278280,278278,278300,278270,278036
5,278470,278471,278493,278463,278231
4,278710,278665,278687,278657,278426
2,278890,278858,278881,278850,278621
3,279090,279051,279074,279043,278816
12,279260,279245,279268,279236,279011
10,279610,279619,279636,279614,279401
11,279790,279812,279829,279808,279596
9,280010,280006,280022,280002,279790
1,280210,280200,280215,280196,279985
7,280370,280393,280408,280389,280180
8,280540,280587,280601,280583,280375
5,280760,280781,280795,280777,280570
6,280940,280974,280988,280970,280765
2,281190,281168,281181,281164,280960
4,281410,281362,281374,281358,281155
3,281570,281555,281567,281552,281350
12,281720,281749,281760,281745,281545
10,281920,281943,281953,281939,281740
9,282130,282136,282147,282133,281935
11,282310,282330,282340,282326,282130
7,282490,282524,282533,282520,282324
1,282720,282717,282726,282714,282519
5,282950,282911,282919,282907,282714
8,283090,283105,283112,283101,282909
2,283310,283298,283305,283295,283104
6,283500,283492,283499,283489,283299
3,283680,283685,283692,283682,283494
4,283900,283879,283885,283876,283689
12,284090,284073,284078,284070,283884
9,284400,284449,284462,284446,284274
10,284640,284643,284655,284640,284469
7,284850,284837,284848,284835,284663
11,285030,285031,285041,285029,284858
5,285200,285226,285235,285223,285053
1,285440,285420,285428,285417,285248
2,285660,285614,285621,285612,285443
8,285870,285808,285814,285806,285638
3,285980,286003,286007,286000,285833
6,286170,286197,286200,286194,286028
4,286350,286391,286393,286389,286223
12,286520,286585,286587,286583,286418
9,286730,286779,286780,286777,286613
7,286960,286974,286973,286971,286808
10,287180,287168,287166,287166,287002
5,287350,287362,287359,287360,287197
11,287590,287556,287552,287554,287392
2,287740,287751,287745,287748,287587
1,287960,287945,287938,287943,287782
3,288150,288139,288132,288137,287977
8,288370,288333,288325,288331,288172
4,288580,288527,288518,288525,288367
6,288710,288722,288711,288720,288562
12,288890,288916,288904,288914,288757
7,289270,289290,289302,289299,289147
9,289470,289485,289496,289493,289342
5,289660,289681,289689,289687,289536
10,289880,289876,289883,289882,289731
2,290060,290071,290076,290076,289926
11,290290,290267,290270,290271,290121
3,290450,290462,290464,290465,290316
1,290630,290658,290657,290659,290511
4,290860,290853,290851,290854,290706
8,291090,291048,291044,291048,290901
6,291270,291244,291238,291243,291096
12,291400,291439,291431,291437,291291
7,291580,291634,291625,291631,291486
5,291810,291830,291819,291826,291681
9,292010,292025,292012,292020,291875
2,292220,292221,292206,292215,292070
10,292420,292416,292399,292409,292265
3,292620,292611,292593,292603,292460
11,292770,292807,292786,292798,292655
4,293050,293002,292980,292992,292850
1,293210,293198,293174,293186,293045
6,293390,293393,293367,293381,293240
8,293600,293588,293561,293575,293435
12,293810,293784,293754,293770,293630
5,294170,294155,294147,294141,294020
7,294340,294348,294341,294336,294215
2,294540,294542,294535,294530,294409
9,294780,294736,294729,294725,294604
3,294920,294929,294922,294920,294799
10,295110,295123,295116,295114,294994
4,295280,295316,295310,295309,295189
11,295490,295510,295503,295504,295384
6,295710,295704,295697,295698,295579
1,295910,295897,295891,295893,295774
8,296060,296091,296085,296088,295969
12,296260,296284,296278,296282,296164
5,296460,296478,296472,296477,296359
2,296690,296671,296666,296672,296554
7,296890,296865,296860,296866,296748
3,297070,297059,297053,297061,296943
9,297260,297252,297247,297256,297138
4,297480,297446,297441,297450,297333
10,297630,297639,297635,297645,297528
6,297790,297833,297828,297840,297723
11,298040,298027,298022,298034,297918
8,298200,298220,298216,298229,298113
1,298420,298414,298409,298424,298308
12,298610,298607,298603,298618,298503
2,299030,298996,299005,298997,298893
5,299200,299192,299199,299193,299088
3,299410,299387,299394,299389,299282
7,299540,299583,299588,299584,299477
4,299800,299778,299782,299780,299672
9,299990,299974,299976,299976,299867
6,300150,300170,300170,300171,300062
10,300370,300365,300364,300367,300257
8,300560,300561,300559,300563,300452
11,300760,300756,300753,300758,300647
1,300920,300952,300947,300954,300842
12,301130,301147,301141,301150,301037
2,301340,301343,301335,301345,301232
3,301540,301538,301530,301541,301427
5,301740,301734,301724,301737,301621
4,302000,301929,301918,301932,301816
7,302120,302125,302112,302128,302011
6,302310,302320,302306,302324,302206
9,302520,302516,302500,302519,302401
8,302730,302711,302695,302715,302596
10,302900,302907,302889,302911,302791
1,303070,303102,303083,303106,302986
11,303310,303298,303277,303302,303181
12,303500,303494,303471,303498,303376
3,303950,303888,303884,303887,303766
2,304110,304084,304079,304083,303961
4,304310,304279,304274,304279,304155
5,304490,304475,304469,304475,304350
6,304660,304671,304664,304671,304545
7,304840,304866,304859,304867,304740
8,305050,305062,305053,305064,304935
9,305260,305258,305248,305260,305130
1,305460,305453,305443,305456,305325
10,305640,305649,305638,305652,305520
11,305840,305845,305833,305848,305715
12,306050,306040,306028,306044,305910
3,306290,306236,306223,306241,306105
4,306440,306431,306417,306437,306300
2,306630,306627,306612,306633,306494
6,306820,306823,306807,306829,306689
5,307020,307018,307002,307025,306884
8,307220,307214,307197,307221,307079
7,307380,307410,307392,307418,307274
1,307600,307605,307587,307614,307469
9,307760,307801,307781,307810,307664
11,308010,307997,307976,308006,307859
10,308190,308192,308171,308202,308054
12,308400,308388,308366,308398,308249
4,308820,308783,308775,308785,308639
3,309050,308979,308970,308980,308834
6,309220,309174,309166,309176,309028
2,309400,309370,309361,309372,309223
8,309580,309565,309556,309568,309418
5,309770,309761,309752,309763,309613
1,309970,309957,309947,309959,309808
7,310100,310152,310143,310155,310003
11,310320,310348,310338,310351,310198
9,310520,310543,310533,310546,310393
10,310700,310739,310729,310742,310588
12,310900,310934,310924,310938,310783
4,311120,311130,311119,311134,310978
6,311330,311325,311315,311329,311173
3,311560,311521,311510,311525,311367
8,311690,311716,311706,311721,311562
2,311890,311912,311901,311917,311757
1,312120,312107,312096,312113,311952
5,312320,312303,312292,312308,312147
11,312510,312499,312487,312504,312342
7,312670,312694,312682,312700,312537
10,312900,312890,312878,312896,312732
9,313120,313085,313073,313091,312927
12,313280,313281,313269,313287,313122
6,313660,313658,313662,313662,313512
4,313850,313854,313857,313858,313706
8,314040,314050,314053,314053,313901
3,314240,314246,314248,314249,314096
1,314430,314443,314444,314444,314291
2,314600,314639,314639,314640,314486
11,314860,314835,314835,314835,314681
5,315050,315031,315030,315031,314876
10,315220,315227,315226,315226,315071
7,315400,315423,315421,315422,315266
9,315590,315619,315617,315617,315461
12,315820,315815,315812,315813,315656
6,315960,316011,316008,316008,315851
8,316200,316207,316203,316204,316046
4,316420,316403,316399,316399,316240
1,316590,316600,316594,316595,316435
3,316790,316796,316790,316790,316630
11,317010,316992,316985,316986,316825
2,317190,317188,317181,317181,317020
10,317410,317384,317376,317376,317215
5,317580,317580,317572,317572,317410
9,317740,317776,317767,317767,317605
7,317990,317972,317963,317963,317800
12,318210,318168,318158,318158,317995
8,318520,318546,318545,318546,318385
6,318760,318741,318741,318741,318579
1,318970,318937,318936,318936,318774
4,319140,319132,319131,319131,318969
11,319360,319327,319327,319327,319164
3,319530,319522,319522,319522,319359
10,319720,319717,319718,319717,319554
2,319890,319913,319913,319912,319749
9,320070,320108,320108,320107,319944
5,320250,320303,320304,320302,320139
7,320440,320498,320499,320497,320334
12,320680,320693,320694,320692,320529
8,320890,320889,320890,320887,320724
1,321070,321084,321085,321082,320919
6,321310,321279,321281,321277,321113
11,321490,321474,321476,321472,321308
4,321670,321669,321671,321667,321503
10,321900,321865,321867,321863,321698
3,322090,322060,322062,322058,321893
9,322260,322255,322258,322253,322088
2,322400,322450,322453,322448,322283
7,322640,322645,322648,322643,322478
5,322870,322840,322844,322838,322673
12,323030,323036,323039,323033,322868
1,323390,323410,323414,323405,323258
8,323610,323604,323609,323600,323452
6,323820,323799,323804,323794,323647
4,324000,323993,323999,323989,323842
11,324220,324188,324193,324184,324037
3,324380,324382,324388,324378,324232
10,324560,324577,324583,324573,324427
2,324730,324771,324778,324768,324622
9,324940,324966,324973,324963,324817
5,325140,325160,325168,325157,325012
7,325330,325355,325363,325352,325207
12,325540,325549,325558,325547,325402
1,325740,325744,325753,325742,325597
6,325930,325938,325948,325936,325792
8,326140,326133,326143,326131,325986
11,326310,326327,326338,326326,326181
4,326520,326522,326533,326520,326376
10,326750,326716,326728,326715,326571
3,326930,326911,326922,326910,326766
9,327100,327105,327117,327105,326961
2,327300,327300,327312,327299,327156
7,327500,327494,327507,327494,327351
5,327670,327689,327702,327689,327546
12,327910,327883,327897,327884,327741
6,328300,328267,328276,328260,328131
1,328520,328461,328470,328456,328325
8,328690,328656,328665,328651,328520
4,328850,328851,328859,328846,328715
11,329030,329045,329054,329041,328910
3,329230,329240,329249,329237,329105
10,329410,329435,329443,329432,329300
2,329590,329629,329638,329627,329495
9,329810,329824,329832,329822,329690
5,329970,330019,330027,330018,329885
7,330140,330213,330222,330213,330080
12,330360,330408,330416,330408,330275
6,330630,330602,330611,330603,330470
8,330860,330797,330806,330799,330665
1,331020,330992,331000,330994,330859
11,331180,331186,331195,331189,331054
4,331400,331381,331389,331385,331249
10,331610,331576,331584,331580,331444
3,331790,331770,331779,331775,331639
9,331980,331965,331973,331970,331834
2,332140,332160,332168,332166,332029
7,332360,332354,332362,332361,332224
5,332520,332549,332557,332556,332419
12,332750,332743,332752,332751,332614
8,333180,333135,333145,333139,333004
6,333380,333331,333340,333334,333198
11,333550,333526,333535,333530,333393
1,333730,333722,333729,333725,333588
10,333950,333918,333924,333921,333783
4,334050,334113,334119,334116,333978
9,334330,334309,334314,334312,334173
3,334500,334505,334508,334508,334368
7,334670,334700,334703,334703,334563
2,334860,334896,334898,334899,334758
5,335020,335091,335093,335094,334953
12,335260,335287,335287,335290,335148
8,335450,335483,335482,335485,335343
11,335690,335678,335677,335681,335537
6,335940,335874,335872,335876,335732
10,336120,336069,336066,336072,335927
1,336300,336265,336261,336267,336122
9,336460,336461,336456,336463,336317
4,336690,336656,336651,336659,336512
7,336830,336852,336845,336854,336707
3,337030,337048,337040,337050,336902
5,337230,337243,337235,337245,337097
2,337420,337439,337430,337441,337292
12,337660,337634,337624,337636,337487
11,338020,338015,338019,338021,337877
8,338190,338211,338214,338216,338071
10,338410,338406,338409,338411,338266
6,338630,338602,338604,338606,338461
9,338820,338797,338799,338801,338656
1,339020,338993,338993,338996,338851
7,339210,339189,339188,339191,339046
4,339380,339384,339383,339386,339241
5,339530,339580,339578,339581,339436
3,339730,339775,339773,339776,339631
2,339940,339971,339968,339971,339826
12,340120,340166,340163,340166,340021
11,340330,340362,340358,340361,340216
10,340590,340558,340553,340556,340410
8,340730,340753,340748,340751,340605
9,340950,340949,340943,340946,340800
6,341160,341144,341138,341141,340995
7,341370,341340,341333,341336,341190
1,341570,341535,341527,341531,341385
5,341760,341731,341722,341725,341580
4,341930,341926,341917,341920,341775
2,342110,342122,342112,342115,341970
3,342330,342318,342307,342310,342165
12,342490,342513,342502,342505,342360
10,342870,342880,342883,342875,342750
11,343060,343074,343078,343070,342944
9,343260,343269,343272,343265,343139
8,343510,343464,343467,343459,343334
7,343630,343659,343662,343654,343529
6,343860,343854,343857,343849,343724
5,344050,344048,344051,344044,343919
1,344240,344243,344246,344239,344114
2,344450,344438,344441,344433,344309
4,344590,344633,344635,344628,344504
3,344810,344827,344830,344823,344699
12,345000,345022,345025,345018,344894
10,345200,345217,345219,345212,345089
9,345400,345412,345414,345407,345283
11,345570,345607,345609,345602,345478
7,345740,345801,345804,345797,345673
8,345950,345996,345998,345991,345868
5,346170,346191,346193,346186,346063
6,346380,346386,346388,346381,346258
2,346600,346580,346582,346576,346453
1,346800,346775,346777,346771,346648
3,347010,346970,346972,346965,346843
4,347220,347165,347167,347160,347038
12,347390,347360,347361,347355,347233
9,347740,347729,347747,347742,347623
10,347920,347925,347942,347937,347817
7,348090,348122,348137,348131,348012
11,348290,348318,348332,348326,348207
5,348500,348514,348526,348521,348402
8,348660,348710,348721,348716,348597
2,348880,348906,348916,348911,348792
6,349110,349103,349110,349105,348987
3,349310,349299,349305,349300,349182
1,349470,349495,349500,349495,349377
4,349710,349691,349695,349690,349572
12,349880,349888,349889,349885,349767
9,350100,350084,350084,350079,349962
7,350280,350280,350279,350274,350156
10,350490,350476,350473,350469,350351
5,350680,350672,350668,350664,350546
11,350830,350869,350863,350859,350741
2,351060,351065,351058,351054,350936
8,351240,351261,351252,351248,351131
3,351470,351457,351447,351443,351326
6,351630,351654,351642,351638,351521
4,351940,351850,351836,351833,351716
1,352070,352046,352031,352028,351911
12,352220,352242,352226,352222,352106
7,352590,352607,352606,352595,352496
9,352820,352801,352800,352790,352690
5,353030,352995,352995,352985,352885
10,353210,353189,353189,353179,353080
2,353380,353383,353384,353374,353275
11,353550,353577,353578,353569,353470
3,353770,353771,353773,353764,353665
8,353940,353965,353967,353959,353860
4,354090,354159,354162,354154,354055
6,354300,354353,354356,354349,354250
1,354530,354547,354550,354544,354445
12,354760,354741,354745,354738,354640
7,354920,354936,354939,354933,354835
5,355150,355130,355134,355128,355029
9,355350,355324,355328,355323,355224
2,355520,355518,355523,355518,355419
10,355770,355712,355717,355713,355614
3,355920,355906,355912,355908,355809
11,356060,356100,356106,356102,356004
4,356310,356294,356300,356297,356199
8,356490,356488,356495,356492,356394
1,356670,356682,356689,356687,356589
6,356820,356876,356884,356882,356784
12,357110,357070,357078,357077,356979
5,357500,357460,357468,357462,357369
7,357670,357655,357663,357657,357563
2,357880,357850,357857,357852,357758
9,358080,358044,358051,358047,357953
3,358270,358239,358246,358242,358148
10,358450,358434,358440,358437,358343
4,358600,358629,358635,358632,358538
11,358800,358824,358829,358828,358733
1,359010,359019,359024,359023,358928
8,359220,359214,359218,359218,359123
6,359410,359409,359413,359413,359318
12,359580,359604,359607,359608,359513
5,359760,359799,359802,359803,359708
2,359980,359994,359996,359998,359902
7,360210,360189,360191,360193,360097
3,360420,360384,360385,360388,360292
9,360590,360578,360579,360583,360487
4,360760,360773,360774,360778,360682
10,360990,360968,360968,360973,360877
1,361140,361163,361163,361169,361072
11,361350,361358,361357,361364,361267
6,361540,361553,361552,361559,361462
8,361760,361748,361746,361754,361657
12,361960,361943,361941,361949,361852
2,362330,362325,362332,362323,362241
5,362550,362520,362526,362518,362436
3,362750,362715,362721,362714,362631
7,362890,362910,362915,362909,362826
4,363090,363105,363110,363105,363021
9,363310,363301,363304,363300,363216
1,363480,363496,363499,363495,363411
10,363690,363691,363693,363691,363606
6,363920,363886,363888,363886,363801
11,364040,364081,364082,364082,363996
8,364260,364276,364277,364277,364191
12,364450,364471,364472,364472,364386
2,364650,364666,364666,364668,364581
3,364870,364861,364861,364863,364775
5,365100,365057,365055,365058,364970
4,365310,365252,365250,365254,365165
7,365450,365447,365444,365449,365360
1,365630,365642,365639,365645,365555
9,365790,365837,365833,365840,365750
6,366040,366032,366028,366035,365945
10,366220,366227,366222,366231,366140
8,366420,366422,366417,366426,366335
11,366610,366618,366611,366622,366530
12,366830,366813,366806,366817,366725
3,367220,367202,367206,367197,367114
2,367430,367398,367401,367393,367309
4,367610,367593,367596,367590,367504
5,367820,367789,367791,367786,367699
1,368020,367984,367985,367982,367894
7,368130,368180,368180,368179,368089
6,368380,368376,368375,368375,368284
9,368560,368571,368570,368571,368479
8,368740,368767,368765,368767,368674
10,368920,368963,368960,368964,368869
11,369170,369158,369155,369160,369064
12,369370,369354,369349,369356,369259
3,369590,369549,369544,369553,369454
4,369760,369745,369739,369749,369648
2,369960,369941,369934,369945,369843
1,370160,370136,370129,370142,370038
5,370310,370332,370324,370338,370233
6,370550,370527,370519,370534,370428
7,370720,370723,370713,370731,370623
8,370850,370919,370908,370927,370818
9,371070,371114,371103,371123,371013
11,371310,371310,371298,371320,371208
10,371520,371505,371493,371516,371403
12,371740,371701,371688,371712,371598
4,372160,372104,372101,372112,371987
3,372360,372300,372296,372308,372182
1,372540,372496,372491,372504,372377
2,372720,372692,372687,372700,372572
6,372940,372888,372882,372896,372767
5,373090,373084,373078,373092,372962
8,373290,373280,373273,373288,373157
7,373430,373477,373469,373484,373352
11,373650,373673,373664,373680,373547
9,373830,373869,373860,373876,373742
10,374030,374065,374055,374072,373937
12,374270,374261,374251,374267,374132
4,374470,374457,374446,374463,374327
1,374670,374653,374642,374659,374521
3,374830,374849,374837,374855,374716
6,375050,375045,375033,375051,374911
2,375280,375241,375228,375247,375106
8,375460,375437,375423,375443,375301
5,375640,375633,375619,375639,375496
11,375790,375829,375814,375835,375691
7,375990,376025,376010,376031,375886
10,376220,376222,376205,376227,376081
9,376410,376418,376401,376422,376276
12,376650,376614,376596,376618,376471
1,377020,376986,376985,376985,376860
4,377170,377182,377180,377180,377055
3,377330,377377,377376,377375,377250
2,377540,377573,377571,377570,377445
6,377780,377768,377767,377766,377640
5,377950,377963,377962,377961,377835
8,378190,378159,378157,378156,378030
7,378330,378354,378353,378351,378225
11,378530,378550,378548,378547,378420
9,378730,378745,378744,378742,378615
10,378950,378941,378939,378937,378810
12,379160,379136,379135,379132,379005
1,379350,379331,379330,379328,379200
3,379480,379527,379525,379523,379394
4,379660,379722,379721,379718,379589
6,379860,379918,379916,379913,379784
2,380090,380113,380112,380109,379979
8,380380,380309,380307,380304,380174
5,380540,380504,380503,380499,380369
11,380660,380699,380698,380694,380564
7,380910,380895,380893,380890,380759
10,381110,381090,381089,381085,380954
9,381300,381286,381284,381280,381149
12,381500,381481,381480,381475,381344
3,381900,381861,381866,381859,381733
1,382080,382056,382061,382054,381928
4,382240,382252,382256,382250,382123
2,382410,382447,382452,382445,382318
6,382630,382643,382647,382641,382513
5,382780,382838,382842,382837,382708
8,383030,383034,383038,383032,382903
7,383190,383229,383233,383228,383098
11,383440,383425,383428,383423,383293
9,383610,383620,383623,383619,383488
10,383820,383816,383819,383815,383683
12,384030,384011,384014,384010,383878
3,384210,384207,384209,384206,384072
4,384420,384402,384405,384401,384267
1,384630,384598,384600,384597,384462
6,384810,384793,384795,384792,384657
2,385020,384989,384991,384988,384852
8,385160,385184,385186,385184,385047
5,385380,385380,385381,385379,385242
11,385570,385575,385577,385575,385437
7,385740,385771,385772,385770,385632
10,385950,385966,385967,385966,385827
9,386160,386162,386162,386162,386022
12,386380,386357,386358,386357,386217
4,386760,386739,386746,386738,386606
3,386960,386935,386941,386934,386801
6,387150,387130,387136,387130,386996
1,387340,387326,387332,387325,387191
8,387480,387522,387527,387521,387386
2,387710,387717,387722,387717,387581
11,387920,387913,387917,387913,387776
5,388140,388109,388113,388108,387971
10,388250,388304,388308,388304,388166
7,388470,388500,388503,388500,388361
9,388690,388696,388698,388696,388556
12,388930,388891,388894,388891,388751
4,389050,389087,389089,389087,388945
6,389270,389283,389284,389283,389140
3,389490,389479,389479,389479,389335
8,389650,389674,389675,389674,389530
1,389840,389870,389870,389870,389725
11,390050,390066,390065,390066,389920
2,390290,390261,390260,390262,390115
10,390460,390457,390456,390457,390310
5,390680,390653,390651,390653,390505
9,390860,390848,390846,390849,390700
7,391010,391044,391041,391045,390895
12,391290,391240,391237,391240,391090
6,391670,391626,391629,391621,391479
4,391830,391822,391824,391817,391674
8,392030,392017,392019,392013,391869
3,392290,392213,392214,392209,392064
11,392370,392408,392410,392405,392259
1,392570,392603,392605,392601,392454
10,392800,392799,392800,392797,392649
2,392980,392994,392996,392993,392844
9,393200,393190,393191,393189,393039
5,393380,393385,393386,393385,393234
7,393540,393581,393581,393581,393429
12,393760,393776,393777,393777,393624
6,393960,393972,393972,393973,393818
8,394190,394167,394167,394169,394013
4,394350,394363,394363,394366,394208
11,394550,394558,394558,394562,394403
3,394760,394754,394753,394758,394598
10,394970,394949,394948,394954,394793
1,395150,395144,395144,395150,394988
9,395330,395340,395339,395346,395183
2,395540,395535,395534,395542,395378
7,395730,395731,395729,395738,395573
5,395900,395926,395925,395934,395768
12,396160,396122,396120,396130,395963
8,396550,396512,396518,396517,396352
6,396770,396708,396713,396713,396547
11,396910,396905,396909,396909,396742
4,397070,397101,397104,397105,396937
10,397280,397297,397300,397301,397132
3,397510,397493,397495,397497,397327
9,397680,397690,397691,397693,397522
1,397890,397886,397886,397889,397717
7,398070,398082,398082,398085,397912
2,398270,398278,398277,398281,398107
5,398450,398475,398473,398477,398302
12,398660,398671,398668,398673,398497
8,398850,398867,398864,398869,398691
11,399080,399063,399059,399065,398886
6,399260,399260,399255,399261,399081
10,399480,399456,399450,399457,399276
4,399640,399652,399646,399653,399471
9,399850,399849,399841,399849,399666
3,400020,400045,400037,400045,399861
7,400220,400241,400232,400241,400056
1,400440,400437,400428,400437,400251
5,400660,400634,400623,400633,400446
2,400830,400830,400819,400829,400641
12,401060,401026,401014,401025,400836
11,401400,401408,401407,401411,401225
8,401610,401604,401602,401606,401420
10,401800,401799,401798,401802,401615
6,402020,401995,401993,401997,401810
9,402220,402190,402189,402192,402005
4,402360,402386,402384,402387,402200
7,402550,402581,402580,402582,402395
3,402770,402777,402775,402778,402590
5,402940,402972,402971,402973,402785
1,403180,403168,403167,403168,402980
2,403390,403363,403362,403363,403175
12,403560,403559,403558,403559,403370
11,403750,403754,403753,403754,403564
10,403990,403950,403949,403949,403759
8,404130,404145,404144,404144,403954
9,404340,404341,404340,404340,404149
6,404540,404537,404535,404535,404344
7,404740,404732,404731,404730,404539
4,404890,404928,404926,404925,404734
5,405110,405123,405122,405121,404929
3,405310,405319,405317,405316,405124
2,405500,405514,405513,405511,405319
1,405710,405710,405708,405706,405514
12,405940,405905,405904,405901,405709
10,406260,406278,406280,406275,406098
11,406470,406473,406475,406470,406293
9,406660,406667,406670,406664,406488
8,406920,406862,406865,406859,406683
7,407040,407056,407060,407053,406878
6,407260,407251,407255,407248,407073
5,407430,407445,407450,407442,407268
4,407630,407640,407645,407637,407463
2,407800,407835,407840,407832,407658
3,408000,408029,408036,408026,407853
1,408210,408224,408231,408221,408048
12,408370,408418,408426,408415,408243
10,408600,408613,408621,408610,408437
9,408810,408807,408816,408804,408632
11,408990,409002,409011,408999,408827
7,409180,409196,409206,409193,409022
8,409420,409391,409401,409388,409217
5,409610,409586,409596,409583,409412
6,409800,409780,409791,409777,409607
2,410000,409975,409987,409972,409802
4,410180,410169,410182,410166,409997
1,410350,410364,410377,410361,410192
3,410560,410558,410572,410555,410387
12,410750,410753,410767,410750,410582
9,411120,411133,411139,411125,410971
10,411320,411327,411333,411320,411166
7,411520,411521,411528,411514,411361
11,411750,411715,411723,411709,411556
5,411940,411909,411917,411904,411751
8,412090,412103,412112,412098,411946
2,412280,412297,412306,412293,412141
6,412490,412491,412501,412488,412336
1,412700,412685,412695,412683,412531
4,412870,412879,412890,412877,412726
3,413030,413073,413085,413072,412921
12,413230,413267,413279,413267,413116
9,413460,413461,413474,413462,413310
7,413670,413655,413668,413656,413505
10,413870,413849,413863,413851,413700
5,414070,414043,414057,414046,413895
11,414250,414237,414252,414240,414090
2,414460,414431,414446,414435,414285
8,414620,414625,414641,414630,414480
1,414810,414819,414836,414825,414675
6,415020,415013,415030,415019,414870
3,415200,415207,415225,415214,415065
4,415370,415402,415419,415409,415260
12,415600,415596,415614,415604,415455
7,416010,415990,415997,415989,415844
9,416200,416184,416191,416184,416039
5,416380,416379,416386,416379,416234
10,416580,416573,416580,416573,416429
2,416790,416767,416774,416768,416624
11,417010,416962,416969,416963,416819
1,417200,417156,417163,417158,417014
8,417370,417351,417358,417352,417209
3,417540,417545,417552,417547,417404
6,417760,417739,417746,417742,417599
4,417890,417934,417941,417937,417794
12,418050,418128,418135,418131,417989
7,418270,418322,418329,418326,418183
5,418520,418517,418524,418521,418378
9,418720,418711,418718,418716,418573
2,418930,418906,418913,418910,418768
10,419110,419100,419107,419105,418963
1,419260,419294,419301,419300,419158
11,419520,419489,419496,419495,419353
3,419730,419683,419690,419689,419548
8,419890,419877,419884,419884,419743
4,420050,420072,420079,420079,419938
6,420250,420266,420273,420274,420133
12,420460,420461,420467,420468,420328
5,420870,420846,420851,420843,420717
7,421020,421041,421045,421038,420912
2,421240,421235,421240,421232,421107
9,421430,421429,421434,421427,421302
1,421630,421624,421628,421622,421497
10,421810,421818,421822,421816,421692
3,422020,422012,422016,422011,421887
11,422210,422207,422211,422206,422082
4,422410,422401,422405,422400,422277
8,422600,422595,422599,422595,422472
6,422820,422789,422793,422789,422667
12,422970,422984,422988,422984,422862
5,423130,423178,423182,423179,423056
2,423370,423372,423376,423373,423251
7,423580,423567,423570,423568,423446
1,423780,423761,423764,423762,423641
9,423960,423955,423959,423957,423836
3,424130,424150,424153,424152,424031
10,424320,424344,424347,424346,424226
4,424530,424538,424541,424541,424421
11,424730,424732,424736,424735,424616
6,424890,424927,424930,424930,424811
8,425150,425121,425124,425125,425006
12,425350,425315,425318,425319,425201
2,425710,425702,425706,425695,425590
5,425900,425896,425900,425890,425785
1,426130,426091,426095,426085,425980
7,426270,426285,426289,426281,426175
3,426480,426480,426483,426476,426370
9,426660,426675,426677,426671,426565
4,426870,426869,426872,426866,426760
10,427040,427064,427066,427061,426955
6,427250,427258,427260,427256,427150
11,427420,427453,427454,427451,427345
8,427680,427647,427648,427646,427540
12,427840,427842,427843,427842,427735
2,428040,428036,428037,428037,427929
1,428270,428231,428231,428232,428124
5,428420,428425,428425,428427,428319
3,428620,428620,428619,428622,428514
7,428800,428814,428814,428817,428709
4,429000,429009,429008,429012,428904
9,429200,429203,429202,429208,429099
6,429380,429398,429396,429403,429294
10,429620,429592,429591,429598,429489
8,429760,429787,429785,429793,429684
11,429970,429981,429979,429988,429879
12,430210,430176,430173,430183,430074
1,430590,430569,430573,430563,430463
2,430810,430765,430768,430759,430658
3,431010,430960,430962,430955,430853
5,431150,431155,431157,431151,431048
4,431340,431351,431351,431347,431243
7,431490,431546,431546,431543,431438
6,431700,431741,431740,431739,431633
9,431900,431937,431935,431936,431828
8,432150,432132,432129,432132,432023
10,432310,432327,432324,432328,432218
11,432540,432523,432518,432524,432413
12,432730,432718,432713,432720,432608
1,432890,432913,432908,432916,432802
3,433170,433109,433102,433112,432997
2,433360,433304,433297,433308,433192
4,433520,433499,433491,433504,433387
5,433730,433695,433686,433700,433582
6,433910,433890,433880,433896,433777
7,434050,434085,434075,434092,433972
8,434210,434281,434269,434289,434167
9,434430,434476,434464,434485,434362
11,434650,434671,434659,434681,434557
10,434880,434867,434853,434877,434752
12,435110,435062,435048,435073,434947
3,435490,435461,435461,435466,435336
1,435650,435658,435656,435662,435531
2,435890,435854,435852,435859,435726
5,436080,436051,436047,436055,435921
4,436290,436247,436242,436251,436116
7,436460,436443,436438,436447,436311
6,436620,436640,436633,436644,436506
9,436810,436836,436828,436840,436701
8,437020,437033,437023,437036,436896
10,437210,437229,437219,437233,437091
11,437410,437425,437414,437429,437286
12,437620,437622,437609,437625,437480
3,437820,437818,437804,437821,437675
2,438020,438015,438000,438018,437870
1,438220,438211,438195,438214,438065
4,438380,438407,438390,438410,438260
5,438620,438604,438585,438607,438455
6,438800,438800,438781,438803,438650
7,438990,438997,438976,438999,438845
8,439220,439193,439171,439195,439040
9,439420,439389,439366,439392,439235
11,439560,439586,439562,439588,439430
10,439760,439782,439757,439784,439625
12,440000,439979,439952,439981,439820
2,440360,440364,440355,440358,440209
3,440570,440560,440550,440554,440404
4,440790,440755,440746,440750,440599
1,440940,440951,440941,440946,440794
6,441140,441146,441137,441142,440989
5,441330,441342,441332,441338,441184
8,441580,441537,441528,441534,441379
7,441680,441733,441724,441730,441574
11,441900,441928,441919,441926,441769
9,442150,442124,442115,442122,441964
10,442310,442320,442310,442318,442159
12,442520,442515,442506,442514,442353
2,442710,442711,442702,442710,442548
4,442900,442906,442897,442906,442743
3,443120,443102,443093,443102,442938
6,443280,443297,443288,443298,443133
1,443480,443493,443484,443494,443328
8,443700,443688,443680,443690,443523
5,443900,443884,443875,443886,443718
11,444030,444079,444071,444082,443913
7,444240,444275,444266,444278,444108
10,444470,444470,444462,444474,444303
9,444690,444666,444658,444670,444498
12,444900,444861,444853,444866,444693
4,445300,445260,445249,445254,445082
2,445500,445455,445445,445450,445277
6,445670,445650,445641,445645,445472
3,445890,445845,445836,445841,445667
8,446020,446040,446032,446037,445862
1,446200,446234,446228,446232,446057
11,446430,446429,446423,446428,446252
5,446620,446624,446619,446624,446447
10,446800,446819,446815,446820,446642
7,446980,447014,447010,447015,446837
9,447200,447209,447206,447211,447032
12,447420,447404,447402,447407,447226
4,447600,447599,447597,447602,447421
6,447800,447794,447793,447798,447616
2,448040,447989,447989,447994,447811
8,448190,448184,448184,448190,448006
3,448390,448379,448380,448385,448201
11,448560,448574,448576,448581,448396
1,448770,448768,448772,448777,448591
10,448960,448963,448967,448972,448786
5,449140,449158,449163,449168,448981
9,449350,449353,449359,449364,449176
7,449510,449548,449554,449560,449371
12,449770,449743,449750,449755,449566
6,450120,450130,450134,450129,449955
4,450300,450326,450330,450324,450150
8,450550,450521,450525,450520,450345
2,450720,450717,450721,450715,450540
11,450920,450912,450916,450911,450735
3,451120,451108,451112,451106,450930
10,451280,451304,451307,451302,451125
1,451470,451499,451503,451498,451320
9,451690,451695,451698,451693,451515
5,451880,451890,451894,451889,451710
7,452070,452086,452089,452084,451905
12,452260,452281,452285,452280,452099
6,452490,452477,452480,452475,452294
8,452640,452672,452676,452671,452489
4,452880,452868,452871,452866,452684
11,453060,453063,453067,453062,452879
2,453280,453259,453262,453257,453074
10,453480,453455,453458,453453,453269
3,453660,453650,453653,453649,453464
9,453840,453846,453849,453844,453659
1,454050,454041,454044,454040,453854
7,454230,454237,454240,454235,454049
5,454440,454432,454436,454431,454244
12,454630,454628,454631,454626,454439
8,454960,455008,455018,455012,454828
6,455190,455204,455214,455207,455023
11,455420,455400,455409,455403,455218
4,455600,455596,455605,455599,455413
10,455790,455793,455800,455794,455608
2,455960,455989,455995,455990,455803
9,456180,456185,456191,456186,455998
3,456370,456382,456386,456381,456193
7,456580,456578,456582,456577,456388
1,456780,456774,456777,456773,456583
5,456950,456971,456973,456968,456778
12,457160,457167,457168,457164,456972
8,457340,457363,457364,457359,457167
11,457500,457560,457559,457555,457362
6,457770,457756,457755,457751,457557
10,457970,457952,457950,457946,457752
4,458190,458148,458146,458142,457947
9,458360,458345,458341,458338,458142
2,458530,458541,458536,458533,458337
7,458740,458737,458732,458729,458532
3,458950,458934,458927,458925,458727
5,459120,459130,459123,459120,458922
1,459340,459326,459318,459316,459117
12,459530,459523,459514,459512,459311
11,459880,459897,459898,459895,459701
8,460090,460092,460094,460090,459896
10,460270,460287,460289,460286,460091
6,460490,460483,460484,460481,460286
9,460690,460678,460680,460676,460481
4,460860,460873,460875,460871,460676
7,461060,461069,461070,461066,460871
2,461250,461264,461266,461261,461066
5,461420,461459,461461,461457,461261
3,461630,461655,461656,461652,461456
1,461850,461850,461852,461847,461651
12,462060,462045,462047,462042,461845
11,462220,462241,462242,462237,462040
10,462460,462436,462437,462432,462235
8,462640,462631,462633,462627,462430
9,462830,462827,462828,462823,462625
6,463020,463022,463023,463018,462820
7,463220,463217,463219,463213,463015
4,463390,463413,463414,463408,463210
5,463610,463608,463609,463603,463405
2,463790,463803,463805,463798,463600
1,464020,463999,464000,463994,463795
3,464190,464194,464195,464189,463990
12,464410,464389,464391,464384,464184
10,464750,464766,464767,464757,464574
11,464950,464960,464962,464952,464769
9,465140,465154,465157,465147,464964
8,465360,465349,465352,465342,465159
7,465530,465543,465547,465537,465354
6,465770,465738,465742,465732,465549
5,465930,465932,465937,465927,465744
4,466160,466127,466132,466122,465939
1,466330,466321,466327,466317,466134
2,466490,466515,466521,466512,466329
3,466670,466710,466716,466707,466524
12,466880,466904,466911,466902,466718
10,467080,467099,467106,467097,466913
9,467300,467293,467301,467292,467108
11,467470,467487,467496,467487,467303
7,467650,467682,467691,467682,467498
8,467900,467876,467886,467877,467693
5,468080,468071,468081,468072,467888
6,468280,468265,468276,468267,468083
1,468480,468459,468471,468461,468278
4,468660,468654,468666,468656,468473
3,468830,468848,468860,468851,468668
2,469050,469043,469055,469046,468863
12,469240,469237,469250,469241,469057
9,469600,469620,469634,469618,469447
10,469820,469816,469829,469814,469642
7,469990,470011,470023,470010,469837
11,470240,470207,470218,470205,470032
5,470410,470402,470413,470401,470227
8,470630,470598,470608,470597,470422
1,470780,470793,470802,470792,470617
6,471010,470989,470997,470988,470812
3,471170,471184,471192,471184,471007
4,471380,471380,471387,471379,471202
2,471560,471575,471581,471575,471397
12,471730,471771,471776,471771,471591
9,471940,471967,471971,471966,471786
7,472150,472162,472166,472162,471981
10,472360,472358,472361,472357,472176
5,472540,472553,472555,472553,472371
11,472750,472749,472750,472749,472566
1,472940,472944,472945,472944,472761
8,473140,473140,473140,473140,472956
3,473350,473335,473334,473336,473151
6,473570,473531,473529,473531,473346
2,473740,473726,473724,473727,473541
4,473920,473922,473919,473923,473736
12,474120,474117,474114,474118,473930
7,474500,474502,474513,474513,474320
9,474690,474698,474708,474708,474515
5,474900,474895,474903,474904,474710
10,475120,475091,475098,475099,474905
1,475270,475288,475293,475295,475100
11,475490,475484,475488,475491,475295
3,475690,475681,475683,475686,475490
8,475900,475877,475878,475882,475685
2,476020,476074,476073,476077,475880
6,476290,476270,476269,476273,476075
4,476480,476467,476464,476468,476270
12,476590,476663,476659,476664,476464
7,476860,476860,476854,476859,476659
5,477080,477056,477049,477055,476854
9,477260,477253,477244,477251,477049
1,477460,477449,477439,477446,477244
10,477650,477646,477634,477642,477439
3,477830,477842,477829,477837,477634
11,478000,478039,478024,478033,477829
2,478230,478235,478219,478228,478024
8,478480,478432,478415,478424,478219
4,478660,478628,478610,478619,478414
6,478850,478825,478805,478815,478609
12,478980,479021,479000,479011,478803
5,479410,479393,479386,479384,479193
7,479570,479588,479581,479579,479388
1,479800,479782,479776,479774,479583
9,480000,479976,479971,479969,479778
3,480150,480171,480166,480164,479973
10,480350,480365,480361,480359,480168
2,480540,480559,480556,480554,480363
11,480730,480754,480751,480749,480558
4,480950,480948,480946,480944,480753
8,481180,481142,481141,481139,480948
6,481310,481337,481336,481333,481143
12,481520,481531,481531,481528,481337
5,481680,481725,481726,481723,481532
1,481940,481919,481921,481918,481727
7,482110,482114,482116,482113,481922
3,482330,482308,482311,482308,482117
9,482490,482502,482505,482503,482312
2,482690,482697,482700,482698,482507
10,482910,482891,482895,482893,482702
4,483090,483085,483090,483088,482897
11,483280,483280,483285,483283,483092
6,483440,483474,483480,483477,483287
8,483650,483668,483675,483672,483482
12,483900,483863,483870,483867,483676
1,484280,484245,484253,484245,484066
5,484420,484440,484447,484440,484261
7,484620,484635,484642,484635,484456
9,484830,484830,484837,484830,484651
3,485020,485025,485032,485025,484846
10,485230,485220,485227,485220,485041
2,485430,485415,485421,485415,485236
11,485610,485610,485616,485610,485431
4,485820,485805,485811,485805,485626
8,485990,486000,486006,486000,485821
6,486150,486195,486200,486195,486015
12,486350,486390,486395,486390,486210
1,486580,486584,486590,486585,486405
7,486760,486779,486785,486780,486600
5,487000,486974,486979,486975,486795
3,487190,487169,487174,487170,486990
9,487380,487364,487369,487365,487185
2,487560,487559,487564,487560,487380
10,487780,487754,487758,487755,487575
4,487980,487949,487953,487950,487770
11,488140,488144,488148,488145,487965
6,488310,488339,488343,488340,488160
8,488520,488534,488538,488535,488355
12,488740,488729,488732,488730,488549
7,489140,489114,489119,489114,488939
1,489300,489309,489314,489309,489134
5,489460,489504,489508,489504,489329
9,489700,489698,489703,489699,489524
3,489910,489893,489898,489894,489719
10,490100,490088,490092,490089,489914
2,490280,490283,490287,490284,490109
11,490480,490478,490482,490479,490304
4,490730,490673,490676,490674,490499
8,490870,490868,490871,490869,490694
6,491060,491062,491066,491063,490888
12,491250,491257,491260,491258,491083
7,491440,491452,491455,491453,491278
5,491620,491647,491650,491648,491473
1,491870,491842,491844,491843,491668
3,492080,492037,492039,492038,491863
9,492240,492232,492234,492233,492058
2,492400,492426,492428,492428,492253
10,492620,492621,492623,492623,492448
4,492790,492816,492818,492818,492643
11,492980,493011,493012,493012,492838
6,493210,493206,493207,493207,493033
8,493380,493401,493402,493402,493228
12,493630,493595,493597,493597,493422
5,493960,493974,493980,493970,493812
7,494160,494169,494174,494165,494007
3,494370,494363,494369,494360,494202
1,494550,494558,494563,494555,494397
2,494720,494753,494758,494750,494592
9,494960,494947,494952,494945,494787
4,495150,495142,495147,495140,494982
10,495350,495337,495341,495335,495177
6,495560,495532,495536,495530,495372
11,495720,495726,495730,495725,495567
8,495890,495921,495925,495920,495761
12,496090,496116,496119,496115,495956
5,496300,496311,496314,496310,496151
3,496510,496505,496509,496505,496346
7,496720,496700,496703,496700,496541
2,496920,496895,496898,496895,496736
1,497110,497089,497092,497090,496931
4,497270,497284,497287,497285,497126
9,497490,497479,497481,497480,497321
6,497650,497674,497676,497675,497516
10,497880,497868,497870,497870,497711
8,498040,498063,498065,498065,497906
11,498270,498258,498259,498260,498101
12,498450,498453,498454,498454,498295
3,498880,498839,498846,498838,498685
5,499040,499035,499040,499033,498880
2,499250,499230,499235,499228,499075
7,499410,499425,499429,499424,499270
4,499610,499620,499624,499619,499465
1,499810,499815,499819,499815,499660
6,499990,500010,500013,500010,499855
9,500200,500206,500208,500206,500050
8,500380,500401,500403,500401,500245
10,500570,500596,500597,500597,500440
11,500800,500791,500792,500792,500634
12,501020,500986,500986,500988,500829
3,501170,501182,501181,501183,501024
2,501420,501377,501376,501379,501219
5,501570,501572,501570,501574,501414
4,501820,501767,501765,501770,501609
7,501970,501962,501959,501965,501804
6,502150,502157,502154,502160,501999
1,502360,502353,502349,502356,502194
8,502500,502548,502543,502551,502389
9,502700,502743,502738,502747,502584
11,502940,502938,502932,502942,502779
10,503120,503133,503127,503138,502974
12,503370,503329,503322,503333,503168
2,503770,503719,503719,503714,503558
3,503940,503914,503914,503910,503753
4,504140,504109,504109,504105,503948
5,504330,504305,504303,504301,504143
6,504500,504500,504498,504497,504338
7,504650,504695,504693,504693,504533
8,504900,504890,504888,504889,504728
1,505050,505085,505083,505084,504923
11,505260,505280,505278,505280,505118
9,505460,505475,505472,505476,505313
10,505630,505670,505667,505672,505507
12,505860,505865,505862,505868,505702
2,506080,506060,506057,506063,505897
4,506330,506256,506252,506259,506092
3,506470,506451,506447,506455,506287
6,506660,506646,506641,506651,506482
5,506840,506841,506836,506846,506677
8,507040,507036,507031,507042,506872
7,507200,507231,507226,507238,507067
11,507400,507426,507421,507434,507262
1,507580,507621,507615,507630,507457
10,507810,507816,507810,507825,507652
9,508050,508011,508005,508021,507846
12,508220,508207,508200,508217,508041
4,508600,508596,508602,508598,508431
2,508810,508793,508797,508795,508626
6,509000,508989,508993,508991,508821
3,509240,509185,509188,509187,509016
8,509390,509382,509383,509383,509211
5,509580,509578,509578,509580,509406
11,509770,509774,509773,509776,509601
7,509910,509970,509969,509972,509796
10,510150,510167,510164,510168,509991
1,510330,510363,510359,510364,510186
9,510550,510559,510554,510561,510380
12,510760,510756,510750,510757,510575
4,510960,510952,510945,510953,510770
6,511160,511148,511140,511149,510965
2,511370,511345,511335,511346,511160
8,511510,511541,511530,511542,511355
3,511730,511737,511726,511738,511550
11,511910,511933,511921,511934,511745
5,512160,512130,512116,512130,511940
10,512350,512326,512311,512327,512135
7,512500,512522,512506,512523,512330
9,512730,512719,512702,512719,512525
1,512920,512915,512897,512915,512719
12,513130,513111,513092,513112,512914
6,513540,513498,513497,513498,513304
4,513690,513694,513693,513695,513499
8,513890,513891,513888,513891,513694
2,514090,514087,514084,514088,513889
11,514280,514283,514280,514284,514084
3,514470,514480,514475,514480,514279
10,514670,514676,514671,514677,514474
5,514920,514873,514867,514873,514669
9,515050,515069,515062,515069,514864
7,515210,515265,515258,515266,515059
1,515450,515462,515454,515462,515253
12,515670,515658,515649,515658,515448
6,515850,515854,515845,515855,515643
8,516060,516051,516041,516051,515838
4,516240,516247,516236,516248,516033
11,516440,516444,516432,516444,516228
2,516640,516640,516627,516640,516423
10,516840,516836,516823,516837,516618
3,517050,517033,517019,517033,516813
9,517200,517229,517214,517229,517008
5,517440,517425,517410,517426,517203
1,517620,517622,517606,517622,517398
7,517810,517818,517801,517819,517592
12,518040,518015,517997,518015,517787
8,518460,518399,518396,518401,518177
6,518650,518595,518592,518597,518372
11,518810,518791,518788,518792,518567
4,518960,518987,518983,518988,518762
10,519150,519183,519179,519184,518957
2,519360,519379,519375,519380,519152
9,519570,519575,519571,519576,519347
3,519730,519771,519767,519772,519542
1,519920,519967,519963,519968,519737
5,520170,520163,520159,520164,519932
7,520360,520359,520354,520360,520126
12,520550,520555,520550,520555,520321
8,520750,520752,520746,520751,520516
11,520940,520948,520942,520947,520711
6,521120,521144,521138,521143,520906
10,521350,521340,521334,521339,521101
4,521550,521536,521530,521535,521296
9,521730,521732,521725,521731,521491
2,521960,521928,521921,521927,521686
1,522110,522124,522117,522122,521881
3,522280,522320,522313,522318,522076
7,522520,522516,522509,522514,522271
5,522770,522712,522705,522710,522465
12,522910,522908,522901,522906,522660
11,523310,523285,523285,523285,523050
8,523460,523480,523481,523480,523245
10,523670,523676,523677,523675,523440
6,523860,523871,523872,523870,523635
9,524060,524067,524068,524066,523830
4,524240,524262,524264,524261,524025
1,524470,524458,524459,524456,524220
2,524670,524653,524655,524652,524415
7,524840,524849,524851,524847,524610
3,525040,525044,525046,525042,524805
5,525210,525240,525242,525237,524999
12,525430,525435,525438,525433,525194
11,525640,525631,525633,525628,525389
10,525830,525826,525829,525823,525584
8,525980,526022,526025,526019,525779
9,526210,526217,526220,526214,525974
6,526370,526413,526416,526409,526169
1,526610,526608,526612,526605,526364
4,526820,526804,526808,526800,526559
7,527000,526999,527003,526995,526754
2,527220,527194,527199,527190,526949
5,527410,527390,527395,527386,527144
3,527580,527585,527590,527581,527338
12,527800,527781,527786,527776,527533
10,528170,528154,528163,528160,527923
11,528380,528349,528358,528355,528118
9,528530,528545,528553,528550,528313
8,528710,528740,528749,528744,528508
1,528920,528935,528944,528939,528703
6,529120,529131,529139,529133,528898
7,529320,529326,529335,529328,529093
4,529510,529522,529530,529522,529288
5,529690,529717,529725,529717,529483
2,529910,529913,529921,529911,529678
3,530100,530108,530116,530106,529872
12,530280,530303,530311,530301,530067
10,530490,530499,530506,530495,530262
9,530690,530694,530702,530690,530457
11,530890,530890,530897,530884,530652
1,531060,531085,531092,531079,530847
8,531280,531281,531288,531273,531042
7,531430,531476,531483,531468,531237
6,531670,531672,531678,531663,531432
5,531880,531867,531874,531857,531627
4,532090,532062,532069,532052,531822
3,532280,532258,532264,532246,532017
2,532470,532453,532459,532441,532211
12,532680,532649,532655,532635,532406
9,532990,533013,533019,533009,532796
10,533220,533207,533214,533203,532991
1,533390,533401,533409,533397,533186
11,533610,533595,533603,533591,533381
7,533770,533789,533798,533785,533576
8,533970,533983,533992,533979,533771
5,534130,534177,534187,534173,533966
6,534320,534371,534381,534366,534161
3,534570,534564,534576,534560,534356
4,534750,534758,534771,534754,534550
2,534950,534952,534965,534948,534745
12,535190,535146,535160,535142,534940
9,535350,535340,535354,535336,535135
1,535520,535534,535549,535530,535330
10,535720,535728,535743,535723,535525
7,535920,535922,535938,535917,535720
11,536100,536116,536133,536111,535915
5,536300,536310,536327,536305,536110
8,536470,536504,536522,536499,536305
3,536720,536698,536716,536693,536500
6,536910,536892,536911,536887,536695
2,537090,537086,537105,537080,536890
4,537270,537279,537300,537274,537084
12,537500,537473,537495,537468,537279
1,537830,537842,537859,537842,537669
9,538000,538036,538053,538036,537864
10,538230,538230,538247,538230,538059
11,538440,538424,538441,538423,538254
7,538590,538618,538635,538617,538449
8,538830,538812,538828,538811,538644
5,539010,539006,539022,539005,538839
6,539210,539201,539216,539199,539034
3,539380,539395,539410,539392,539229
4,539590,539589,539604,539586,539423
2,539760,539783,539798,539780,539618
12,539950,539977,539992,539974,539813
1,540160,540171,540186,540168,540008
10,540370,540365,540380,540362,540203
9,540560,540559,540574,540555,540398
7,540730,540753,540767,540749,540593
11,540930,540947,540961,540943,540788
5,541130,541141,541155,541137,540983
8,541370,541335,541349,541331,541178
3,541570,541529,541543,541524,541373
6,541740,541723,541737,541718,541568
2,541920,541917,541931,541912,541763
4,542090,542111,542125,542106,541957
12,542310,542305,542319,542300,542152
10,542690,542680,542693,542679,542542
1,542870,542874,542887,542873,542737
9,543090,543068,543080,543067,542932
11,543260,543262,543274,543261,543127
7,543420,543456,543467,543455,543322
8,543650,543649,543661,543649,543517
5,543850,543843,543855,543843,543712
6,544060,544037,544048,544037,543907
3,544240,544231,544242,544231,544102
4,544420,544425,544435,544425,544296
2,544600,544619,544629,544619,544491
12,544780,544813,544822,544813,544686
10,545000,545007,545016,545007,544881
9,545220,545200,545209,545201,545076
1,545410,545394,545403,545395,545271
7,545590,545588,545596,545589,545466
11,545770,545782,545790,545783,545661
5,545980,545976,545984,545977,545856
8,546170,546170,546177,546171,546051
3,546360,546364,546371,546365,546246
6,546540,546558,546564,546559,546441
2,546770,546751,546758,546752,546636
4,546950,546945,546951,546946,546830
12,547140,547139,547145,547140,547025
9,547500,547514,547529,547513,547415
10,547720,547708,547722,547707,547610
7,547930,547903,547916,547902,547805
1,548110,548097,548109,548096,548000
5,548310,548292,548303,548291,548195
11,548490,548487,548496,548486,548390
3,548670,548681,548690,548680,548585
8,548860,548876,548883,548875,548780
2,549030,549070,549077,549069,548975
6,549250,549265,549270,549264,549169
4,549450,549459,549464,549459,549364
12,549600,549654,549657,549653,549559
9,549860,549848,549851,549848,549754
7,550010,550043,550044,550042,549949
10,550270,550237,550238,550237,550144
5,550420,550432,550431,550431,550339
1,550640,550626,550625,550626,550534
3,550830,550821,550818,550821,550729
11,551010,551015,551012,551015,550924
2,551240,551210,551205,551210,551119
8,551420,551405,551399,551404,551314
4,551630,551599,551592,551599,551509
6,551780,551794,551785,551794,551703
12,551980,551988,551979,551988,551898
7,552360,552371,552380,552374,552288
9,552560,552566,552574,552569,552483
5,552750,552761,552768,552764,552678
10,552980,552957,552962,552959,552873
3,553180,553152,553156,553155,553068
1,553340,553347,553350,553350,553263
2,553540,553543,553544,553545,553458
11,553780,553738,553738,553740,553653
4,553950,553933,553932,553936,553848
8,554110,554129,554125,554131,554042
6,554350,554324,554319,554326,554237
12,554470,554520,554513,554522,554432
7,554710,554715,554707,554717,554627
5,554920,554910,554901,554912,554822
9,555130,555106,555095,555107,555017
3,555360,555301,555289,555303,555212
10,555470,555496,555483,555498,555407
2,555670,555692,555677,555693,555602
1,555890,555887,555871,555888,555797
4,556050,556082,556065,556084,555992
11,556260,556278,556259,556279,556187
6,556510,556473,556453,556474,556382
8,556650,556669,556647,556669,556576
12,556870,556864,556840,556865,556771
5,557280,557250,557246,557249,557161
7,557460,557445,557440,557444,557356
3,557690,557640,557634,557640,557551
9,557880,557835,557829,557835,557746
2,558030,558029,558023,558030,557941
10,558230,558224,558218,558225,558136
4,558410,558419,558412,558420,558331
1,558600,558614,558606,558615,558526
6,558790,558809,558801,558811,558721
11,558990,559003,558995,559006,558915
8,559230,559198,559190,559201,559110
12,559340,559393,559384,559396,559305
5,559550,559588,559578,559591,559500
3,559800,559783,559773,559787,559695
7,559970,559978,559967,559982,559890
2,560180,560172,560162,560177,560085
9,560410,560367,560356,560372,560280
4,560580,560562,560550,560567,560475
10,560780,560757,560745,560762,560670
6,560900,560952,560939,560958,560865
1,561150,561146,561134,561153,561060
8,561300,561341,561328,561348,561254
11,561550,561536,561522,561543,561449
12,561750,561731,561717,561738,561644
3,562140,562108,562114,562112,562034
5,562310,562304,562309,562307,562229
2,562510,562499,562504,562502,562424
7,562630,562695,562698,562698,562619
4,562860,562891,562893,562893,562814
9,563080,563087,563088,563088,563009
6,563270,563282,563282,563284,563204
10,563470,563478,563477,563479,563399
8,563640,563674,563672,563674,563594
1,563830,563870,563866,563870,563788
11,564080,564065,564061,564065,563983
12,564290,564261,564256,564260,564178
3,564470,564457,564451,564456,564373
2,564670,564653,564645,564651,564568
5,564880,564848,564840,564846,564763
4,565070,565044,565035,565042,564958
7,565250,565240,565229,565237,565153
6,565440,565435,565424,565432,565348
9,565650,565631,565619,565627,565543
8,565830,565827,565813,565823,565738
10,566030,566023,566008,566018,565933
11,566180,566218,566203,566213,566127
1,566390,566414,566397,566409,566322
12,566620,566610,566592,566604,566517
2,567020,566994,566991,566988,566907
3,567210,567189,567186,567183,567102
4,567410,567384,567381,567379,567297
5,567600,567579,567575,567575,567492
6,567760,567774,567770,567771,567687
7,567950,567969,567965,567967,567882
8,568150,568164,568160,568162,568077
9,568350,568359,568355,568358,568272
11,568560,568554,568550,568554,568467
10,568760,568749,568745,568750,568661
1,568940,568945,568940,568945,568856
12,569130,569140,569135,569141,569051
2,569330,569335,569330,569337,569246
4,569550,569530,569525,569533,569441
3,569740,569725,569720,569729,569636
6,569950,569920,569915,569924,569831
5,570110,570115,570110,570120,570026
8,570320,570310,570305,570316,570221
7,570470,570505,570499,570512,570416
11,570690,570700,570694,570708,570611
9,570890,570896,570889,570903,570806
1,571050,571091,571084,571099,571000
10,571270,571286,571279,571295,571195
12,571530,571481,571474,571491,571390
4,571910,571873,571875,571872,571780
2,572100,572069,572070,572068,571975
6,572310,572265,572265,572264,572170
3,572480,572460,572460,572460,572365
8,572640,572656,572656,572656,572560
5,572830,572852,572851,572852,572755
11,573050,573047,573046,573049,572950
7,573220,573243,573241,573245,573145
1,573440,573439,573437,573441,573340
9,573610,573635,573632,573637,573534
10,573790,573830,573827,573833,573729
12,574030,574026,574022,574029,573924
4,574240,574222,574217,574226,574119
6,574450,574418,574413,574422,574314
2,574640,574613,574608,574618,574509
8,574820,574809,574803,574814,574704
3,575020,575005,574998,575010,574899
11,575210,575200,575194,575206,575094
5,575380,575396,575389,575403,575289
1,575580,575592,575584,575599,575484
7,575770,575788,575779,575795,575679
10,575980,575983,575974,575991,575873
9,576200,576179,576170,576187,576068
12,576360,576375,576365,576383,576263
6,576800,576768,576769,576773,576653
4,577000,576964,576964,576969,576848
8,577210,577161,577160,577165,577043
2,577360,577357,577356,577361,577238
11,577550,577553,577551,577557,577433
3,577710,577749,577747,577753,577628
1,577940,577945,577942,577949,577823
5,578140,578142,578138,578145,578018
10,578330,578338,578333,578341,578213
7,578500,578534,578529,578537,578407
9,578730,578730,578725,578733,578602
12,578920,578926,578920,578929,578797
6,579150,579122,579116,579126,578992
8,579350,579319,579311,579322,579187
4,579500,579515,579507,579518,579382
11,579720,579711,579703,579714,579577
2,579930,579907,579898,579910,579772
1,580130,580103,580094,580106,579967
3,580270,580300,580289,580302,580162
10,580490,580496,580485,580498,580357
5,580690,580692,580681,580694,580552
9,580880,580888,580876,580890,580746
7,581050,581084,581072,581086,580941
12,581310,581280,581267,581282,581136
8,581680,581666,581659,581662,581526
6,581870,581861,581855,581858,581721
11,582090,582056,582051,582053,581916
4,582250,582251,582246,582249,582111
1,582470,582446,582442,582444,582306
2,582660,582641,582637,582640,582501
10,582820,582836,582833,582835,582696
3,583020,583032,583029,583030,582891
9,583220,583227,583224,583226,583085
5,583390,583422,583420,583421,583280
7,583580,583617,583615,583617,583475
12,583780,583812,583811,583812,583670
8,584000,584007,584006,584008,583865
11,584220,584202,584202,584203,584060
6,584390,584397,584398,584399,584255
1,584620,584592,584593,584594,584450
4,584840,584787,584789,584790,584645
10,585000,584982,584984,584985,584840
2,585170,585177,585180,585180,585035
9,585400,585372,585376,585376,585230
3,585550,585567,585571,585571,585425
7,585710,585762,585767,585767,585619
5,585950,585957,585962,585962,585814
12,586160,586152,586158,586158,586009
11,586540,586537,586540,586542,586399
8,586750,586732,586735,586737,586594
1,586930,586927,586931,586931,586789
6,587120,587122,587126,587126,586984
10,587350,587317,587321,587321,587179
4,587510,587512,587517,587515,587374
9,587740,587707,587712,587710,587569
2,587880,587902,587907,587904,587764
7,588040,588097,588103,588099,587958
3,588300,588293,588298,588294,588153
5,588460,588488,588493,588488,588348
12,588630,588683,588689,588683,588543
11,588870,588878,588884,588877,588738
1,589060,589073,589079,589072,588933
8,589250,589268,589275,589266,589128
10,589480,589463,589470,589461,589323
6,589660,589658,589665,589656,589518
9,589900,589854,589861,589850,589713
4,590100,590049,590056,590045,589908
7,590240,590244,590251,590239,590103
2,590410,590439,590446,590434,590298
5,590640,590634,590642,590629,590492
3,590830,590829,590837,590823,590687
12,591030,591024,591032,591018,590882
1,591370,591395,591398,591389,591272
11,591580,591589,591593,591583,591467
10,591780,591783,591788,591777,591662
8,592000,591977,591982,591971,591857
9,592170,592170,592177,592165,592052
6,592380,592364,592372,592359,592247
7,592550,592558,592566,592553,592442
4,592740,592752,592761,592747,592637
5,592940,592945,592955,592941,592831
2,593110,593139,593150,593135,593026
3,593340,593333,593345,593329,593221
12,593480,593526,593539,593523,593416
1,593720,593720,593734,593717,593611
10,593890,593914,593929,593911,593806
11,594090,594108,594123,594105,594001
9,594280,594301,594318,594299,594196
8,594490,594495,594512,594493,594391
7,594690,594689,594707,594687,594586
6,594880,594883,594902,594881,594781
5,595100,595076,595096,595075,594976
4,595290,595270,595291,595269,595171
3,595460,595464,595485,595462,595365
2,595660,595658,595680,595656,595560
12,595880,595851,595875,595850,595755
10,596230,596228,596243,596231,596145
1,596410,596422,596437,596425,596340
11,596590,596616,596631,596618,596535
8,596800,596811,596825,596812,596730
9,596990,597005,597019,597006,596925
6,597190,597199,597213,597200,597120
7,597390,597393,597407,597394,597315
4,597610,597588,597602,597587,597510
5,597820,597782,597796,597781,597704
2,597990,597976,597990,597975,597899
3,598170,598170,598184,598169,598094
12,598330,598365,598378,598363,598289
10,598560,598559,598572,598556,598484
11,598730,598753,598766,598750,598679
1,598960,598947,598960,598944,598874
9,599130,599142,599154,599138,599069
8,599290,599336,599348,599332,599264
7,599480,599530,599542,599526,599459
6,599700,599724,599736,599719,599654
5,599940,599919,599930,599913,599849
4,600180,600113,600124,600107,600044
3,600320,600307,600318,600301,600238
2,600520,600501,600512,600495,600433
12,600700,600696,600707,600688,600628
11,601050,601065,601077,601060,601018
10,601280,601259,601270,601254,601213
9,601480,601453,601464,601448,601408
1,601680,601647,601658,601642,601603
7,601800,601840,601851,601836,601798
8,602020,602034,602045,602029,601993
5,602210,602228,602238,602223,602188
6,602360,602421,602432,602417,602383
3,602590,602615,602626,602611,602577
4,602800,602809,602819,602805,602772
2,603000,603003,603013,602999,602967
12,603190,603196,603206,603193,603162
11,603370,603390,603400,603387,603357
9,603570,603584,603593,603581,603552
10,603790,603777,603787,603775,603747
7,603940,603971,603981,603969,603942
1,604170,604165,604174,604163,604137
5,604390,604359,604368,604357,604332
8,604560,604552,604561,604551,604527
3,604760,604746,604755,604744,604722
6,604940,604940,604949,604938,604917
2,605140,605134,605142,605132,605111
4,605340,605327,605336,605326,605306
12,605530,605521,605529,605520,605501
9,605890,605895,605914,605896,605891
11,606100,606090,606107,606091,606086
7,606260,606285,606301,606286,606281
10,606470,606480,606495,606481,606476
5,606660,606675,606688,606675,606671
1,606860,606870,606882,606870,606866
3,607090,607065,607075,607065,607061
8,607280,607260,607269,607260,607256
2,607450,607455,607463,607455,607450
6,607620,607651,607656,607649,607645
4,607820,607846,607850,607844,607840
12,608010,608041,608043,608039,608035
9,608240,608236,608237,608234,608230
7,608410,608431,608430,608428,608425
11,608610,608626,608624,608623,608620
5,608820,608821,608818,608818,608815
10,609060,609016,609011,609013,609010
3,609200,609211,609205,609208,609205
1,609400,609406,609398,609402,609400
2,609590,609601,609592,609597,609595
8,609840,609797,609786,609792,609789
4,610010,609992,609979,609987,609984
6,610180,610187,610173,610181,610179
12,610400,610382,610366,610376,610374
7,610770,610762,610768,610763,610764
9,610960,610957,610962,610959,610959
5,611120,611153,611156,611154,611154
11,611360,611348,611350,611349,611349
3,611560,611543,611544,611544,611544
10,611760,611739,611739,611740,611739
2,611950,611934,611933,611935,611934
1,612150,612129,612127,612130,612129
4,612350,612325,612321,612326,612323
8,612500,612520,612515,612521,612518
6,612710,612715,612709,612716,612713
12,612890,612910,612903,612912,612908
7,613080,613106,613097,613107,613103
5,613310,613301,613291,613302,613298
9,613500,613496,613485,613497,613493
3,613700,613692,613679,613693,613688
11,613810,613887,613873,613888,613883
2,614060,614082,614067,614083,614078
10,614310,614278,614261,614279,614273
4,614520,614473,614455,614474,614468
1,614700,614668,614649,614669,614662
6,614890,614864,614843,614864,614857
8,614980,615059,615037,615060,615052
12,615280,615254,615231,615255,615247
5,615670,615637,615634,615634,615637
7,615830,615832,615829,615829,615832
3,616060,616027,616023,616025,616027
9,616240,616222,616218,616220,616222
2,616430,616417,616412,616415,616417
11,616620,616612,616607,616611,616612
4,616830,616807,616801,616806,616807
10,616960,617002,616995,617002,617002
6,617170,617197,617190,617197,617196
1,617400,617392,617384,617392,617391
8,617540,617587,617579,617588,617586
12,617750,617782,617773,617783,617781
5,617950,617977,617968,617979,617976
3,618200,618172,618162,618174,618171
7,618360,618367,618357,618369,618366
2,618590,618562,618551,618565,618561
9,618790,618757,618746,618760,618756
4,618980,618952,618940,618955,618951
11,619150,619147,619135,619151,619146
6,619300,619342,619329,619346,619341
10,619520,619537,619523,619542,619535
8,619730,619732,619718,619737,619730
1,619940,619927,619912,619932,619925
12,620130,620122,620107,620128,620120
3,620540,620504,620509,620509,620510
5,620710,620700,620704,620705,620705
2,620900,620896,620899,620900,620900
7,621070,621092,621094,621096,621095
4,621300,621288,621288,621291,621290
9,621490,621484,621483,621487,621485
6,621660,621680,621678,621683,621680
11,621880,621876,621873,621878,621875
8,622050,622072,622068,622074,622069
10,622260,622268,622263,622269,622264
1,622440,622464,622458,622465,622459
12,622680,622660,622653,622661,622654
3,622880,622856,622847,622856,622849
2,623070,623051,623042,623052,623044
5,623240,623247,623237,623247,623239
4,623420,623443,623432,623443,623434
7,623620,623639,623627,623638,623629
6,623830,623835,623822,623834,623824
9,624020,624031,624017,624030,624019
8,624230,624227,624212,624225,624214
11,624400,624423,624406,624421,624408
1,624630,624619,624601,624616,624603
10,624830,624815,624796,624812,624798
12,625050,625011,624991,625008,624993
2,625420,625395,625390,625385,625383
3,625650,625590,625585,625581,625578
4,625810,625785,625780,625777,625773
5,625990,625980,625975,625973,625968
6,626150,626175,626170,626169,626163
7,626330,626370,626365,626365,626358
8,626520,626565,626560,626562,626553
9,626740,626760,626755,626758,626748
1,626950,626955,626950,626954,626942
11,627120,627150,627146,627150,627137
10,627330,627346,627341,627346,627332
12,627600,627541,627536,627542,627527
2,627740,627736,627731,627738,627722
4,627980,627931,627926,627934,627917
3,628170,628126,628121,628130,628112
6,628370,628321,628316,628326,628307
5,628520,628516,628511,628522,628502
8,628700,628711,628706,628718,628697
7,628880,628906,628901,628915,628892
1,629080,629101,629097,629111,629087
9,629260,629297,629292,629307,629281
10,629490,629492,629487,629503,629476
11,629640,629687,629682,629699,629671
12,629920,629882,629877,629895,629866
4,630300,630280,630283,630290,630256
2,630510,630476,630478,630485,630451
6,630720,630673,630674,630681,630646
3,630920,630869,630869,630877,630841
8,631070,631065,631065,631073,631036
5,631230,631262,631260,631269,631231
1,631470,631458,631456,631465,631426
7,631620,631654,631652,631661,631620
10,631860,631851,631847,631857,631815
9,632080,632047,632043,632053,632010
11,632220,632243,632238,632249,632205
12,632420,632440,632434,632445,632400
4,632620,632636,632629,632640,632595
6,632830,632832,632825,632836,632790
2,633070,633028,633020,633032,632985
8,633220,633225,633216,633228,633180
3,633420,633421,633411,633424,633375
1,633620,633617,633607,633620,633570
5,633790,633814,633802,633816,633765
10,634020,634010,633998,634012,633960
7,634190,634206,634193,634208,634154
11,634390,634403,634389,634404,634349
9,634630,634599,634585,634600,634544
12,634800,634795,634780,634795,634739
6,635200,635177,635169,635171,635129
4,635410,635372,635364,635366,635324
8,635580,635566,635560,635561,635519
2,635750,635761,635755,635756,635714
1,635960,635956,635950,635951,635909
3,636130,636150,636146,636147,636104
10,636360,636345,636341,636342,636299
5,636510,636540,636537,636537,636493
11,636730,636734,636732,636732,636688
7,636870,636929,636928,636927,636883
9,637110,637124,637123,637123,637078
12,637350,637318,637318,637318,637273
6,637510,637513,637514,637513,637468
8,637700,637707,637709,637708,637663
4,637900,637902,637905,637903,637858
1,638080,638097,638100,638099,638053
2,638320,638291,638296,638294,638248
10,638530,638486,638491,638489,638443
3,638700,638681,638686,638684,638638
11,638870,638875,638882,638879,638833
5,639050,639070,639077,639075,639027
9,639240,639265,639273,639270,639222
7,639420,639459,639468,639465,639417
12,639690,639654,639664,639660,639612
8,640050,640044,640044,640046,640002
6,640260,640238,640240,640240,640197
1,640470,640433,640435,640435,640392
4,640670,640627,640630,640629,640587
10,640840,640822,640825,640824,640782
2,641010,641016,641020,641018,640977
11,641220,641211,641215,641213,641172
3,641390,641405,641410,641407,641366
9,641560,641600,641605,641601,641561
5,641760,641794,641800,641796,641756
7,641920,641989,641995,641990,641951
12,642170,642183,642191,642185,642146
8,642400,642378,642386,642379,642341
1,642580,642572,642581,642574,642536
6,642800,642767,642776,642768,642731
10,642980,642961,642971,642963,642926
4,643170,643155,643166,643157,643121
11,643350,643350,643361,643352,643316
2,643550,643544,643556,643546,643511
9,643730,643739,643751,643741,643706
3,643930,643933,643946,643935,643900
7,644090,644128,644142,644130,644095
5,644340,644322,644337,644324,644290
12,644530,644517,644532,644518,644485
1,644920,644899,644898,644886,644875
8,645130,645092,645093,645080,645070
6,645330,645285,645287,645274,645265
4,645500,645478,645482,645468,645460
10,645650,645671,645676,645662,645655
2,645840,645864,645870,645857,645850
11,646050,646057,646065,646051,646045
3,646200,646250,646259,646245,646239
9,646410,646444,646454,646439,646434
5,646630,646637,646648,646633,646629
7,646790,646830,646842,646827,646824
12,647000,647023,647037,647022,647019
1,647230,647216,647231,647216,647214
6,647400,647409,647426,647410,647409
8,647610,647602,647620,647604,647604
10,647820,647795,647814,647798,647799
4,648000,647988,648009,647993,647994
11,648170,648181,648203,648187,648189
2,648370,648375,648398,648381,648384
9,648590,648568,648592,648575,648579
3,648770,648761,648786,648769,648773
7,648940,648954,648981,648963,648968
5,649150,649147,649175,649158,649163
12,649350,649340,649369,649352,649358
6,649780,649735,649747,649734,649748
1,649990,649930,649941,649929,649943
8,650160,650124,650135,650123,650138
4,650360,650318,650329,650318,650333
10,650520,650512,650523,650512,650528
2,650660,650706,650717,650707,650723
11,650880,650900,650911,650901,650918
3,651050,651095,651105,651096,651112
9,651260,651289,651299,651290,651307
5,651420,651483,651493,651485,651502
7,651610,651677,651687,651679,651697
12,651860,651871,651882,651874,651892
6,652040,652066,652076,652068,652087
8,652280,652260,652270,652263,652282
1,652470,652454,652464,652457,652477
10,652700,652648,652658,652652,652672
4,652940,652842,652852,652846,652867
11,653030,653036,653046,653041,653062
2,653230,653231,653240,653235,653257
9,653460,653425,653434,653430,653452
3,653640,653619,653628,653624,653646
7,653780,653813,653822,653819,653841
5,653970,654007,654016,654013,654036
12,654210,654201,654210,654207,654231
8,654610,654589,654595,654584,654621
6,654770,654783,654789,654778,654816
10,654990,654977,654983,654973,655011
1,655170,655172,655177,655168,655206
11,655360,655366,655371,655363,655401
4,655600,655560,655565,655557,655596
9,655770,655755,655759,655752,655791
2,655930,655949,655953,655947,655985
7,656110,656143,656147,656142,656180
3,656330,656338,656341,656336,656375
5,656500,656532,656535,656531,656570
12,656720,656726,656729,656726,656765
8,656920,656921,656923,656921,656960
10,657120,657115,657117,657115,657155
6,657290,657309,657311,657310,657350
11,657500,657503,657505,657505,657545
1,657740,657698,657699,657700,657740
9,657880,657892,657893,657894,657935
4,658110,658086,658087,658089,658130
7,658260,658281,658281,658284,658324
2,658460,658475,658475,658479,658519
5,658660,658669,658669,658673,658714
3,658870,658864,658863,658868,658909
12,659090,659058,659057,659063,659104
10,659460,659446,659451,659449,659494
8,659710,659641,659645,659644,659689
11,659840,659836,659840,659839,659884
6,659990,660031,660034,660033,660079
9,660220,660226,660228,660228,660274
1,660450,660421,660422,660423,660469
7,660600,660616,660616,660618,660664
4,660810,660811,660811,660812,660858
5,660970,661006,661005,661007,661053
2,661160,661201,661199,661202,661248
3,661370,661396,661393,661396,661443
12,661570,661591,661587,661591,661638
10,661770,661786,661782,661786,661833
11,661960,661981,661976,661980,662028
8,662180,662176,662170,662175,662223
9,662390,662371,662364,662370,662418
6,662560,662566,662558,662564,662613
7,662780,662761,662753,662759,662808
1,662970,662956,662947,662954,663003
5,663190,663151,663141,663149,663197
4,663380,663346,663335,663343,663392
3,663530,663541,663529,663538,663587
2,663730,663736,663724,663733,663782
12,663930,663931,663918,663927,663977
11,664290,664310,664305,664305,664367
10,664500,664504,664500,664499,664562
9,664700,664698,664694,664693,664757
8,664930,664892,664888,664887,664952
7,665080,665086,665082,665081,665147
6,665280,665280,665276,665276,665342
5,665480,665473,665471,665470,665537
1,665660,665667,665665,665664,665731
3,665860,665861,665859,665858,665926
4,666070,666055,666053,666052,666121
2,666230,666249,666247,666247,666316
12,666440,666443,666441,666441,666511
11,666610,666637,666636,666635,666706
9,666810,666831,666830,666829,666901
10,667020,667025,667024,667023,667096
7,667200,667219,667218,667218,667291
8,667410,667412,667412,667412,667486
5,667590,667606,667606,667606,667681
6,667800,667800,667801,667800,667876
3,667990,667994,667995,667994,668070
1,668160,668188,668189,668189,668265
2,668360,668382,668383,668383,668460
4,668610,668576,668577,668577,668655
12,668830,668770,668772,668771,668850
9,669140,669148,669153,669141,669240
11,669360,669342,669347,669336,669435
7,669550,669536,669541,669530,669630
10,669750,669730,669735,669725,669825
5,669920,669925,669929,669919,670020
8,670100,670119,670123,670114,670215
3,670280,670313,670317,670309,670410
6,670470,670507,670511,670503,670604
2,670670,670701,670705,670698,670799
1,670880,670896,670899,670892,670994
4,671040,671090,671093,671087,671189
12,671270,671284,671287,671281,671384
9,671500,671478,671481,671476,671579
7,671680,671673,671675,671671,671774
11,671870,671867,671869,671865,671969
5,672100,672061,672063,672060,672164
10,672290,672255,672257,672254,672359
3,672420,672450,672451,672449,672554
8,672630,672644,672645,672643,672749
2,672810,672838,672839,672838,672943
6,673010,673032,673033,673033,673138
4,673280,673227,673227,673227,673333
1,673450,673421,673422,673422,673528
12,673620,673615,673616,673616,673723
7,674000,674002,674010,674004,674113
9,674220,674197,674204,674199,674308
5,674420,674392,674398,674394,674503
11,674590,674587,674592,674589,674698
3,674760,674782,674787,674784,674893
10,674970,674978,674981,674979,675088
2,675160,675173,675175,675174,675283
8,675390,675368,675369,675369,675477
4,675550,675563,675563,675564,675672
6,675780,675758,675758,675759,675867
1,675960,675953,675952,675954,676062
12,676140,676148,676146,676149,676257
7,676290,676344,676340,676344,676452
5,676550,676539,676535,676539,676647
9,676740,676734,676729,676734,676842
3,676900,676929,676923,676929,677037
11,677150,677124,677117,677124,677232
2,677310,677319,677311,677319,677427
10,677500,677514,677506,677514,677622
4,677700,677710,677700,677709,677816
8,677920,677905,677894,677904,678011
1,678080,678100,678088,678099,678206
6,678290,678295,678283,678294,678401
12,678550,678490,678477,678489,678596
5,678880,678869,678870,678862,678986
7,679040,679064,679064,679058,679181
3,679240,679258,679258,679253,679376
9,679430,679453,679453,679448,679571
2,679630,679648,679647,679643,679766
11,679890,679843,679842,679838,679961
4,680060,680038,680036,680034,680155
10,680220,680232,680230,680229,680350
1,680420,680427,680425,680424,680545
8,680600,680622,680619,680619,680740
6,680840,680817,680813,680815,680935
12,681020,681012,681008,681010,681130
5,681190,681206,681202,681205,681325
3,681420,681401,681397,681400,681520
7,681600,681596,681591,681596,681715
2,681770,681791,681785,681791,681910
9,681960,681986,681980,681986,682105
4,682200,682180,682174,682181,682300
11,682380,682375,682368,682377,682495
1,682530,682570,682563,682572,682689
10,682750,682765,682757,682767,682884
6,682970,682960,682952,682962,683079
8,683150,683154,683146,683157,683274
12,683390,683349,683340,683353,683469
3,683750,683737,683741,683739,683859
5,683950,683933,683936,683934,684054
2,684130,684129,684131,684130,684249
7,684310,684324,684325,684326,684444
4,684520,684520,684520,684521,684639
9,684730,684716,684715,684717,684834
1,684910,684911,684910,684912,685028
11,685100,685107,685104,685108,685223
6,685350,685302,685299,685304,685418
10,685480,685498,685494,685499,685613
8,685670,685694,685688,685695,685808
12,685880,685889,685883,685891,686003
3,686090,686085,686078,686086,686198
2,686270,686280,686273,686282,686393
5,686480,686476,686467,686477,686588
4,686670,686672,686662,686673,686783
7,686880,686867,686857,686869,686978
1,687090,687063,687052,687064,687173
9,687230,687258,687246,687260,687368
6,687450,687454,687441,687456,687562
11,687620,687650,687636,687651,687757
8,687830,687845,687831,687847,687952
10,688070,688041,688025,688042,688147
12,688260,688237,688220,688238,688342
2,688650,688624,688619,688622,688732
3,688850,688819,688814,688817,688927
4,689030,689014,689009,689013,689122
5,689200,689209,689204,689208,689317
1,689430,689404,689399,689403,689512
7,689570,689599,689594,689599,689707
6,689800,689794,689789,689794,689901
9,689990,689989,689984,689990,690096
8,690190,690185,690179,690185,690291
11,690350,690380,690374,690380,690486
10,690560,690575,690569,690576,690681
12,690770,690770,690764,690771,690876
2,690950,690965,690959,690966,691071
4,691170,691160,691154,691162,691266
3,691360,691355,691349,691357,691461
1,691560,691550,691544,691553,691656
5,691710,691746,691739,691748,691851
6,691960,691941,691934,691943,692046
7,692150,692136,692129,692139,692241
8,692300,692331,692324,692334,692435
9,692510,692526,692519,692529,692630
10,692730,692721,692714,692725,692825
11,692920,692916,692909,692920,693020
12,693140,693112,693104,693115,693215
4,693530,693497,693494,693493,693605
2,693730,693692,693689,693688,693800
1,693950,693887,693884,693883,693995
3,694060,694081,694079,694078,694190
6,694270,694276,694274,694273,694385
5,694450,694471,694469,694469,694580
8,694620,694665,694664,694664,694774
7,694780,694860,694859,694859,694969
10,695020,695055,695054,695054,695164
9,695240,695249,695249,695249,695359
11,695460,695444,695444,695444,695554
12,695680,695639,695639,695639,695749
4,695850,695834,695834,695834,695944
1,696050,696028,696029,696029,696139
2,696230,696223,696224,696224,696334
6,696460,696418,696419,696419,696529
3,696580,696612,696614,696615,696724
8,696800,696807,696809,696810,696919
5,697000,697002,697004,697005,697114
10,697170,697197,697199,697200,697308
7,697370,697391,697394,697395,697503
11,697590,697586,697589,697590,697698
9,697780,697781,697784,697785,697893
12,698010,697975,697979,697980,698088
1,698390,698360,698365,698359,698478
4,698570,698555,698560,698554,698673
2,698760,698751,698755,698749,698868
3,698960,698946,698950,698944,699063
6,699140,699141,699144,699140,699258
5,699330,699336,699339,699335,699453
8,699490,699531,699534,699530,699647
7,699680,699726,699729,699725,699842
10,699880,699921,699924,699920,700037
9,700070,700116,700119,700115,700232
11,700300,700311,700314,700311,700427
12,700500,700506,700509,700506,700622
1,700720,700701,700704,700701,700817
2,700920,700896,700898,700896,701012
4,701110,701091,701093,701091,701207
6,701320,701286,701288,701286,701402
3,701480,701481,701483,701482,701597
8,701720,701676,701678,701677,701792
5,701920,701871,701873,701872,701987
10,702090,702066,702068,702067,702181
7,702230,702261,702263,702262,702376
11,702440,702456,702458,702458,702571
9,702630,702652,702652,702653,702766
12,702830,702847,702847,702848,702961
2,703270,703230,703236,703226,703351
1,703470,703425,703431,703422,703546
4,703630,703621,703626,703617,703741
3,703800,703816,703820,703813,703936
6,703990,704011,704015,704008,704131
5,704180,704207,704210,704204,704326
8,704380,704402,704405,704400,704520
7,704560,704597,704600,704595,704715
10,704780,704792,704795,704791,704910
9,704960,704988,704990,704986,705105
11,705180,705183,705184,705182,705300
12,705400,705378,705379,705378,705495
2,705530,705574,705574,705573,705690
4,705800,705769,705769,705769,705885
1,705970,705964,705964,705964,706080
6,706150,706159,706159,706160,706275
3,706370,706355,706354,706356,706470
8,706560,706550,706549,706551,706665
5,706760,706745,706743,706747,706859
10,706940,706941,706938,706942,707054
7,707160,707136,707133,707138,707249
11,707320,707331,707328,707334,707444
9,707510,707526,707523,707529,707639
12,707740,707722,707718,707725,707834
4,708130,708111,708115,708112,708224
2,708340,708306,708310,708308,708419
6,708500,708502,708505,708504,708614
1,708720,708698,708700,708700,708809
8,708880,708894,708895,708895,709004
3,709090,709090,709090,709091,709199
10,709250,709285,709286,709287,709393
5,709470,709481,709481,709482,709588
11,709660,709677,709676,709678,709783
7,709850,709873,709871,709874,709978
9,710070,710069,710066,710070,710173
12,710290,710264,710261,710265,710368
4,710490,710460,710456,710461,710563
6,710680,710656,710651,710657,710758
2,710860,710852,710846,710853,710953
8,711010,711048,711041,711048,711148
1,711250,711243,711237,711244,711343
10,711420,711439,711432,711440,711538
3,711630,711635,711627,711636,711732
11,711800,711831,711822,711831,711927
5,712050,712026,712017,712027,712122
9,712230,712222,712212,712223,712317
7,712410,712418,712407,712419,712512
12,712640,712614,712602,712614,712707
6,713020,713000,712995,712996,713097
4,713240,713195,713191,713191,713292
8,713400,713390,713386,713387,713487
2,713560,713585,713581,713582,713682
10,713760,713780,713776,713777,713877
1,713980,713975,713971,713973,714072
11,714170,714170,714166,714168,714266
3,714360,714365,714362,714363,714461
9,714530,714560,714557,714559,714656
5,714740,714755,714752,714754,714851
7,714950,714949,714947,714949,715046
12,715120,715144,715142,715145,715241
6,715340,715339,715337,715340,715436
8,715570,715534,715533,715536,715631
4,715770,715729,715728,715731,715826
10,715930,715924,715923,715926,716021
2,716120,716119,716118,716122,716216
11,716300,716314,716313,716317,716411
1,716540,716509,716508,716512,716605
9,716660,716704,716704,716708,716800
3,716890,716899,716899,716903,716995
7,717100,717094,717094,717098,717190
5,717290,717289,717289,717294,717385
12,717480,717484,717484,717489,717580
8,717850,717867,717871,717871,717970
6,718080,718062,718066,718065,718165
10,718250,718257,718261,718260,718360
4,718470,718453,718456,718455,718555
11,718650,718648,718651,718650,718750
2,718850,718843,718846,718845,718945
9,719030,719038,719041,719040,719139
1,719230,719234,719236,719234,719334
7,719450,719429,719432,719429,719529
3,719630,719624,719627,719624,719724
5,719790,719819,719822,719819,719919
12,719990,720015,720017,720014,720114
8,720160,720210,720212,720209,720309
10,720390,720405,720407,720404,720504
6,720590,720601,720602,720598,720699
11,720770,720796,720797,720793,720894
4,721010,720991,720992,720988,721089
9,721210,721186,721187,721183,721284
2,721380,721382,721382,721378,721478
7,721600,721577,721577,721573,721673
1,721780,721772,721772,721767,721868
5,721980,721967,721968,721962,722063
3,722150,722163,722163,722157,722258
12,722380,722358,722358,722352,722453
10,722710,722732,722735,722732,722843
8,722920,722926,722929,722926,723038
11,723110,723121,723124,723120,723233
6,723330,723315,723319,723314,723428
9,723500,723509,723514,723508,723623
4,723720,723704,723708,723703,723818
7,723880,723898,723903,723897,724012
2,724090,724093,724098,724091,724207
5,724290,724287,724292,724285,724402
1,724520,724482,724487,724479,724597
3,724660,724676,724682,724673,724792
12,724840,724870,724877,724868,724987
10,725030,725065,725071,725062,725182
11,725240,725259,725266,725256,725377
8,725440,725454,725461,725450,725572
9,725650,725648,725656,725644,725767
6,725840,725843,725850,725838,725962
7,726020,726037,726045,726032,726157
4,726220,726231,726240,726227,726351
5,726430,726426,726434,726421,726546
2,726640,726620,726629,726615,726741
3,726820,726815,726824,726809,726936
1,727020,727009,727019,727003,727131
12,727230,727204,727213,727197,727326
11,727570,727572,727582,727564,727716
10,727750,727766,727776,727759,727911
9,727950,727960,727970,727953,728106
8,728170,728155,728164,728147,728301
7,728300,728349,728359,728342,728496
6,728540,728543,728553,728536,728691
5,728750,728737,728747,728731,728885
4,728930,728931,728941,728925,729080
3,729080,729125,729135,729119,729275
2,729280,729319,729329,729314,729470
1,729490,729513,729524,729508,729665
12,729700,729707,729718,729702,729860
11,729890,729901,729912,729897,730055
9,730100,730095,730106,730091,730250
10,730300,730289,730300,730286,730445
7,730480,730483,730494,730480,730640
8,730710,730677,730688,730674,730835
5,730890,730871,730883,730869,731030
6,731100,731065,731077,731063,731224
3,731230,731259,731271,731257,731419
4,731450,731453,731465,731452,731614
1,731640,731647,731659,731646,731809
2,731840,731841,731853,731841,732004
12,732050,732035,732048,732035,732199
9,732420,732417,732434,732419,732589
11,732630,732612,732628,732614,732784
7,732810,732808,732822,732809,732979
10,733020,733003,733016,733004,733174
5,733200,733198,733210,733200,733369
8,733410,733394,733404,733395,733563
3,733590,733589,733598,733590,733758
6,733720,733784,733793,733785,733953
1,733990,733980,733987,733980,734148
4,734160,734175,734181,734175,734343
2,734330,734370,734375,734371,734538
12,734530,734565,734569,734566,734733
9,734760,734761,734763,734761,734928
7,734960,734956,734957,734956,735123
11,735160,735151,735152,735151,735318
5,735360,735347,735346,735346,735513
10,735550,735542,735540,735542,735708
3,735750,735737,735734,735737,735903
8,735950,735933,735928,735932,736097
1,736150,736128,736122,736127,736292
6,736360,736323,736316,736322,736487
2,736500,736519,736511,736518,736682
4,736700,736714,736705,736713,736877
12,736910,736909,736899,736908,737072
7,737300,737286,737297,737292,737462
9,737480,737482,737491,737487,737657
5,737650,737678,737686,737683,737852
11,737890,737874,737880,737878,738047
3,738040,738070,738075,738073,738242
10,738250,738266,738269,738269,738436
1,738470,738462,738464,738464,738631
8,738720,738658,738658,738659,738826
2,738870,738854,738853,738855,739021
6,739070,739050,739047,739050,739216
4,739260,739246,739242,739245,739411
12,739390,739442,739436,739441,739606
7,739610,739638,739631,739636,739801
5,739810,739834,739825,739831,739996
9,740000,740030,740019,740027,740191
3,740200,740226,740214,740222,740386
11,740390,740422,740408,740417,740581
1,740570,740617,740603,740613,740776
10,740820,740813,740797,740808,740970
2,741010,741009,740992,741003,741165
8,741220,741205,741186,741199,741360
4,741440,741401,741381,741394,741555
6,741630,741597,741575,741589,741750
12,741830,741793,741770,741785,741945
5,742180,742165,742166,742159,742335
7,742330,742361,742361,742355,742530
3,742550,742556,742555,742551,742725
9,742730,742751,742750,742746,742920
1,742970,742946,742945,742942,743115
11,743140,743142,743140,743138,743309
2,743340,743337,743334,743333,743504
10,743530,743532,743529,743529,743699
4,743740,743728,743724,743725,743894
8,743910,743923,743918,743920,744089
6,744050,744118,744113,744116,744284
12,744300,744314,744308,744312,744479
5,744510,744509,744503,744507,744674
3,744710,744704,744697,744703,744869
7,744920,744900,744892,744899,745064
1,745130,745095,745087,745094,745259
9,745300,745290,745282,745290,745454
2,745490,745485,745476,745486,745649
11,745700,745681,745671,745681,745843
4,745890,745876,745866,745877,746038
10,746080,746071,746060,746073,746233
6,746220,746267,746255,746268,746428
8,746440,746462,746450,746464,746623
12,746670,746657,746645,746660,746818
3,747070,747045,747048,747047,747208
5,747260,747241,747243,747243,747403
1,747490,747437,747438,747439,747598
7,747620,747633,747633,747635,747793
2,747820,747829,747828,747831,747988
9,748030,748025,748023,748027,748182
4,748220,748221,748219,748223,748377
11,748410,748417,748414,748419,748572
6,748620,748613,748609,748615,748767
10,748760,748808,748804,748811,748962
8,749020,749004,748999,749007,749157
12,749170,749200,749194,749203,749352
3,749400,749396,749389,749399,749547
1,749600,749592,749584,749595,749742
5,749790,749788,749780,749791,749937
2,749970,749984,749975,749987,750132
7,750220,750180,750170,750184,750327
4,750430,750376,750365,750380,750522
9,750580,750572,750560,750576,750716
6,750790,750768,750755,750772,750911
11,750940,750964,750950,750968,751106
8,751150,751160,751145,751164,751301
10,751310,751356,751340,751360,751496
12,751560,751552,751536,751556,751691
1,751930,751941,751937,751940,752081
3,752190,752136,752132,752136,752276
2,752360,752332,752328,752332,752471
5,752530,752527,752523,752528,752666
4,752780,752723,752719,752724,752861
7,752890,752918,752914,752920,753055
6,753100,753114,753109,753115,753250
9,753300,753309,753305,753311,753445
8,753570,753505,753500,753507,753640
11,753710,753701,753696,753703,753835
10,753850,753896,753891,753899,754030
12,754070,754092,754086,754095,754225
1,754270,754287,754282,754290,754420
2,754480,754483,754477,754486,754615
3,754660,754678,754673,754682,754810
4,754910,754874,754868,754878,755005
5,755090,755069,755063,755074,755200
6,755280,755265,755259,755270,755394
7,755450,755460,755454,755465,755589
8,755620,755656,755650,755661,755784
9,755860,755851,755845,755857,755979
10,756010,756047,756040,756053,756174
11,756240,756243,756236,756249,756369
12,756470,756438,756431,756445,756564
1,756870,756829,756823,756823,756954
2,757060,757024,757019,757019,757149
3,757240,757219,757214,757214,757344
4,757430,757414,757410,757410,757539
5,757610,757609,757605,757605,757734
6,757790,757803,757800,757801,757928
7,757950,757998,757996,757997,758123
8,758180,758193,758191,758192,758318
9,758370,758388,758386,758388,758513
10,758560,758582,758582,758583,758708
11,758770,758777,758777,758779,758903
12,759000,758972,758973,758975,759098
1,759230,759167,759168,759170,759293
2,759420,759362,759363,759366,759488
3,759590,759556,759559,759562,759683
4,759740,759751,759754,759757,759878
5,759950,759946,759950,759953,760073
6,760130,760141,760145,760148,760267
7,760340,760335,760340,760344,760462
8,760470,760530,760536,760540,760657
9,760700,760725,760731,760735,760852
10,760910,760920,760926,760931,761047
11,761090,761115,761122,761126,761242
12,761340,761309,761317,761322,761437
1,761750,761701,761707,761703,761827
2,761940,761897,761902,761899,762022
3,762110,762092,762097,762094,762217
4,762320,762288,762293,762290,762412
5,762510,762484,762488,762485,762607
6,762680,762679,762684,762681,762801
7,762850,762875,762879,762877,762996
8,763020,763070,763074,763072,763191
9,763230,763266,763270,763268,763386
10,763430,763462,763465,763463,763581
11,763650,763657,763660,763659,763776
12,763860,763853,763856,763855,763971
1,764030,764048,764051,764050,764166
2,764240,764244,764246,764246,764361
3,764430,764440,764442,764442,764556
4,764640,764635,764637,764637,764751
5,764830,764831,764832,764833,764946
6,765030,765026,765028,765028,765140
7,765220,765222,765223,765224,765335
8,765380,765418,765418,765420,765530
9,765600,765613,765614,765615,765725
10,765780,765809,765809,765811,765920
11,766020,766005,766004,766006,766115
12,766310,766200,766200,766202,766310
